record_id,variant_norm,variant_type,context_status,context_key,expressed_yes,km_value,kcat_value,reported_efficiency,efficiency_source,derived_efficiency,reference_km_value,reference_kcat_value,reported_reference_efficiency,reference_efficiency_source,derived_reference_efficiency,unit_status,row_audit_status,quarantine_reason_codes,flag_reason_codes,sequence_validation_status,expected_sequence_sha256
1940,WT,WT,PRESENT,group_0001,true,4.51661,1664.0599999999999,368.43200000000002,kcat_div_KM,368.4311906496244,,,,missing,,PASS_HEADER_DECLARED,REFERENCE_ONLY,,,PASS_SUPPLIED,020ae82ebb6680d63d43e7266e2f6dc244539526a0095a69cf96bf3150cc337e
2556,WT,WT,PRESENT,group_0002,true,1.54451,495.47800000000001,320.80000000000001,kcat_div_KM,320.79947685673773,,,,missing,,PASS_HEADER_DECLARED,REFERENCE_ONLY,,ID_JOIN_MISSING,PASS_REGENERATED,020ae82ebb6680d63d43e7266e2f6dc244539526a0095a69cf96bf3150cc337e
2557,WT,WT,PRESENT,group_0003,true,2.1197400000000002,387.53399999999999,182.822,kcat_div_KM,182.8214781058054,,,,missing,,PASS_HEADER_DECLARED,REFERENCE_ONLY,,ID_JOIN_MISSING,PASS_REGENERATED,020ae82ebb6680d63d43e7266e2f6dc244539526a0095a69cf96bf3150cc337e
1930,WT,WT,PRESENT,group_0004,true,8.4970999999999997,564.17899999999997,66.396600000000007,kcat_div_KM,66.396652975721125,,,,missing,,PASS_HEADER_DECLARED,REFERENCE_ONLY,,ID_JOIN_MISSING,PASS_REGENERATED,020ae82ebb6680d63d43e7266e2f6dc244539526a0095a69cf96bf3150cc337e
1653,WT,WT,PRESENT,group_0005,true,4.1676099999999998,177.327,42.5488,kcat_div_KM,42.548846941052545,,,,missing,,PASS_HEADER_DECLARED,REFERENCE_ONLY,,ID_JOIN_MISSING,PASS_REGENERATED,020ae82ebb6680d63d43e7266e2f6dc244539526a0095a69cf96bf3150cc337e
1678,WT,WT,PRESENT,group_0006,true,2.88747,107.35599999999999,37.18,kcat_div_KM,37.179953384797066,,,,missing,,PASS_HEADER_DECLARED,REFERENCE_ONLY,,ID_JOIN_MISSING,PASS_REGENERATED,020ae82ebb6680d63d43e7266e2f6dc244539526a0095a69cf96bf3150cc337e
1681,WT,WT,PRESENT,group_0007,true,3.64229,152.50899999999999,41.871699999999997,kcat_div_KM,41.871734540632403,,,,missing,,PASS_HEADER_DECLARED,REFERENCE_ONLY,,ID_JOIN_MISSING,PASS_REGENERATED,020ae82ebb6680d63d43e7266e2f6dc244539526a0095a69cf96bf3150cc337e
1696,WT,WT,PRESENT,group_0008,true,4.1284900000000002,156.98599999999999,38.025100000000002,kcat_div_KM,38.025040632289283,,,,missing,,PASS_HEADER_DECLARED,REFERENCE_ONLY,,ID_JOIN_MISSING,PASS_REGENERATED,020ae82ebb6680d63d43e7266e2f6dc244539526a0095a69cf96bf3150cc337e
1700,WT,WT,PRESENT,group_0009,true,4.0397999999999996,207.24600000000001,51.301000000000002,kcat_div_KM,51.3010545076489,,,,missing,,PASS_HEADER_DECLARED,REFERENCE_ONLY,,ID_JOIN_MISSING,PASS_REGENERATED,020ae82ebb6680d63d43e7266e2f6dc244539526a0095a69cf96bf3150cc337e
1714,WT,WT,PRESENT,group_0010,true,5.7357100000000001,401.18000000000001,69.944299999999998,kcat_div_KM,69.944261477654905,,,,missing,,PASS_HEADER_DECLARED,REFERENCE_ONLY,,ID_JOIN_MISSING,PASS_REGENERATED,020ae82ebb6680d63d43e7266e2f6dc244539526a0095a69cf96bf3150cc337e
1715,WT,WT,PRESENT,group_0011,true,3.7582900000000001,174.99100000000001,46.561199999999999,kcat_div_KM,46.561335075260295,,,,missing,,PASS_HEADER_DECLARED,REFERENCE_ONLY,,ID_JOIN_MISSING,PASS_REGENERATED,020ae82ebb6680d63d43e7266e2f6dc244539526a0095a69cf96bf3150cc337e
2523,WT,WT,PRESENT,group_0012,true,4.0309900000000001,402.166,99.768699999999995,kcat_div_KM,99.768543211469137,,,,missing,,PASS_HEADER_DECLARED,REFERENCE_ONLY,,ID_JOIN_MISSING,PASS_REGENERATED,020ae82ebb6680d63d43e7266e2f6dc244539526a0095a69cf96bf3150cc337e
1772,WT,WT,PRESENT,group_0013,true,4.1197999999999997,666.22500000000002,161.71299999999999,kcat_div_KM,161.71294723044809,,,,missing,,PASS_HEADER_DECLARED,REFERENCE_ONLY,,ID_JOIN_MISSING,PASS_REGENERATED,020ae82ebb6680d63d43e7266e2f6dc244539526a0095a69cf96bf3150cc337e
1785,WT,WT,PRESENT,group_0014,true,4.2845199999999997,677.98599999999999,158.24100000000001,kcat_div_KM,158.24082977789811,,,,missing,,PASS_HEADER_DECLARED,REFERENCE_ONLY,,ID_JOIN_MISSING,PASS_REGENERATED,020ae82ebb6680d63d43e7266e2f6dc244539526a0095a69cf96bf3150cc337e
1497,WT,WT,PRESENT,group_0015,true,,,88.974199999999996,reported_kcatKM,88.974199999999996,,,,missing,,PASS_HEADER_DECLARED,REFERENCE_ONLY,,ID_JOIN_MISSING,PASS_REGENERATED,020ae82ebb6680d63d43e7266e2f6dc244539526a0095a69cf96bf3150cc337e
1513,WT,WT,PRESENT,group_0016,true,4.1164300000000003,162.31800000000001,39.431800000000003,kcat_div_KM,39.431740610188925,,,,missing,,PASS_HEADER_DECLARED,REFERENCE_ONLY,,ID_JOIN_MISSING,PASS_REGENERATED,020ae82ebb6680d63d43e7266e2f6dc244539526a0095a69cf96bf3150cc337e
1536,WT,WT,PRESENT,group_0017,true,5.0862600000000002,451.97300000000001,88.861699999999999,kcat_div_KM,88.861560360657933,,,,missing,,PASS_HEADER_DECLARED,REFERENCE_ONLY,,ID_JOIN_MISSING,PASS_REGENERATED,020ae82ebb6680d63d43e7266e2f6dc244539526a0095a69cf96bf3150cc337e
1539,WT,WT,PRESENT,group_0018,true,3.8162199999999999,360.74599999999998,94.529700000000005,kcat_div_KM,94.529665480501649,,,,missing,,PASS_HEADER_DECLARED,REFERENCE_ONLY,,ID_JOIN_MISSING,PASS_REGENERATED,020ae82ebb6680d63d43e7266e2f6dc244539526a0095a69cf96bf3150cc337e
1550,WT,WT,PRESENT,group_0019,true,9.3487100000000005,432.09199999999998,46.2194,kcat_div_KM,46.219424926005829,,,,missing,,PASS_HEADER_DECLARED,REFERENCE_ONLY,,ID_JOIN_MISSING,PASS_REGENERATED,020ae82ebb6680d63d43e7266e2f6dc244539526a0095a69cf96bf3150cc337e
1557,WT,WT,PRESENT,group_0020,true,4.1523700000000003,347.53500000000003,83.695700000000002,kcat_div_KM,83.695576261267661,,,,missing,,PASS_HEADER_DECLARED,REFERENCE_ONLY,,ID_JOIN_MISSING,PASS_REGENERATED,020ae82ebb6680d63d43e7266e2f6dc244539526a0095a69cf96bf3150cc337e
1561,WT,WT,PRESENT,group_0021,true,7.4126099999999999,1527.6400000000001,206.08600000000001,kcat_div_KM,206.08665503783419,,,,missing,,PASS_HEADER_DECLARED,REFERENCE_ONLY,,ID_JOIN_MISSING,PASS_REGENERATED,020ae82ebb6680d63d43e7266e2f6dc244539526a0095a69cf96bf3150cc337e
1562,WT,WT,PRESENT,group_0021,true,7.7568099999999998,1552.97,200.20699999999999,kcat_div_KM,200.20730171294645,,,,missing,,PASS_HEADER_DECLARED,REFERENCE_ONLY,,ID_JOIN_MISSING,PASS_REGENERATED,020ae82ebb6680d63d43e7266e2f6dc244539526a0095a69cf96bf3150cc337e
1309,WT,WT,PRESENT,group_0022,true,2.1977600000000002,123.761,56.312399999999997,kcat_div_KM,56.312336196854972,,,,missing,,PASS_HEADER_DECLARED,REFERENCE_ONLY,,ID_JOIN_MISSING,PASS_REGENERATED,020ae82ebb6680d63d43e7266e2f6dc244539526a0095a69cf96bf3150cc337e
1316,WT,WT,PRESENT,group_0023,true,5.4586699999999997,169.16800000000001,30.9907,kcat_div_KM,30.99069919962189,,,,missing,,PASS_HEADER_DECLARED,REFERENCE_ONLY,,ID_JOIN_MISSING,PASS_REGENERATED,020ae82ebb6680d63d43e7266e2f6dc244539526a0095a69cf96bf3150cc337e
1323,WT,WT,PRESENT,group_0021,true,8.85731,1067.6700000000001,120.541,kcat_div_KM,120.5411123693311,,,,missing,,PASS_HEADER_DECLARED,REFERENCE_ONLY,,ID_JOIN_MISSING,PASS_REGENERATED,020ae82ebb6680d63d43e7266e2f6dc244539526a0095a69cf96bf3150cc337e
1325,WT,WT,PRESENT,group_0021,true,6.4769899999999998,867.697,133.96600000000001,kcat_div_KM,133.96608609863532,,,,missing,,PASS_HEADER_DECLARED,REFERENCE_ONLY,,ID_JOIN_MISSING,PASS_REGENERATED,020ae82ebb6680d63d43e7266e2f6dc244539526a0095a69cf96bf3150cc337e
1327,WT,WT,PRESENT,group_0021,true,7.9390599999999996,1050.8699999999999,132.36600000000001,kcat_div_KM,132.36705604945672,,,,missing,,PASS_HEADER_DECLARED,REFERENCE_ONLY,,ID_JOIN_MISSING,PASS_REGENERATED,020ae82ebb6680d63d43e7266e2f6dc244539526a0095a69cf96bf3150cc337e
1332,WT,WT,PRESENT,group_0024,true,5.5092499999999998,173.524,31.4968,kcat_div_KM,31.496846213186913,,,,missing,,PASS_HEADER_DECLARED,REFERENCE_ONLY,,ID_JOIN_MISSING,PASS_REGENERATED,020ae82ebb6680d63d43e7266e2f6dc244539526a0095a69cf96bf3150cc337e
3354,WT,WT,PRESENT,group_0025,true,4.8565300000000002,278.334,57.311399999999999,kcat_div_KM,57.311290159846635,,,,missing,,PASS_HEADER_DECLARED,REFERENCE_ONLY,,ID_JOIN_MISSING,PASS_REGENERATED,020ae82ebb6680d63d43e7266e2f6dc244539526a0095a69cf96bf3150cc337e
1352,WT,WT,PRESENT,group_0026,true,5.1499600000000001,182.22399999999999,35.383499999999998,kcat_div_KM,35.383575794763452,,,,missing,,PASS_HEADER_DECLARED,REFERENCE_ONLY,,ID_JOIN_MISSING,PASS_REGENERATED,020ae82ebb6680d63d43e7266e2f6dc244539526a0095a69cf96bf3150cc337e
1362,WT,WT,PRESENT,group_0027,true,4.5601200000000004,349.62799999999999,76.6708,kcat_div_KM,76.670789365192135,,,,missing,,PASS_HEADER_DECLARED,REFERENCE_ONLY,,ID_JOIN_MISSING,PASS_REGENERATED,020ae82ebb6680d63d43e7266e2f6dc244539526a0095a69cf96bf3150cc337e
1363,WT,WT,PRESENT,group_0028,true,2.4904500000000001,327.05399999999997,131.32300000000001,kcat_div_KM,131.32325483346381,,,,missing,,PASS_HEADER_DECLARED,REFERENCE_ONLY,,ID_JOIN_MISSING,PASS_REGENERATED,020ae82ebb6680d63d43e7266e2f6dc244539526a0095a69cf96bf3150cc337e
1373,WT,WT,PRESENT,group_0029,true,4.4988400000000004,389.16699999999997,86.504000000000005,kcat_div_KM,86.503854326893148,,,,missing,,PASS_HEADER_DECLARED,REFERENCE_ONLY,,ID_JOIN_MISSING,PASS_REGENERATED,020ae82ebb6680d63d43e7266e2f6dc244539526a0095a69cf96bf3150cc337e
2568,WT,WT,PRESENT,group_0030,true,1.4007700000000001,568.68899999999996,405.98399999999998,kcat_div_KM,405.98313784561344,,,,missing,,PASS_HEADER_DECLARED,REFERENCE_ONLY,,ID_JOIN_MISSING,PASS_REGENERATED,020ae82ebb6680d63d43e7266e2f6dc244539526a0095a69cf96bf3150cc337e
2536,WT,WT,PRESENT,group_0031,true,1.3071299999999999,570.85900000000004,436.726,kcat_div_KM,436.72702791612164,,,,missing,,PASS_HEADER_DECLARED,REFERENCE_ONLY,,ID_JOIN_MISSING,PASS_REGENERATED,020ae82ebb6680d63d43e7266e2f6dc244539526a0095a69cf96bf3150cc337e
2535,WT,WT,PRESENT,group_0032,true,9.0604999999999993,1296.79,143.126,kcat_div_KM,143.12565531703549,,,,missing,,PASS_HEADER_DECLARED,REFERENCE_ONLY,,ID_JOIN_MISSING,PASS_REGENERATED,020ae82ebb6680d63d43e7266e2f6dc244539526a0095a69cf96bf3150cc337e
1953,WT,WT,PRESENT,group_0033,true,2.2026300000000001,294.63099999999997,133.76300000000001,kcat_div_KM,133.76327390437794,,,,missing,,PASS_HEADER_DECLARED,REFERENCE_ONLY,,ID_JOIN_MISSING,PASS_REGENERATED,020ae82ebb6680d63d43e7266e2f6dc244539526a0095a69cf96bf3150cc337e
813,WT,WT,PRESENT,group_0034,true,3.69543,356.15699999999998,96.377600000000001,kcat_div_KM,96.377688117485647,3.69543,356.15699999999998,96.377600000000001,kcat_div_KM,96.377688117485647,PASS_HEADER_DECLARED,REFERENCE_ONLY,,ID_JOIN_MISSING,PASS_REGENERATED,020ae82ebb6680d63d43e7266e2f6dc244539526a0095a69cf96bf3150cc337e
827,WT,WT,PLACEHOLDER_UNKNOWN,UNKNOWN,true,4.3552200000000001,688.00099999999998,157.97200000000001,kcat_div_KM,157.97158352505727,4.3552200000000001,688.00099999999998,157.97200000000001,kcat_div_KM,157.97158352505727,PASS_HEADER_DECLARED,REFERENCE_ONLY,,ID_JOIN_MISSING|MISSING_REQUIRED_FIELD,PASS_REGENERATED,020ae82ebb6680d63d43e7266e2f6dc244539526a0095a69cf96bf3150cc337e
836,WT,WT,PRESENT,group_0035,true,2.4080599999999999,246.517,102.372,kcat_div_KM,102.3716186473759,,,,missing,,PASS_HEADER_DECLARED,REFERENCE_ONLY,,ID_JOIN_MISSING,PASS_REGENERATED,020ae82ebb6680d63d43e7266e2f6dc244539526a0095a69cf96bf3150cc337e
933,WT,WT,PRESENT,group_0036,true,3.9322699999999999,860.62,218.86099999999999,kcat_div_KM,218.86086153799206,3.9322699999999999,860.62,218.86099999999999,kcat_div_KM,218.86086153799206,PASS_HEADER_DECLARED,REFERENCE_ONLY,,ID_JOIN_MISSING,PASS_REGENERATED,020ae82ebb6680d63d43e7266e2f6dc244539526a0095a69cf96bf3150cc337e
2574,WT,WT,PRESENT,group_0037,true,3.2734100000000002,419.15100000000001,128.047,kcat_div_KM,128.047204597041,,,,missing,,PASS_HEADER_DECLARED,REFERENCE_ONLY,,ID_JOIN_MISSING,PASS_REGENERATED,020ae82ebb6680d63d43e7266e2f6dc244539526a0095a69cf96bf3150cc337e
949,WT,WT,PRESENT,group_0038,true,4.9212999999999996,284.89299999999997,57.889800000000001,kcat_div_KM,57.889785219352611,,,,missing,,PASS_HEADER_DECLARED,REFERENCE_ONLY,,ID_JOIN_MISSING,PASS_REGENERATED,020ae82ebb6680d63d43e7266e2f6dc244539526a0095a69cf96bf3150cc337e
2572,WT,WT,PRESENT,group_0039,true,2.1389200000000002,509.88299999999998,238.38300000000001,kcat_div_KM,238.38338974809716,,,,missing,,PASS_HEADER_DECLARED,REFERENCE_ONLY,,ID_JOIN_MISSING,PASS_REGENERATED,020ae82ebb6680d63d43e7266e2f6dc244539526a0095a69cf96bf3150cc337e
2573,WT,WT,PRESENT,group_0040,true,4.1185499999999999,531.06399999999996,128.94499999999999,kcat_div_KM,128.94441004722535,,,,missing,,PASS_HEADER_DECLARED,REFERENCE_ONLY,,ID_JOIN_MISSING,PASS_REGENERATED,020ae82ebb6680d63d43e7266e2f6dc244539526a0095a69cf96bf3150cc337e
972,WT,WT,PRESENT,group_0041,true,4.9212999999999996,284.89299999999997,57.889800000000001,kcat_div_KM,57.889785219352611,4.9212999999999996,284.89299999999997,57.889800000000001,kcat_div_KM,57.889785219352611,PASS_HEADER_DECLARED,REFERENCE_ONLY,,ID_JOIN_MISSING,PASS_REGENERATED,020ae82ebb6680d63d43e7266e2f6dc244539526a0095a69cf96bf3150cc337e
983,WT,WT,PRESENT,group_0042,true,6.0865499999999999,264.36000000000001,43.433500000000002,kcat_div_KM,43.433472164033816,,,,missing,,PASS_HEADER_DECLARED,REFERENCE_ONLY,,ID_JOIN_MISSING,PASS_REGENERATED,020ae82ebb6680d63d43e7266e2f6dc244539526a0095a69cf96bf3150cc337e
1012,WT,WT,PRESENT,group_0043,true,6.0865499999999999,264.36000000000001,43.433500000000002,kcat_div_KM,43.433472164033816,6.0865499999999999,264.36000000000001,43.433500000000002,kcat_div_KM,43.433472164033816,PASS_HEADER_DECLARED,REFERENCE_ONLY,,ID_JOIN_MISSING,PASS_REGENERATED,020ae82ebb6680d63d43e7266e2f6dc244539526a0095a69cf96bf3150cc337e
1016,WT,WT,PRESENT,group_0044,true,11.323700000000001,291.36500000000001,25.730599999999999,kcat_div_KM,25.730547435908758,,,,missing,,PASS_HEADER_DECLARED,REFERENCE_ONLY,,ID_JOIN_MISSING,PASS_REGENERATED,020ae82ebb6680d63d43e7266e2f6dc244539526a0095a69cf96bf3150cc337e
1029,WT,WT,PRESENT,group_0045,true,3.3849800000000001,231.13200000000001,68.281700000000001,kcat_div_KM,68.281644204692498,3.3849800000000001,231.13200000000001,68.281700000000001,kcat_div_KM,68.281644204692498,PASS_HEADER_DECLARED,REFERENCE_ONLY,,ID_JOIN_MISSING,PASS_REGENERATED,020ae82ebb6680d63d43e7266e2f6dc244539526a0095a69cf96bf3150cc337e
1047,WT,WT,PRESENT,group_0046,true,7.03362,264.21199999999999,37.564100000000003,kcat_div_KM,37.564156152877182,7.03362,264.21199999999999,37.564100000000003,kcat_div_KM,37.564156152877182,PASS_HEADER_DECLARED,REFERENCE_ONLY,,ID_JOIN_MISSING,PASS_REGENERATED,020ae82ebb6680d63d43e7266e2f6dc244539526a0095a69cf96bf3150cc337e
1051,WT,WT,PRESENT,group_0046,true,6.7563000000000004,453.73700000000002,67.157600000000002,kcat_div_KM,67.157615854831789,6.7563000000000004,453.73700000000002,67.157600000000002,kcat_div_KM,67.157615854831789,PASS_HEADER_DECLARED,REFERENCE_ONLY,,ID_JOIN_MISSING,PASS_REGENERATED,020ae82ebb6680d63d43e7266e2f6dc244539526a0095a69cf96bf3150cc337e
1090,WT,WT,PRESENT,group_0047,true,6.7414300000000003,229.22300000000001,34.002200000000002,kcat_div_KM,34.002133078590148,,,,missing,,PASS_HEADER_DECLARED,REFERENCE_ONLY,,ID_JOIN_MISSING,PASS_REGENERATED,020ae82ebb6680d63d43e7266e2f6dc244539526a0095a69cf96bf3150cc337e
1092,WT,WT,PRESENT,group_0047,true,6.7414300000000003,229.22300000000001,34.002200000000002,kcat_div_KM,34.002133078590148,,,,missing,,PASS_HEADER_DECLARED,REFERENCE_ONLY,,ID_JOIN_MISSING,PASS_REGENERATED,020ae82ebb6680d63d43e7266e2f6dc244539526a0095a69cf96bf3150cc337e
1108,WT,WT,PRESENT,group_0048,true,5.9941199999999997,275.74000000000001,46.001800000000003,kcat_div_KM,46.00174838007915,,,,missing,,PASS_HEADER_DECLARED,REFERENCE_ONLY,,ID_JOIN_MISSING,PASS_REGENERATED,020ae82ebb6680d63d43e7266e2f6dc244539526a0095a69cf96bf3150cc337e
1118,WT,WT,PRESENT,group_0048,true,5.0011599999999996,367.447,73.472200000000001,kcat_div_KM,73.472354413776017,,,,missing,,PASS_HEADER_DECLARED,REFERENCE_ONLY,,ID_JOIN_MISSING,PASS_REGENERATED,020ae82ebb6680d63d43e7266e2f6dc244539526a0095a69cf96bf3150cc337e
1123,WT,WT,PRESENT,group_0049,true,4.3553800000000003,342.17700000000002,78.564300000000003,kcat_div_KM,78.564212537137976,,,,missing,,PASS_HEADER_DECLARED,REFERENCE_ONLY,,ID_JOIN_MISSING,PASS_REGENERATED,020ae82ebb6680d63d43e7266e2f6dc244539526a0095a69cf96bf3150cc337e
1124,WT,WT,PRESENT,group_0047,true,6.7414300000000003,229.22300000000001,34.002200000000002,kcat_div_KM,34.002133078590148,,,,missing,,PASS_HEADER_DECLARED,REFERENCE_ONLY,,ID_JOIN_MISSING,PASS_REGENERATED,020ae82ebb6680d63d43e7266e2f6dc244539526a0095a69cf96bf3150cc337e
1125,WT,WT,PRESENT,group_0050,true,4.4302999999999999,372.32299999999998,84.040099999999995,kcat_div_KM,84.040132722389004,,,,missing,,PASS_HEADER_DECLARED,REFERENCE_ONLY,,ID_JOIN_MISSING,PASS_REGENERATED,020ae82ebb6680d63d43e7266e2f6dc244539526a0095a69cf96bf3150cc337e
1128,WT,WT,PRESENT,group_0051,true,4.2211400000000001,295.59199999999998,70.026600000000002,kcat_div_KM,70.026580497211654,,,,missing,,PASS_HEADER_DECLARED,REFERENCE_ONLY,,ID_JOIN_MISSING,PASS_REGENERATED,020ae82ebb6680d63d43e7266e2f6dc244539526a0095a69cf96bf3150cc337e
1139,WT,WT,PRESENT,group_0052,true,4.3780099999999997,368.55900000000003,84.184100000000001,kcat_div_KM,84.184138455599708,,,,missing,,PASS_HEADER_DECLARED,REFERENCE_ONLY,,ID_JOIN_MISSING,PASS_REGENERATED,020ae82ebb6680d63d43e7266e2f6dc244539526a0095a69cf96bf3150cc337e
1152,WT,WT,PRESENT,group_0053,true,3.98719,288.83300000000003,72.440299999999993,kcat_div_KM,72.440239868177841,,,,missing,,PASS_HEADER_DECLARED,REFERENCE_ONLY,,ID_JOIN_MISSING,PASS_REGENERATED,020ae82ebb6680d63d43e7266e2f6dc244539526a0095a69cf96bf3150cc337e
1156,WT,WT,PRESENT,group_0054,true,3.69299,401.024,108.59099999999999,kcat_div_KM,108.59060002870304,3.69299,401.024,108.59099999999999,kcat_div_KM,108.59060002870304,PASS_HEADER_DECLARED,REFERENCE_ONLY,,ID_JOIN_MISSING,PASS_REGENERATED,020ae82ebb6680d63d43e7266e2f6dc244539526a0095a69cf96bf3150cc337e
1166,WT,WT,PRESENT,group_0055,true,4.3323600000000004,363.67500000000001,83.943899999999999,kcat_div_KM,83.943855081295183,,,,missing,,PASS_HEADER_DECLARED,REFERENCE_ONLY,,ID_JOIN_MISSING,PASS_REGENERATED,020ae82ebb6680d63d43e7266e2f6dc244539526a0095a69cf96bf3150cc337e
1169,WT,WT,PRESENT,group_0056,true,5.91716,424.435,71.729500000000002,kcat_div_KM,71.729512130819515,,,,missing,,PASS_HEADER_DECLARED,REFERENCE_ONLY,,ID_JOIN_MISSING,PASS_REGENERATED,020ae82ebb6680d63d43e7266e2f6dc244539526a0095a69cf96bf3150cc337e
1173,WT,WT,PRESENT,group_0057,true,3.0653800000000002,388.21499999999997,126.645,kcat_div_KM,126.64498365618617,,,,missing,,PASS_HEADER_DECLARED,REFERENCE_ONLY,,ID_JOIN_MISSING,PASS_REGENERATED,020ae82ebb6680d63d43e7266e2f6dc244539526a0095a69cf96bf3150cc337e
1196,WT,WT,PRESENT,group_0019,true,6.5375300000000003,353.524,54.076099999999997,kcat_div_KM,54.076080721618098,,,,missing,,PASS_HEADER_DECLARED,REFERENCE_ONLY,,ID_JOIN_MISSING,PASS_REGENERATED,020ae82ebb6680d63d43e7266e2f6dc244539526a0095a69cf96bf3150cc337e
1201,WT,WT,PRESENT,group_0058,true,3.8830399999999998,261.92099999999999,67.452699999999993,kcat_div_KM,67.452562940376609,,,,missing,,PASS_HEADER_DECLARED,REFERENCE_ONLY,,ID_JOIN_MISSING,PASS_REGENERATED,020ae82ebb6680d63d43e7266e2f6dc244539526a0095a69cf96bf3150cc337e
1206,WT,WT,PRESENT,group_0010,true,6.7725,216.48699999999999,31.965699999999998,kcat_div_KM,31.965596160944997,,,,missing,,PASS_HEADER_DECLARED,REFERENCE_ONLY,,ID_JOIN_MISSING,PASS_REGENERATED,020ae82ebb6680d63d43e7266e2f6dc244539526a0095a69cf96bf3150cc337e
1220,WT,WT,PRESENT,group_0046,true,7.2265199999999998,488.57600000000002,67.608699999999999,kcat_div_KM,67.608752207148115,,,,missing,,PASS_HEADER_DECLARED,REFERENCE_ONLY,,ID_JOIN_MISSING,PASS_REGENERATED,020ae82ebb6680d63d43e7266e2f6dc244539526a0095a69cf96bf3150cc337e
1223,WT,WT,PRESENT,group_0059,true,4.8862800000000002,272.38099999999997,55.744,kcat_div_KM,55.744042502680969,,,,missing,,PASS_HEADER_DECLARED,REFERENCE_ONLY,,ID_JOIN_MISSING,PASS_REGENERATED,020ae82ebb6680d63d43e7266e2f6dc244539526a0095a69cf96bf3150cc337e
1231,WT,WT,PRESENT,group_0060,true,3.1874899999999999,403.166,126.48399999999999,kcat_div_KM,126.48384779246366,,,,missing,,PASS_HEADER_DECLARED,REFERENCE_ONLY,,ID_JOIN_MISSING,PASS_REGENERATED,020ae82ebb6680d63d43e7266e2f6dc244539526a0095a69cf96bf3150cc337e
1234,WT,WT,PRESENT,group_0061,true,4.2851400000000002,226.14400000000001,52.774000000000001,kcat_div_KM,52.774005050010032,,,,missing,,PASS_HEADER_DECLARED,REFERENCE_ONLY,,ID_JOIN_MISSING,PASS_REGENERATED,020ae82ebb6680d63d43e7266e2f6dc244539526a0095a69cf96bf3150cc337e
1237,WT,WT,PRESENT,group_0061,true,4.0722500000000004,326.43599999999998,80.161100000000005,kcat_div_KM,80.161090306341691,,,,missing,,PASS_HEADER_DECLARED,REFERENCE_ONLY,,ID_JOIN_MISSING,PASS_REGENERATED,020ae82ebb6680d63d43e7266e2f6dc244539526a0095a69cf96bf3150cc337e
1241,WT,WT,PRESENT,group_0021,true,8.8573129999999995,1067.6669999999999,120.5407,kcat_div_KM,120.54073283850305,,,,missing,,PASS_HEADER_DECLARED,REFERENCE_ONLY,,ID_JOIN_MISSING,PASS_REGENERATED,020ae82ebb6680d63d43e7266e2f6dc244539526a0095a69cf96bf3150cc337e
1242,WT,WT,PRESENT,group_0021,true,6.4769899999999998,867.697,133.96600000000001,kcat_div_KM,133.96608609863532,,,,missing,,PASS_HEADER_DECLARED,REFERENCE_ONLY,,ID_JOIN_MISSING,PASS_REGENERATED,020ae82ebb6680d63d43e7266e2f6dc244539526a0095a69cf96bf3150cc337e
1246,WT,WT,PRESENT,group_0062,true,4.0764199999999997,243.95500000000001,59.845300000000002,kcat_div_KM,59.845403564892734,,,,missing,,PASS_HEADER_DECLARED,REFERENCE_ONLY,,ID_JOIN_MISSING,PASS_REGENERATED,020ae82ebb6680d63d43e7266e2f6dc244539526a0095a69cf96bf3150cc337e
1255,WT,WT,PRESENT,group_0063,true,5.9770399999999997,398.45699999999999,66.664599999999993,kcat_div_KM,66.66460321496929,,,,missing,,PASS_HEADER_DECLARED,REFERENCE_ONLY,,ID_JOIN_MISSING,PASS_REGENERATED,020ae82ebb6680d63d43e7266e2f6dc244539526a0095a69cf96bf3150cc337e
1269,WT,WT,PRESENT,group_0064,true,2.8030499999999998,362.88,129.459,kcat_div_KM,129.45898218012522,,,,missing,,PASS_HEADER_DECLARED,REFERENCE_ONLY,,ID_JOIN_MISSING,PASS_REGENERATED,020ae82ebb6680d63d43e7266e2f6dc244539526a0095a69cf96bf3150cc337e
221,WT,WT,PLACEHOLDER_UNKNOWN,UNKNOWN,true,6.2188800000000004,625.34699999999998,100.556,kcat_div_KM,100.55620947823401,6.2188800000000004,625.34699999999998,100.556,kcat_div_KM,100.55620947823401,PASS_HEADER_DECLARED,REFERENCE_ONLY,,ID_JOIN_MISSING|MISSING_REQUIRED_FIELD,PASS_REGENERATED,020ae82ebb6680d63d43e7266e2f6dc244539526a0095a69cf96bf3150cc337e
235,WT,WT,PLACEHOLDER_UNKNOWN,UNKNOWN,true,4.5038299999999998,352.49799999999999,78.266300000000001,kcat_div_KM,78.266275592107164,4.5038299999999998,352.49799999999999,78.266300000000001,kcat_div_KM,78.266275592107164,PASS_HEADER_DECLARED,REFERENCE_ONLY,,ID_JOIN_MISSING|MISSING_REQUIRED_FIELD,PASS_REGENERATED,020ae82ebb6680d63d43e7266e2f6dc244539526a0095a69cf96bf3150cc337e
241,WT,WT,PLACEHOLDER_UNKNOWN,UNKNOWN,true,2.90747,272.73599999999999,93.805099999999996,kcat_div_KM,93.805267122274685,2.90747,272.73599999999999,93.805099999999996,kcat_div_KM,93.805267122274685,PASS_HEADER_DECLARED,REFERENCE_ONLY,,ID_JOIN_MISSING|MISSING_REQUIRED_FIELD,PASS_REGENERATED,020ae82ebb6680d63d43e7266e2f6dc244539526a0095a69cf96bf3150cc337e
257,WT,WT,PLACEHOLDER_UNKNOWN,UNKNOWN,true,3.2528199999999998,617.50400000000002,189.83699999999999,kcat_div_KM,189.83651108883984,3.2528199999999998,617.50400000000002,189.83699999999999,kcat_div_KM,189.83651108883984,PASS_HEADER_DECLARED,REFERENCE_ONLY,,ID_JOIN_MISSING|MISSING_REQUIRED_FIELD,PASS_REGENERATED,020ae82ebb6680d63d43e7266e2f6dc244539526a0095a69cf96bf3150cc337e
315,WT,WT,PRESENT,group_0065,true,1.21522,317.45600000000002,261.23399999999998,kcat_div_KM,261.23335692302629,1.21522,317.45600000000002,261.23399999999998,kcat_div_KM,261.23335692302629,PASS_HEADER_DECLARED,REFERENCE_ONLY,,ID_JOIN_MISSING,PASS_REGENERATED,020ae82ebb6680d63d43e7266e2f6dc244539526a0095a69cf96bf3150cc337e
323,WT,WT,PRESENT,group_0066,true,3.8553899999999999,425.96600000000001,110.486,kcat_div_KM,110.48583930549179,3.8553899999999999,425.96600000000001,110.486,kcat_div_KM,110.48583930549179,PASS_HEADER_DECLARED,REFERENCE_ONLY,,ID_JOIN_MISSING,PASS_REGENERATED,020ae82ebb6680d63d43e7266e2f6dc244539526a0095a69cf96bf3150cc337e
327,WT,WT,PRESENT,group_0067,true,6.4690700000000003,622.48400000000004,96.224599999999995,kcat_div_KM,96.224650529365121,6.4690700000000003,622.48400000000004,96.224599999999995,kcat_div_KM,96.224650529365121,PASS_HEADER_DECLARED,REFERENCE_ONLY,,ID_JOIN_MISSING,PASS_REGENERATED,020ae82ebb6680d63d43e7266e2f6dc244539526a0095a69cf96bf3150cc337e
338,WT,WT,PRESENT,group_0068,true,4.04338,471.88,116.70399999999999,kcat_div_KM,116.70434141732906,4.04338,471.88,116.70399999999999,kcat_div_KM,116.70434141732906,PASS_HEADER_DECLARED,REFERENCE_ONLY,,ID_JOIN_MISSING,PASS_REGENERATED,020ae82ebb6680d63d43e7266e2f6dc244539526a0095a69cf96bf3150cc337e
352,WT,WT,PRESENT,group_0069,true,5.17204,571.59900000000005,110.517,kcat_div_KM,110.51712670435651,5.17204,571.59900000000005,110.517,kcat_div_KM,110.51712670435651,PASS_HEADER_DECLARED,REFERENCE_ONLY,,ID_JOIN_MISSING,PASS_REGENERATED,020ae82ebb6680d63d43e7266e2f6dc244539526a0095a69cf96bf3150cc337e
353,WT,WT,PRESENT,group_0070,true,2.98393,405.43900000000002,135.874,kcat_div_KM,135.87416594893313,2.98393,405.43900000000002,135.874,kcat_div_KM,135.87416594893313,PASS_HEADER_DECLARED,REFERENCE_ONLY,,ID_JOIN_MISSING,PASS_REGENERATED,020ae82ebb6680d63d43e7266e2f6dc244539526a0095a69cf96bf3150cc337e
354,WT,WT,PRESENT,group_0071,true,0.62509400000000004,375.44,600.61400000000003,kcat_div_KM,600.61366770437724,0.62509400000000004,375.44,600.61400000000003,kcat_div_KM,600.61366770437724,PASS_HEADER_DECLARED,REFERENCE_ONLY,,ID_JOIN_MISSING,PASS_REGENERATED,020ae82ebb6680d63d43e7266e2f6dc244539526a0095a69cf96bf3150cc337e
413,WT,WT,PRESENT,group_0072,true,4.1740599999999999,272.00799999999998,65.166399999999996,kcat_div_KM,65.166288936910348,4.1740599999999999,272.00799999999998,65.166399999999996,kcat_div_KM,65.166288936910348,PASS_HEADER_DECLARED,REFERENCE_ONLY,,ID_JOIN_MISSING,PASS_REGENERATED,020ae82ebb6680d63d43e7266e2f6dc244539526a0095a69cf96bf3150cc337e
439,WT,WT,PRESENT,group_0073,true,4.09314,361.05099999999999,88.208799999999997,kcat_div_KM,88.208807907865349,4.09314,361.05099999999999,88.208799999999997,kcat_div_KM,88.208807907865349,PASS_HEADER_DECLARED,REFERENCE_ONLY,,ID_JOIN_MISSING,PASS_REGENERATED,020ae82ebb6680d63d43e7266e2f6dc244539526a0095a69cf96bf3150cc337e
474,WT,WT,PRESENT,group_0074,true,11.329700000000001,304.57400000000001,26.8828,kcat_div_KM,26.882794778325991,,,,missing,,PASS_HEADER_DECLARED,REFERENCE_ONLY,,ID_JOIN_MISSING,PASS_REGENERATED,020ae82ebb6680d63d43e7266e2f6dc244539526a0095a69cf96bf3150cc337e
475,WT,WT,PRESENT,group_0075,true,10.970800000000001,339.83999999999997,30.976800000000001,kcat_div_KM,30.976774711051149,,,,missing,,PASS_HEADER_DECLARED,REFERENCE_ONLY,,ID_JOIN_MISSING,PASS_REGENERATED,020ae82ebb6680d63d43e7266e2f6dc244539526a0095a69cf96bf3150cc337e
502,WT,WT,PRESENT,group_0076,true,8.2470099999999995,162.99299999999999,19.7639,kcat_div_KM,19.763890185655164,,,,missing,,PASS_HEADER_DECLARED,REFERENCE_ONLY,,ID_JOIN_MISSING,PASS_REGENERATED,020ae82ebb6680d63d43e7266e2f6dc244539526a0095a69cf96bf3150cc337e
541,WT,WT,PRESENT,group_0077,true,8.5612300000000001,135.45599999999999,15.821999999999999,kcat_div_KM,15.822025573428116,,,,missing,,PASS_HEADER_DECLARED,REFERENCE_ONLY,,ID_JOIN_MISSING,PASS_REGENERATED,020ae82ebb6680d63d43e7266e2f6dc244539526a0095a69cf96bf3150cc337e
542,WT,WT,PRESENT,group_0078,true,11.7241,203.99799999999999,17.399899999999999,kcat_div_KM,17.399885705512578,,,,missing,,PASS_HEADER_DECLARED,REFERENCE_ONLY,,ID_JOIN_MISSING,PASS_REGENERATED,020ae82ebb6680d63d43e7266e2f6dc244539526a0095a69cf96bf3150cc337e
566,WT,WT,PRESENT,group_0079,true,,,,missing,,,,,missing,,PASS_HEADER_DECLARED,QUARANTINE,MISSING_REQUIRED_FIELD,ID_JOIN_MISSING,PASS_REGENERATED,020ae82ebb6680d63d43e7266e2f6dc244539526a0095a69cf96bf3150cc337e
612,WT,WT,PRESENT,group_0080,true,4.7449399999999997,698.03899999999999,147.11199999999999,kcat_div_KM,147.11229225237832,,,,missing,,PASS_HEADER_DECLARED,REFERENCE_ONLY,,ID_JOIN_MISSING,PASS_REGENERATED,020ae82ebb6680d63d43e7266e2f6dc244539526a0095a69cf96bf3150cc337e
613,WT,WT,PRESENT,group_0081,true,1.5918099999999999,507.27800000000002,318.67899999999997,kcat_div_KM,318.67999321527071,,,,missing,,PASS_HEADER_DECLARED,REFERENCE_ONLY,,ID_JOIN_MISSING,PASS_REGENERATED,020ae82ebb6680d63d43e7266e2f6dc244539526a0095a69cf96bf3150cc337e
615,WT,WT,PRESENT,group_0047,true,2.4726599999999999,333.904,135.03800000000001,kcat_div_KM,135.03837972062476,,,,missing,,PASS_HEADER_DECLARED,REFERENCE_ONLY,,ID_JOIN_MISSING,PASS_REGENERATED,020ae82ebb6680d63d43e7266e2f6dc244539526a0095a69cf96bf3150cc337e
623,WT,WT,PRESENT,group_0082,true,4.1949699999999996,719.97500000000002,171.62799999999999,kcat_div_KM,171.62816420618029,,,,missing,,PASS_HEADER_DECLARED,REFERENCE_ONLY,,ID_JOIN_MISSING,PASS_REGENERATED,020ae82ebb6680d63d43e7266e2f6dc244539526a0095a69cf96bf3150cc337e
632,WT,WT,PRESENT,group_0083,true,3.2155399999999998,636.54600000000005,197.96000000000001,kcat_div_KM,197.95928522114485,,,,missing,,PASS_HEADER_DECLARED,REFERENCE_ONLY,,ID_JOIN_MISSING,PASS_REGENERATED,020ae82ebb6680d63d43e7266e2f6dc244539526a0095a69cf96bf3150cc337e
636,WT,WT,PRESENT,group_0084,true,4.1949699999999996,719.97500000000002,171.62799999999999,kcat_div_KM,171.62816420618029,4.1949699999999996,719.97500000000002,171.62799999999999,kcat_div_KM,171.62816420618029,PASS_HEADER_DECLARED,REFERENCE_ONLY,,ID_JOIN_MISSING,PASS_REGENERATED,020ae82ebb6680d63d43e7266e2f6dc244539526a0095a69cf96bf3150cc337e
667,WT,WT,PRESENT,group_0085,true,6.1213699999999998,348.47699999999998,56.927900000000001,kcat_div_KM,56.927942601084396,6.1213699999999998,348.47699999999998,56.927900000000001,kcat_div_KM,56.927942601084396,PASS_HEADER_DECLARED,REFERENCE_ONLY,,ID_JOIN_MISSING,PASS_REGENERATED,020ae82ebb6680d63d43e7266e2f6dc244539526a0095a69cf96bf3150cc337e
669,WT,WT,PRESENT,group_0086,true,2.9773200000000002,240.44999999999999,80.760499999999993,kcat_div_KM,80.760549756156536,2.9773200000000002,240.44999999999999,80.760499999999993,kcat_div_KM,80.760549756156536,PASS_HEADER_DECLARED,REFERENCE_ONLY,,ID_JOIN_MISSING,PASS_REGENERATED,020ae82ebb6680d63d43e7266e2f6dc244539526a0095a69cf96bf3150cc337e
678,WT,WT,PRESENT,group_0064,true,3.2155399999999998,636.54600000000005,197.96000000000001,kcat_div_KM,197.95928522114485,3.2155399999999998,636.54600000000005,197.96000000000001,kcat_div_KM,197.95928522114485,PASS_HEADER_DECLARED,REFERENCE_ONLY,,ID_JOIN_MISSING,PASS_REGENERATED,020ae82ebb6680d63d43e7266e2f6dc244539526a0095a69cf96bf3150cc337e
682,WT,WT,PRESENT,group_0064,true,4.7449399999999997,698.03899999999999,147.11199999999999,kcat_div_KM,147.11229225237832,4.7449399999999997,698.03899999999999,147.11199999999999,kcat_div_KM,147.11229225237832,PASS_HEADER_DECLARED,REFERENCE_ONLY,,ID_JOIN_MISSING,PASS_REGENERATED,020ae82ebb6680d63d43e7266e2f6dc244539526a0095a69cf96bf3150cc337e
690,WT,WT,PRESENT,group_0064,true,2.9011800000000001,480.81299999999999,165.72999999999999,kcat_div_KM,165.73015117986475,2.9011800000000001,480.81299999999999,165.72999999999999,kcat_div_KM,165.73015117986475,PASS_HEADER_DECLARED,REFERENCE_ONLY,,ID_JOIN_MISSING,PASS_REGENERATED,020ae82ebb6680d63d43e7266e2f6dc244539526a0095a69cf96bf3150cc337e
697,WT,WT,PRESENT,group_0087,true,1.51169,389.452,257.62700000000001,kcat_div_KM,257.62689440295298,,,,missing,,PASS_HEADER_DECLARED,REFERENCE_ONLY,,ID_JOIN_MISSING,PASS_REGENERATED,020ae82ebb6680d63d43e7266e2f6dc244539526a0095a69cf96bf3150cc337e
710,WT,WT,PRESENT,group_0020,true,6.37371,411.56599999999997,64.572400000000002,kcat_div_KM,64.572438971964516,6.37371,411.56599999999997,64.572400000000002,kcat_div_KM,64.572438971964516,PASS_HEADER_DECLARED,REFERENCE_ONLY,,ID_JOIN_MISSING,PASS_REGENERATED,020ae82ebb6680d63d43e7266e2f6dc244539526a0095a69cf96bf3150cc337e
733,WT,WT,PRESENT,group_0047,true,3.0096500000000002,231.643,76.966800000000006,kcat_div_KM,76.966756931869156,,,,missing,,PASS_HEADER_DECLARED,REFERENCE_ONLY,,ID_JOIN_MISSING,PASS_REGENERATED,020ae82ebb6680d63d43e7266e2f6dc244539526a0095a69cf96bf3150cc337e
744,WT,WT,PRESENT,group_0073,true,5.0017100000000001,324.72500000000002,64.922700000000006,kcat_div_KM,64.92279640362996,5.0017100000000001,324.72500000000002,64.922700000000006,kcat_div_KM,64.92279640362996,PASS_HEADER_DECLARED,REFERENCE_ONLY,,ID_JOIN_MISSING,PASS_REGENERATED,020ae82ebb6680d63d43e7266e2f6dc244539526a0095a69cf96bf3150cc337e
760,WT,WT,PRESENT,group_0088,true,4.69292,210.38200000000001,44.829599999999999,kcat_div_KM,44.829658293770194,,,,missing,,PASS_HEADER_DECLARED,REFERENCE_ONLY,,ID_JOIN_MISSING,PASS_REGENERATED,020ae82ebb6680d63d43e7266e2f6dc244539526a0095a69cf96bf3150cc337e
762,WT,WT,PRESENT,group_0089,true,3.77976,339.44099999999997,89.804699999999997,kcat_div_KM,89.804908248142738,,,,missing,,PASS_HEADER_DECLARED,REFERENCE_ONLY,,ID_JOIN_MISSING,PASS_REGENERATED,020ae82ebb6680d63d43e7266e2f6dc244539526a0095a69cf96bf3150cc337e
779,WT,WT,PRESENT,group_0090,true,2.0248499999999998,150.53299999999999,74.343100000000007,kcat_div_KM,74.342790824011658,,,,missing,,PASS_HEADER_DECLARED,REFERENCE_ONLY,,ID_JOIN_MISSING,PASS_REGENERATED,020ae82ebb6680d63d43e7266e2f6dc244539526a0095a69cf96bf3150cc337e
780,WT,WT,PRESENT,group_0091,true,1.8591299999999999,162.39500000000001,87.349900000000005,kcat_div_KM,87.349997041627006,,,,missing,,PASS_HEADER_DECLARED,REFERENCE_ONLY,,ID_JOIN_MISSING,PASS_REGENERATED,020ae82ebb6680d63d43e7266e2f6dc244539526a0095a69cf96bf3150cc337e
787,WT,WT,PRESENT,group_0088,true,3.7488600000000001,180.82900000000001,48.235799999999998,kcat_div_KM,48.235730328686586,,,,missing,,PASS_HEADER_DECLARED,REFERENCE_ONLY,,ID_JOIN_MISSING,PASS_REGENERATED,020ae82ebb6680d63d43e7266e2f6dc244539526a0095a69cf96bf3150cc337e
1,WT,WT,PLACEHOLDER_UNKNOWN,UNKNOWN,true,5,720.88599999999997,144.17699999999999,kcat_div_KM,144.1772,,,,missing,,PASS_HEADER_DECLARED,REFERENCE_ONLY,,ID_JOIN_MISSING|MISSING_REQUIRED_FIELD,PASS_REGENERATED,020ae82ebb6680d63d43e7266e2f6dc244539526a0095a69cf96bf3150cc337e
130,WT,WT,PLACEHOLDER_UNKNOWN,UNKNOWN,true,5.7009299999999996,707.70399999999995,124.13800000000001,kcat_div_KM,124.13834234063565,5.7009299999999996,707.70399999999995,124.13800000000001,kcat_div_KM,124.13834234063565,PASS_HEADER_DECLARED,REFERENCE_ONLY,,ID_JOIN_MISSING|MISSING_REQUIRED_FIELD,PASS_REGENERATED,020ae82ebb6680d63d43e7266e2f6dc244539526a0095a69cf96bf3150cc337e
158,WT,WT,PLACEHOLDER_UNKNOWN,UNKNOWN,true,4.4234099999999996,666.71400000000006,150.72399999999999,kcat_div_KM,150.72398895874451,4.4234099999999996,666.71400000000006,150.72399999999999,kcat_div_KM,150.72398895874451,PASS_HEADER_DECLARED,REFERENCE_ONLY,,ID_JOIN_MISSING|MISSING_REQUIRED_FIELD,PASS_REGENERATED,020ae82ebb6680d63d43e7266e2f6dc244539526a0095a69cf96bf3150cc337e
185,WT,WT,PLACEHOLDER_UNKNOWN,UNKNOWN,true,6.6269799999999996,384.20299999999997,57.975499999999997,kcat_div_KM,57.975578619522011,6.6269799999999996,384.20299999999997,57.975499999999997,kcat_div_KM,57.975578619522011,PASS_HEADER_DECLARED,REFERENCE_ONLY,,ID_JOIN_MISSING|MISSING_REQUIRED_FIELD,PASS_REGENERATED,020ae82ebb6680d63d43e7266e2f6dc244539526a0095a69cf96bf3150cc337e
2021,WT,WT,PRESENT,group_0092,true,2.6228699999999998,246.68299999999999,94.050600000000003,kcat_div_KM,94.050791690018954,,,,missing,,PASS_HEADER_DECLARED,REFERENCE_ONLY,,ID_JOIN_MISSING,PASS_REGENERATED,020ae82ebb6680d63d43e7266e2f6dc244539526a0095a69cf96bf3150cc337e
2022,WT,WT,PRESENT,group_0093,true,3.9299900000000001,274.06700000000001,69.737399999999994,kcat_div_KM,69.73732757589714,,,,missing,,PASS_HEADER_DECLARED,REFERENCE_ONLY,,ID_JOIN_MISSING,PASS_REGENERATED,020ae82ebb6680d63d43e7266e2f6dc244539526a0095a69cf96bf3150cc337e
2024,WT,WT,PRESENT,group_0094,true,2.6228699999999998,246.68299999999999,94.050600000000003,kcat_div_KM,94.050791690018954,,,,missing,,PASS_HEADER_DECLARED,REFERENCE_ONLY,,ID_JOIN_MISSING,PASS_REGENERATED,020ae82ebb6680d63d43e7266e2f6dc244539526a0095a69cf96bf3150cc337e
2028,WT,WT,PRESENT,group_0095,true,4.7035600000000004,697.51700000000005,148.29499999999999,kcat_div_KM,148.29554635212477,,,,missing,,PASS_HEADER_DECLARED,REFERENCE_ONLY,,ID_JOIN_MISSING,PASS_REGENERATED,020ae82ebb6680d63d43e7266e2f6dc244539526a0095a69cf96bf3150cc337e
2030,WT,WT,PRESENT,group_0095,true,5.3997799999999998,752.88800000000003,139.429,kcat_div_KM,139.42938416009542,,,,missing,,PASS_HEADER_DECLARED,REFERENCE_ONLY,,ID_JOIN_MISSING,PASS_REGENERATED,020ae82ebb6680d63d43e7266e2f6dc244539526a0095a69cf96bf3150cc337e
2034,WT,WT,PRESENT,group_0096,true,10.1365,1138.8199999999999,112.348,kcat_div_KM,112.34844374290928,,,,missing,,PASS_HEADER_DECLARED,REFERENCE_ONLY,,ID_JOIN_MISSING,PASS_REGENERATED,020ae82ebb6680d63d43e7266e2f6dc244539526a0095a69cf96bf3150cc337e
2035,WT,WT,PRESENT,group_0096,true,8.8280799999999999,377.75200000000001,42.789900000000003,kcat_div_KM,42.789825194153202,,,,missing,,PASS_HEADER_DECLARED,REFERENCE_ONLY,,ID_JOIN_MISSING,PASS_REGENERATED,020ae82ebb6680d63d43e7266e2f6dc244539526a0095a69cf96bf3150cc337e
2038,WT,WT,PRESENT,group_0096,true,6.1248800000000001,366.73200000000003,59.875799999999998,kcat_div_KM,59.875785321508346,,,,missing,,PASS_HEADER_DECLARED,REFERENCE_ONLY,,ID_JOIN_MISSING,PASS_REGENERATED,020ae82ebb6680d63d43e7266e2f6dc244539526a0095a69cf96bf3150cc337e
2051,WT,WT,PRESENT,group_0097,true,6.0554699999999997,467.40199999999999,77.186700000000002,kcat_div_KM,77.18674190442691,,,,missing,,PASS_HEADER_DECLARED,REFERENCE_ONLY,,ID_JOIN_MISSING,PASS_REGENERATED,020ae82ebb6680d63d43e7266e2f6dc244539526a0095a69cf96bf3150cc337e
3291,WT,WT,PRESENT,group_0098,true,5.1783099999999997,285.79500000000002,55.190800000000003,kcat_div_KM,55.190786183136979,,,,missing,,PASS_HEADER_DECLARED,REFERENCE_ONLY,,ID_JOIN_MISSING,PASS_REGENERATED,020ae82ebb6680d63d43e7266e2f6dc244539526a0095a69cf96bf3150cc337e
2070,WT,WT,PRESENT,group_0099,true,3.02563,275.685,91.116500000000002,kcat_div_KM,91.116560848484454,,,,missing,,PASS_HEADER_DECLARED,REFERENCE_ONLY,,ID_JOIN_MISSING,PASS_REGENERATED,020ae82ebb6680d63d43e7266e2f6dc244539526a0095a69cf96bf3150cc337e
2086,WT,WT,PRESENT,group_0100,true,7.0274400000000004,381.95400000000001,54.351799999999997,kcat_div_KM,54.351798094327378,,,,missing,,PASS_HEADER_DECLARED,REFERENCE_ONLY,,ID_JOIN_MISSING,PASS_REGENERATED,020ae82ebb6680d63d43e7266e2f6dc244539526a0095a69cf96bf3150cc337e
2089,WT,WT,PRESENT,group_0004,true,5.8068799999999996,1017.46,175.21700000000001,kcat_div_KM,175.21629515333538,,,,missing,,PASS_HEADER_DECLARED,REFERENCE_ONLY,,ID_JOIN_MISSING,PASS_REGENERATED,020ae82ebb6680d63d43e7266e2f6dc244539526a0095a69cf96bf3150cc337e
2092,WT,WT,PRESENT,group_0100,true,,,,missing,,,,,missing,,PASS_HEADER_DECLARED,QUARANTINE,MISSING_REQUIRED_FIELD,ID_JOIN_MISSING,PASS_REGENERATED,020ae82ebb6680d63d43e7266e2f6dc244539526a0095a69cf96bf3150cc337e
2095,WT,WT,PRESENT,group_0012,true,4.3125200000000001,451.10700000000003,104.604,kcat_div_KM,104.60403661896061,,,,missing,,PASS_HEADER_DECLARED,REFERENCE_ONLY,,ID_JOIN_MISSING,PASS_REGENERATED,020ae82ebb6680d63d43e7266e2f6dc244539526a0095a69cf96bf3150cc337e
2100,WT,WT,PRESENT,group_0100,true,8.4216800000000003,489.11799999999999,58.078400000000002,kcat_div_KM,58.078435656543583,,,,missing,,PASS_HEADER_DECLARED,REFERENCE_ONLY,,ID_JOIN_MISSING,PASS_REGENERATED,020ae82ebb6680d63d43e7266e2f6dc244539526a0095a69cf96bf3150cc337e
3215,WT,WT,PRESENT,group_0100,true,6.3402599999999998,399.04500000000002,62.938200000000002,kcat_div_KM,62.938270670287977,,,,missing,,PASS_HEADER_DECLARED,REFERENCE_ONLY,,ID_JOIN_MISSING,PASS_REGENERATED,020ae82ebb6680d63d43e7266e2f6dc244539526a0095a69cf96bf3150cc337e
2116,WT,WT,PRESENT,group_0101,true,8.7566000000000006,302.93900000000002,34.595500000000001,kcat_div_KM,34.595505104721013,,,,missing,,PASS_HEADER_DECLARED,REFERENCE_ONLY,,ID_JOIN_MISSING,PASS_REGENERATED,020ae82ebb6680d63d43e7266e2f6dc244539526a0095a69cf96bf3150cc337e
3212,WT,WT,PRESENT,group_0100,true,7.3568499999999997,383.20800000000003,52.0886,kcat_div_KM,52.088597701461907,,,,missing,,PASS_HEADER_DECLARED,REFERENCE_ONLY,,ID_JOIN_MISSING,PASS_REGENERATED,020ae82ebb6680d63d43e7266e2f6dc244539526a0095a69cf96bf3150cc337e
3211,WT,WT,PRESENT,group_0100,true,5.8927399999999999,377.76600000000002,64.106999999999999,kcat_div_KM,64.107019824394087,,,,missing,,PASS_HEADER_DECLARED,REFERENCE_ONLY,,ID_JOIN_MISSING,PASS_REGENERATED,020ae82ebb6680d63d43e7266e2f6dc244539526a0095a69cf96bf3150cc337e
2163,WT,WT,PRESENT,group_0102,true,5.3845099999999997,194.065,36.041400000000003,kcat_div_KM,36.041348237815512,,,,missing,,PASS_HEADER_DECLARED,REFERENCE_ONLY,,ID_JOIN_MISSING,PASS_REGENERATED,020ae82ebb6680d63d43e7266e2f6dc244539526a0095a69cf96bf3150cc337e
2164,WT,WT,PRESENT,group_0103,true,4.9867299999999997,207.077,41.525599999999997,kcat_div_KM,41.525608966196287,,,,missing,,PASS_HEADER_DECLARED,REFERENCE_ONLY,,ID_JOIN_MISSING,PASS_REGENERATED,020ae82ebb6680d63d43e7266e2f6dc244539526a0095a69cf96bf3150cc337e
2166,WT,WT,PRESENT,group_0104,true,5.6122100000000001,162.93199999999999,29.031700000000001,kcat_div_KM,29.031700524392349,,,,missing,,PASS_HEADER_DECLARED,REFERENCE_ONLY,,ID_JOIN_MISSING,PASS_REGENERATED,020ae82ebb6680d63d43e7266e2f6dc244539526a0095a69cf96bf3150cc337e
2174,WT,WT,PRESENT,group_0105,true,3.5247600000000001,151.71299999999999,43.042000000000002,kcat_div_KM,43.042079460729241,,,,missing,,PASS_HEADER_DECLARED,REFERENCE_ONLY,,ID_JOIN_MISSING,PASS_REGENERATED,020ae82ebb6680d63d43e7266e2f6dc244539526a0095a69cf96bf3150cc337e
2186,WT,WT,PRESENT,group_0106,true,4.2319300000000002,137.404,32.468499999999999,kcat_div_KM,32.468400942359629,,,,missing,,PASS_HEADER_DECLARED,REFERENCE_ONLY,,ID_JOIN_MISSING,PASS_REGENERATED,020ae82ebb6680d63d43e7266e2f6dc244539526a0095a69cf96bf3150cc337e
2198,WT,WT,PRESENT,group_0107,true,3.29555,149.316,45.308300000000003,kcat_div_KM,45.308370378237321,,,,missing,,PASS_HEADER_DECLARED,REFERENCE_ONLY,,ID_JOIN_MISSING,PASS_REGENERATED,020ae82ebb6680d63d43e7266e2f6dc244539526a0095a69cf96bf3150cc337e
2203,WT,WT,PRESENT,group_0108,true,6.6340500000000002,723.15700000000004,109.00700000000001,kcat_div_KM,109.00686609235686,,,,missing,,PASS_HEADER_DECLARED,REFERENCE_ONLY,,ID_JOIN_MISSING,PASS_REGENERATED,020ae82ebb6680d63d43e7266e2f6dc244539526a0095a69cf96bf3150cc337e
2231,WT,WT,PRESENT,group_0109,true,2.9147799999999999,112.06100000000001,38.445700000000002,kcat_div_KM,38.445783215199775,,,,missing,,PASS_HEADER_DECLARED,REFERENCE_ONLY,,ID_JOIN_MISSING,PASS_REGENERATED,020ae82ebb6680d63d43e7266e2f6dc244539526a0095a69cf96bf3150cc337e
2232,WT,WT,PRESENT,group_0110,true,6.3596199999999996,100.364,15.781499999999999,kcat_div_KM,15.781446061242654,,,,missing,,PASS_HEADER_DECLARED,REFERENCE_ONLY,,ID_JOIN_MISSING,PASS_REGENERATED,020ae82ebb6680d63d43e7266e2f6dc244539526a0095a69cf96bf3150cc337e
2242,WT,WT,PRESENT,group_0021,true,,,,missing,,,,,missing,,PASS_HEADER_DECLARED,QUARANTINE,MISSING_REQUIRED_FIELD,ID_JOIN_MISSING,PASS_REGENERATED,020ae82ebb6680d63d43e7266e2f6dc244539526a0095a69cf96bf3150cc337e
2255,WT,WT,PRESENT,group_0111,true,5.2350199999999996,110.33799999999999,21.077000000000002,kcat_div_KM,21.076901329889857,,,,missing,,PASS_HEADER_DECLARED,REFERENCE_ONLY,,ID_JOIN_MISSING,PASS_REGENERATED,020ae82ebb6680d63d43e7266e2f6dc244539526a0095a69cf96bf3150cc337e
2279,WT,WT,PRESENT,group_0112,true,4.7813499999999998,184.55699999999999,38.599200000000003,kcat_div_KM,38.599349556087716,,,,missing,,PASS_HEADER_DECLARED,REFERENCE_ONLY,,ID_JOIN_MISSING,PASS_REGENERATED,020ae82ebb6680d63d43e7266e2f6dc244539526a0095a69cf96bf3150cc337e
3440,WT,WT,PRESENT,group_0113,true,4.2658199999999997,262.89499999999998,61.628300000000003,kcat_div_KM,61.62824497986319,,,,missing,,PASS_HEADER_DECLARED,REFERENCE_ONLY,,ID_JOIN_MISSING,PASS_REGENERATED,020ae82ebb6680d63d43e7266e2f6dc244539526a0095a69cf96bf3150cc337e
2329,WT,WT,PRESENT,group_0100,true,7.3484100000000003,302.27199999999999,41.134300000000003,kcat_div_KM,41.134340626067406,,,,missing,,PASS_HEADER_DECLARED,REFERENCE_ONLY,,ID_JOIN_MISSING,PASS_REGENERATED,020ae82ebb6680d63d43e7266e2f6dc244539526a0095a69cf96bf3150cc337e
2335,WT,WT,PRESENT,group_0114,true,4.3962899999999996,402.66500000000002,91.591899999999995,kcat_div_KM,91.592001437575789,,,,missing,,PASS_HEADER_DECLARED,REFERENCE_ONLY,,ID_JOIN_MISSING,PASS_REGENERATED,020ae82ebb6680d63d43e7266e2f6dc244539526a0095a69cf96bf3150cc337e
2336,WT,WT,PRESENT,group_0115,true,3.5856499999999998,761.97299999999996,212.506,kcat_div_KM,212.50624015171587,,,,missing,,PASS_HEADER_DECLARED,REFERENCE_ONLY,,ID_JOIN_MISSING,PASS_REGENERATED,020ae82ebb6680d63d43e7266e2f6dc244539526a0095a69cf96bf3150cc337e
2345,WT,WT,PRESENT,group_0116,true,3.59517,440.54700000000003,122.539,kcat_div_KM,122.53857258488473,,,,missing,,PASS_HEADER_DECLARED,REFERENCE_ONLY,,ID_JOIN_MISSING,PASS_REGENERATED,020ae82ebb6680d63d43e7266e2f6dc244539526a0095a69cf96bf3150cc337e
2347,WT,WT,PRESENT,group_0117,true,3.91669,377.23899999999998,96.315899999999999,kcat_div_KM,96.315766629475391,,,,missing,,PASS_HEADER_DECLARED,REFERENCE_ONLY,,ID_JOIN_MISSING,PASS_REGENERATED,020ae82ebb6680d63d43e7266e2f6dc244539526a0095a69cf96bf3150cc337e
2362,WT,WT,PRESENT,group_0118,true,2.0735600000000001,251.804,121.435,kcat_div_KM,121.43559868053011,,,,missing,,PASS_HEADER_DECLARED,REFERENCE_ONLY,,ID_JOIN_MISSING,PASS_REGENERATED,020ae82ebb6680d63d43e7266e2f6dc244539526a0095a69cf96bf3150cc337e
2363,WT,WT,PRESENT,group_0119,true,1.6274999999999999,190.31,116.934,kcat_div_KM,116.93394777265746,,,,missing,,PASS_HEADER_DECLARED,REFERENCE_ONLY,,ID_JOIN_MISSING,PASS_REGENERATED,020ae82ebb6680d63d43e7266e2f6dc244539526a0095a69cf96bf3150cc337e
2369,WT,WT,PRESENT,group_0120,true,2.3645200000000002,252.48099999999999,106.779,kcat_div_KM,106.77896570974235,,,,missing,,PASS_HEADER_DECLARED,REFERENCE_ONLY,,ID_JOIN_MISSING,PASS_REGENERATED,020ae82ebb6680d63d43e7266e2f6dc244539526a0095a69cf96bf3150cc337e
2372,WT,WT,PRESENT,group_0121,true,2.3183699999999998,685.82500000000005,295.822,kcat_div_KM,295.82206464024296,,,,missing,,PASS_HEADER_DECLARED,REFERENCE_ONLY,,ID_JOIN_MISSING,PASS_REGENERATED,020ae82ebb6680d63d43e7266e2f6dc244539526a0095a69cf96bf3150cc337e
2382,WT,WT,PRESENT,group_0122,true,6.6214500000000003,400.27600000000001,60.451300000000003,kcat_div_KM,60.451411699854262,,,,missing,,PASS_HEADER_DECLARED,REFERENCE_ONLY,,ID_JOIN_MISSING,PASS_REGENERATED,020ae82ebb6680d63d43e7266e2f6dc244539526a0095a69cf96bf3150cc337e
2502,WT,WT,PRESENT,group_0123,true,4.26396,262.82400000000001,61.638399999999997,kcat_div_KM,61.638476908789016,,,,missing,,PASS_HEADER_DECLARED,REFERENCE_ONLY,,ID_JOIN_MISSING,PASS_REGENERATED,020ae82ebb6680d63d43e7266e2f6dc244539526a0095a69cf96bf3150cc337e
2403,WT,WT,PRESENT,group_0124,true,3.29555,149.316,45.308300000000003,kcat_div_KM,45.308370378237321,,,,missing,,PASS_HEADER_DECLARED,REFERENCE_ONLY,,ID_JOIN_MISSING,PASS_REGENERATED,020ae82ebb6680d63d43e7266e2f6dc244539526a0095a69cf96bf3150cc337e
2433,WT,WT,PRESENT,group_0125,true,5.6443399999999997,430.72000000000003,76.310100000000006,kcat_div_KM,76.310073454115098,,,,missing,,PASS_HEADER_DECLARED,REFERENCE_ONLY,,ID_JOIN_MISSING,PASS_REGENERATED,020ae82ebb6680d63d43e7266e2f6dc244539526a0095a69cf96bf3150cc337e
2451,WT,WT,PRESENT,group_0126,true,4.2853199999999996,723.322,168.78999999999999,kcat_div_KM,168.79066207424418,,,,missing,,PASS_HEADER_DECLARED,REFERENCE_ONLY,,ID_JOIN_MISSING,PASS_REGENERATED,020ae82ebb6680d63d43e7266e2f6dc244539526a0095a69cf96bf3150cc337e
2454,WT,WT,PRESENT,group_0127,true,5.9795600000000002,1423.4200000000001,238.047,kcat_div_KM,238.0476155436186,,,,missing,,PASS_HEADER_DECLARED,REFERENCE_ONLY,,ID_JOIN_MISSING,PASS_REGENERATED,020ae82ebb6680d63d43e7266e2f6dc244539526a0095a69cf96bf3150cc337e
2466,WT,WT,PRESENT,group_0128,true,4.6604200000000002,707.10400000000004,151.72499999999999,kcat_div_KM,151.72538097424695,,,,missing,,PASS_HEADER_DECLARED,REFERENCE_ONLY,,ID_JOIN_MISSING,PASS_REGENERATED,020ae82ebb6680d63d43e7266e2f6dc244539526a0095a69cf96bf3150cc337e
2476,WT,WT,PRESENT,group_0129,true,5.3814299999999999,846.26499999999999,157.25700000000001,kcat_div_KM,157.25652846919871,,,,missing,,PASS_HEADER_DECLARED,REFERENCE_ONLY,,ID_JOIN_MISSING,PASS_REGENERATED,020ae82ebb6680d63d43e7266e2f6dc244539526a0095a69cf96bf3150cc337e
2515,WT,WT,PRESENT,group_0130,true,4.0262000000000002,328.21300000000002,81.519300000000001,kcat_div_KM,81.519298594207939,,,,missing,,PASS_HEADER_DECLARED,REFERENCE_ONLY,,ID_JOIN_MISSING,PASS_REGENERATED,020ae82ebb6680d63d43e7266e2f6dc244539526a0095a69cf96bf3150cc337e
2580,WT,WT,PRESENT,group_0131,true,1.5396700000000001,507.31099999999998,329.49299999999999,kcat_div_KM,329.49333298693875,,,,missing,,PASS_HEADER_DECLARED,REFERENCE_ONLY,,ID_JOIN_MISSING,PASS_REGENERATED,020ae82ebb6680d63d43e7266e2f6dc244539526a0095a69cf96bf3150cc337e
2582,WT,WT,PRESENT,group_0132,true,3.6313499999999999,308.54899999999998,84.968199999999996,kcat_div_KM,84.968124802070847,,,,missing,,PASS_HEADER_DECLARED,REFERENCE_ONLY,,ID_JOIN_MISSING,PASS_REGENERATED,020ae82ebb6680d63d43e7266e2f6dc244539526a0095a69cf96bf3150cc337e
2583,WT,WT,PRESENT,group_0133,true,4.8851100000000001,308.80599999999998,63.213700000000003,kcat_div_KM,63.213724972416173,,,,missing,,PASS_HEADER_DECLARED,REFERENCE_ONLY,,ID_JOIN_MISSING,PASS_REGENERATED,020ae82ebb6680d63d43e7266e2f6dc244539526a0095a69cf96bf3150cc337e
2584,WT,WT,PRESENT,group_0134,true,2.9787400000000002,325.89699999999999,109.408,kcat_div_KM,109.40766901441548,,,,missing,,PASS_HEADER_DECLARED,REFERENCE_ONLY,,ID_JOIN_MISSING,PASS_REGENERATED,020ae82ebb6680d63d43e7266e2f6dc244539526a0095a69cf96bf3150cc337e
2598,WT,WT,PRESENT,group_0135,true,1.42367,552.23299999999995,387.89499999999998,kcat_div_KM,387.89396419113979,,,,missing,,PASS_HEADER_DECLARED,REFERENCE_ONLY,,ID_JOIN_MISSING,PASS_REGENERATED,020ae82ebb6680d63d43e7266e2f6dc244539526a0095a69cf96bf3150cc337e
2614,WT,WT,PRESENT,group_0136,true,5.3585200000000004,282.41899999999998,52.704700000000003,kcat_div_KM,52.704664720855753,,,,missing,,PASS_HEADER_DECLARED,REFERENCE_ONLY,,ID_JOIN_MISSING,PASS_REGENERATED,020ae82ebb6680d63d43e7266e2f6dc244539526a0095a69cf96bf3150cc337e
3263,WT,WT,PRESENT,group_0137,true,4.3277400000000004,190.47900000000001,44.013599999999997,kcat_div_KM,44.013503583856703,,,,missing,,PASS_HEADER_DECLARED,REFERENCE_ONLY,,ID_JOIN_MISSING,PASS_REGENERATED,020ae82ebb6680d63d43e7266e2f6dc244539526a0095a69cf96bf3150cc337e
3241,WT,WT,PRESENT,group_0025,true,1.18483,195.32400000000001,164.85400000000001,kcat_div_KM,164.85402969202332,,,,missing,,PASS_HEADER_DECLARED,REFERENCE_ONLY,,ID_JOIN_MISSING,PASS_REGENERATED,020ae82ebb6680d63d43e7266e2f6dc244539526a0095a69cf96bf3150cc337e
3286,WT,WT,PRESENT,group_0138,true,3.1236899999999999,264.13099999999997,84.557299999999998,kcat_div_KM,84.557366448015003,,,,missing,,PASS_HEADER_DECLARED,REFERENCE_ONLY,,ID_JOIN_MISSING,PASS_REGENERATED,020ae82ebb6680d63d43e7266e2f6dc244539526a0095a69cf96bf3150cc337e
3248,WT,WT,PRESENT,group_0025,true,2.8230400000000002,209.744,74.297300000000007,kcat_div_KM,74.297211516662884,,,,missing,,PASS_HEADER_DECLARED,REFERENCE_ONLY,,ID_JOIN_MISSING,PASS_REGENERATED,020ae82ebb6680d63d43e7266e2f6dc244539526a0095a69cf96bf3150cc337e
3244,WT,WT,PRESENT,group_0025,true,1.31074,252.09299999999999,192.328,kcat_div_KM,192.32876085264812,,,,missing,,PASS_HEADER_DECLARED,REFERENCE_ONLY,,ID_JOIN_MISSING,PASS_REGENERATED,020ae82ebb6680d63d43e7266e2f6dc244539526a0095a69cf96bf3150cc337e
2692,WT,WT,PRESENT,group_0139,true,,,,missing,,,,,missing,,PASS_HEADER_DECLARED,QUARANTINE,MISSING_REQUIRED_FIELD,ID_JOIN_MISSING,PASS_REGENERATED,020ae82ebb6680d63d43e7266e2f6dc244539526a0095a69cf96bf3150cc337e
2703,WT,WT,PRESENT,group_0002,true,,,,missing,,,,,missing,,PASS_HEADER_DECLARED,QUARANTINE,MISSING_REQUIRED_FIELD,ID_JOIN_MISSING,PASS_REGENERATED,020ae82ebb6680d63d43e7266e2f6dc244539526a0095a69cf96bf3150cc337e
2709,WT,WT,PRESENT,group_0140,true,,,,missing,,,,,missing,,PASS_HEADER_DECLARED,QUARANTINE,MISSING_REQUIRED_FIELD,ID_JOIN_MISSING,PASS_REGENERATED,020ae82ebb6680d63d43e7266e2f6dc244539526a0095a69cf96bf3150cc337e
2710,WT,WT,PRESENT,group_0141,true,,,,missing,,,,,missing,,PASS_HEADER_DECLARED,QUARANTINE,MISSING_REQUIRED_FIELD,ID_JOIN_MISSING,PASS_REGENERATED,020ae82ebb6680d63d43e7266e2f6dc244539526a0095a69cf96bf3150cc337e
2718,WT,WT,PRESENT,group_0142,true,,,,missing,,,,,missing,,PASS_HEADER_DECLARED,QUARANTINE,MISSING_REQUIRED_FIELD,ID_JOIN_MISSING,PASS_REGENERATED,020ae82ebb6680d63d43e7266e2f6dc244539526a0095a69cf96bf3150cc337e
2720,WT,WT,PRESENT,group_0143,true,,,,missing,,,,,missing,,PASS_HEADER_DECLARED,QUARANTINE,MISSING_REQUIRED_FIELD,ID_JOIN_MISSING,PASS_REGENERATED,020ae82ebb6680d63d43e7266e2f6dc244539526a0095a69cf96bf3150cc337e
2728,WT,WT,PRESENT,group_0144,false,4.2098500000000003,207.18700000000001,49.2149,kcat_div_KM,49.214817630081832,,,,missing,,PASS_HEADER_DECLARED,QUARANTINE,EXPRESSION_CONTRADICTION,ID_JOIN_MISSING,PASS_REGENERATED,020ae82ebb6680d63d43e7266e2f6dc244539526a0095a69cf96bf3150cc337e
2725,WT,WT,PRESENT,group_0145,true,,,,missing,,,,,missing,,PASS_HEADER_DECLARED,QUARANTINE,MISSING_REQUIRED_FIELD,ID_JOIN_MISSING,PASS_REGENERATED,020ae82ebb6680d63d43e7266e2f6dc244539526a0095a69cf96bf3150cc337e
2732,WT,WT,PRESENT,group_0146,true,0.96800200000000003,174.52500000000001,180.29400000000001,kcat_div_KM,180.29404897923766,,,,missing,,PASS_HEADER_DECLARED,REFERENCE_ONLY,,ID_JOIN_MISSING,PASS_REGENERATED,020ae82ebb6680d63d43e7266e2f6dc244539526a0095a69cf96bf3150cc337e
2738,WT,WT,PRESENT,group_0147,true,1.0650900000000001,196.58799999999999,184.57300000000001,kcat_div_KM,184.57407355246971,,,,missing,,PASS_HEADER_DECLARED,REFERENCE_ONLY,,ID_JOIN_MISSING,PASS_REGENERATED,020ae82ebb6680d63d43e7266e2f6dc244539526a0095a69cf96bf3150cc337e
2740,WT,WT,PRESENT,group_0148,true,4.5974300000000001,204.16800000000001,44.409100000000002,kcat_div_KM,44.409159030153802,,,,missing,,PASS_HEADER_DECLARED,REFERENCE_ONLY,,ID_JOIN_MISSING,PASS_REGENERATED,020ae82ebb6680d63d43e7266e2f6dc244539526a0095a69cf96bf3150cc337e
2762,WT,WT,PRESENT,group_0149,true,8.4214900000000004,267.17399999999998,31.725300000000001,kcat_div_KM,31.725264769061052,,,,missing,,PASS_HEADER_DECLARED,REFERENCE_ONLY,,ID_JOIN_MISSING,PASS_REGENERATED,020ae82ebb6680d63d43e7266e2f6dc244539526a0095a69cf96bf3150cc337e
2766,WT,WT,PRESENT,group_0150,true,5.6865500000000004,241.874,42.534399999999998,kcat_div_KM,42.534401350555257,,,,missing,,PASS_HEADER_DECLARED,REFERENCE_ONLY,,ID_JOIN_MISSING,PASS_REGENERATED,020ae82ebb6680d63d43e7266e2f6dc244539526a0095a69cf96bf3150cc337e
2860,WT,WT,PRESENT,group_0151,true,5.2105899999999998,376.09500000000003,72.179100000000005,kcat_div_KM,72.178966297482631,,,,missing,,PASS_HEADER_DECLARED,REFERENCE_ONLY,,ID_JOIN_MISSING,PASS_REGENERATED,020ae82ebb6680d63d43e7266e2f6dc244539526a0095a69cf96bf3150cc337e
2772,WT,WT,PRESENT,group_0152,true,,,,missing,,,,,missing,,PASS_HEADER_DECLARED,QUARANTINE,MISSING_REQUIRED_FIELD,ID_JOIN_MISSING,PASS_REGENERATED,020ae82ebb6680d63d43e7266e2f6dc244539526a0095a69cf96bf3150cc337e
2777,WT,WT,PRESENT,group_0153,true,,,,missing,,,,,missing,,PASS_HEADER_DECLARED,QUARANTINE,MISSING_REQUIRED_FIELD,ID_JOIN_MISSING,PASS_REGENERATED,020ae82ebb6680d63d43e7266e2f6dc244539526a0095a69cf96bf3150cc337e
2782,WT,WT,PRESENT,group_0134,true,,,,missing,,,,,missing,,PASS_HEADER_DECLARED,QUARANTINE,MISSING_REQUIRED_FIELD,ID_JOIN_MISSING,PASS_REGENERATED,020ae82ebb6680d63d43e7266e2f6dc244539526a0095a69cf96bf3150cc337e
2804,WT,WT,PRESENT,group_0130,true,3.2776000000000001,343.70299999999997,104.864,kcat_div_KM,104.86422992433486,,,,missing,,PASS_HEADER_DECLARED,REFERENCE_ONLY,,ID_JOIN_MISSING,PASS_REGENERATED,020ae82ebb6680d63d43e7266e2f6dc244539526a0095a69cf96bf3150cc337e
2805,WT,WT,PRESENT,group_0130,true,3.7267600000000001,348.274,93.452299999999994,kcat_div_KM,93.452221232384161,,,,missing,,PASS_HEADER_DECLARED,REFERENCE_ONLY,,ID_JOIN_MISSING,PASS_REGENERATED,020ae82ebb6680d63d43e7266e2f6dc244539526a0095a69cf96bf3150cc337e
2856,WT,WT,PRESENT,group_0154,true,6.2809799999999996,484.17899999999997,77.086600000000004,kcat_div_KM,77.086537451162087,,,,missing,,PASS_HEADER_DECLARED,REFERENCE_ONLY,,ID_JOIN_MISSING,PASS_REGENERATED,020ae82ebb6680d63d43e7266e2f6dc244539526a0095a69cf96bf3150cc337e
2859,WT,WT,PRESENT,group_0155,true,4.9260599999999997,353.67399999999998,71.796400000000006,kcat_div_KM,71.796527041895558,,,,missing,,PASS_HEADER_DECLARED,REFERENCE_ONLY,,ID_JOIN_MISSING,PASS_REGENERATED,020ae82ebb6680d63d43e7266e2f6dc244539526a0095a69cf96bf3150cc337e
2867,WT,WT,PRESENT,group_0156,true,3.78057,401.24000000000001,106.13200000000001,kcat_div_KM,106.13214409467356,,,,missing,,PASS_HEADER_DECLARED,REFERENCE_ONLY,,ID_JOIN_MISSING,PASS_REGENERATED,020ae82ebb6680d63d43e7266e2f6dc244539526a0095a69cf96bf3150cc337e
3029,WT,WT,PRESENT,group_0157,true,4.9784600000000001,851.43200000000002,171.023,kcat_div_KM,171.02316780691217,,,,missing,,PASS_HEADER_DECLARED,REFERENCE_ONLY,,ID_JOIN_MISSING,PASS_REGENERATED,020ae82ebb6680d63d43e7266e2f6dc244539526a0095a69cf96bf3150cc337e
3050,WT,WT,PRESENT,group_0158,true,6.0631700000000004,914.21799999999996,150.78200000000001,kcat_div_KM,150.78218159807491,,,,missing,,PASS_HEADER_DECLARED,REFERENCE_ONLY,,ID_JOIN_MISSING,PASS_REGENERATED,020ae82ebb6680d63d43e7266e2f6dc244539526a0095a69cf96bf3150cc337e
3082,WT,WT,PRESENT,group_0159,true,3.39683,604.26499999999999,177.89099999999999,kcat_div_KM,177.89085706379183,,,,missing,,PASS_HEADER_DECLARED,REFERENCE_ONLY,,ID_JOIN_MISSING,PASS_REGENERATED,020ae82ebb6680d63d43e7266e2f6dc244539526a0095a69cf96bf3150cc337e
3086,WT,WT,PRESENT,group_0159,true,2.97736,574.06299999999999,192.809,kcat_div_KM,192.80940161754037,,,,missing,,PASS_HEADER_DECLARED,REFERENCE_ONLY,,ID_JOIN_MISSING,PASS_REGENERATED,020ae82ebb6680d63d43e7266e2f6dc244539526a0095a69cf96bf3150cc337e
3099,WT,WT,PRESENT,group_0160,true,1.9680200000000001,1175.0899999999999,597.09199999999998,kcat_div_KM,597.09250922246713,,,,missing,,PASS_HEADER_DECLARED,REFERENCE_ONLY,,ID_JOIN_MISSING,PASS_REGENERATED,020ae82ebb6680d63d43e7266e2f6dc244539526a0095a69cf96bf3150cc337e
3106,WT,WT,PRESENT,group_0161,true,2.8374000000000001,1573.99,554.72900000000004,kcat_div_KM,554.72968210333397,,,,missing,,PASS_HEADER_DECLARED,REFERENCE_ONLY,,ID_JOIN_MISSING,PASS_REGENERATED,020ae82ebb6680d63d43e7266e2f6dc244539526a0095a69cf96bf3150cc337e
3112,WT,WT,PRESENT,group_0162,true,1.5535600000000001,1355.71,872.649,kcat_div_KM,872.64733901490774,,,,missing,,PASS_HEADER_DECLARED,REFERENCE_ONLY,,ID_JOIN_MISSING,PASS_REGENERATED,020ae82ebb6680d63d43e7266e2f6dc244539526a0095a69cf96bf3150cc337e
3113,WT,WT,PRESENT,group_0163,true,,,,missing,,,,,missing,,PASS_HEADER_DECLARED,QUARANTINE,MISSING_REQUIRED_FIELD,ID_JOIN_MISSING,PASS_REGENERATED,020ae82ebb6680d63d43e7266e2f6dc244539526a0095a69cf96bf3150cc337e
3118,WT,WT,PRESENT,group_0164,true,,,,missing,,,,,missing,,PASS_HEADER_DECLARED,QUARANTINE,MISSING_REQUIRED_FIELD,ID_JOIN_MISSING,PASS_REGENERATED,020ae82ebb6680d63d43e7266e2f6dc244539526a0095a69cf96bf3150cc337e
3123,WT,WT,PRESENT,group_0165,true,2.8679999999999999,702.27999999999997,244.86799999999999,kcat_div_KM,244.86750348675034,,,,missing,,PASS_HEADER_DECLARED,REFERENCE_ONLY,,ID_JOIN_MISSING,PASS_REGENERATED,020ae82ebb6680d63d43e7266e2f6dc244539526a0095a69cf96bf3150cc337e
3129,WT,WT,PRESENT,group_0166,true,3.26376,986.57000000000005,302.27999999999997,kcat_div_KM,302.28019217099296,,,,missing,,PASS_HEADER_DECLARED,REFERENCE_ONLY,,ID_JOIN_MISSING,PASS_REGENERATED,020ae82ebb6680d63d43e7266e2f6dc244539526a0095a69cf96bf3150cc337e
3130,WT,WT,PRESENT,group_0167,true,2.2602899999999999,1091.99,483.12,kcat_div_KM,483.11942272894186,,,,missing,,PASS_HEADER_DECLARED,REFERENCE_ONLY,,ID_JOIN_MISSING,PASS_REGENERATED,020ae82ebb6680d63d43e7266e2f6dc244539526a0095a69cf96bf3150cc337e
3193,WT,WT,PRESENT,group_0168,true,2.3860000000000001,227.845,95.492699999999999,kcat_div_KM,95.492455993294215,,,,missing,,PASS_HEADER_DECLARED,REFERENCE_ONLY,,ID_JOIN_MISSING,PASS_REGENERATED,020ae82ebb6680d63d43e7266e2f6dc244539526a0095a69cf96bf3150cc337e
3204,WT,WT,PRESENT,group_0169,true,11.373100000000001,482.43599999999998,42.418999999999997,kcat_div_KM,42.419041422303501,,,,missing,,PASS_HEADER_DECLARED,REFERENCE_ONLY,,ID_JOIN_MISSING,PASS_REGENERATED,020ae82ebb6680d63d43e7266e2f6dc244539526a0095a69cf96bf3150cc337e
3205,WT,WT,PRESENT,group_0170,true,1.3701300000000001,670.70100000000002,489.51600000000002,kcat_div_KM,489.51632326859493,,,,missing,,PASS_HEADER_DECLARED,REFERENCE_ONLY,,ID_JOIN_MISSING,PASS_REGENERATED,020ae82ebb6680d63d43e7266e2f6dc244539526a0095a69cf96bf3150cc337e
3272,WT,WT,PRESENT,group_0171,true,3.9996700000000001,264.63600000000002,66.164400000000001,kcat_div_KM,66.164458567831858,,,,missing,,PASS_HEADER_DECLARED,REFERENCE_ONLY,,ID_JOIN_MISSING,PASS_REGENERATED,020ae82ebb6680d63d43e7266e2f6dc244539526a0095a69cf96bf3150cc337e
3273,WT,WT,PRESENT,group_0172,true,2.3719800000000002,223.37299999999999,94.171199999999999,kcat_div_KM,94.171536016323898,,,,missing,,PASS_HEADER_DECLARED,REFERENCE_ONLY,,ID_JOIN_MISSING,PASS_REGENERATED,020ae82ebb6680d63d43e7266e2f6dc244539526a0095a69cf96bf3150cc337e
3281,WT,WT,PRESENT,group_0173,false,4.3277400000000004,190.47900000000001,44.013599999999997,kcat_div_KM,44.013503583856703,,,,missing,,PASS_HEADER_DECLARED,QUARANTINE,EXPRESSION_CONTRADICTION,ID_JOIN_MISSING,PASS_REGENERATED,020ae82ebb6680d63d43e7266e2f6dc244539526a0095a69cf96bf3150cc337e
3274,WT,WT,PRESENT,group_0174,true,2.3786499999999999,223.28399999999999,93.870199999999997,kcat_div_KM,93.87005234061337,,,,missing,,PASS_HEADER_DECLARED,REFERENCE_ONLY,,ID_JOIN_MISSING,PASS_REGENERATED,020ae82ebb6680d63d43e7266e2f6dc244539526a0095a69cf96bf3150cc337e
3275,WT,WT,PRESENT,group_0175,true,4.3277400000000004,190.47900000000001,44.013599999999997,kcat_div_KM,44.013503583856703,,,,missing,,PASS_HEADER_DECLARED,REFERENCE_ONLY,,ID_JOIN_MISSING,PASS_REGENERATED,020ae82ebb6680d63d43e7266e2f6dc244539526a0095a69cf96bf3150cc337e
3278,WT,WT,PRESENT,group_0176,true,3.9996700000000001,264.63600000000002,66.164400000000001,kcat_div_KM,66.164458567831858,,,,missing,,PASS_HEADER_DECLARED,REFERENCE_ONLY,,ID_JOIN_MISSING,PASS_REGENERATED,020ae82ebb6680d63d43e7266e2f6dc244539526a0095a69cf96bf3150cc337e
3279,WT,WT,PRESENT,group_0177,true,2.3719800000000002,223.37299999999999,94.171199999999999,kcat_div_KM,94.171536016323898,,,,missing,,PASS_HEADER_DECLARED,REFERENCE_ONLY,,ID_JOIN_MISSING,PASS_REGENERATED,020ae82ebb6680d63d43e7266e2f6dc244539526a0095a69cf96bf3150cc337e
3280,WT,WT,PRESENT,group_0178,true,3.9996700000000001,264.63600000000002,66.164400000000001,kcat_div_KM,66.164458567831858,,,,missing,,PASS_HEADER_DECLARED,REFERENCE_ONLY,,ID_JOIN_MISSING,PASS_REGENERATED,020ae82ebb6680d63d43e7266e2f6dc244539526a0095a69cf96bf3150cc337e
3303,WT,WT,PRESENT,group_0179,true,5.5721400000000001,370.26100000000002,66.448499999999996,kcat_div_KM,66.448617586779946,,,,missing,,PASS_HEADER_DECLARED,REFERENCE_ONLY,,ID_JOIN_MISSING,PASS_REGENERATED,020ae82ebb6680d63d43e7266e2f6dc244539526a0095a69cf96bf3150cc337e
3329,WT,WT,PRESENT,group_0138,true,3.0962000000000001,256.82600000000002,82.948599999999999,kcat_div_KM,82.948775918868293,,,,missing,,PASS_HEADER_DECLARED,REFERENCE_ONLY,,ID_JOIN_MISSING,PASS_REGENERATED,020ae82ebb6680d63d43e7266e2f6dc244539526a0095a69cf96bf3150cc337e
3337,WT,WT,PRESENT,group_0100,true,6.7487199999999996,372.33100000000002,55.1706,kcat_div_KM,55.170610130513644,,,,missing,,PASS_HEADER_DECLARED,REFERENCE_ONLY,,ID_JOIN_MISSING,PASS_REGENERATED,020ae82ebb6680d63d43e7266e2f6dc244539526a0095a69cf96bf3150cc337e
3342,WT,WT,PRESENT,group_0100,true,6.0304200000000003,364.79199999999997,60.491900000000001,kcat_div_KM,60.491972366767151,,,,missing,,PASS_HEADER_DECLARED,REFERENCE_ONLY,,ID_JOIN_MISSING,PASS_REGENERATED,020ae82ebb6680d63d43e7266e2f6dc244539526a0095a69cf96bf3150cc337e
3346,WT,WT,PRESENT,group_0100,true,6.7104600000000003,374.17700000000002,55.760300000000001,kcat_div_KM,55.760260846499349,,,,missing,,PASS_HEADER_DECLARED,REFERENCE_ONLY,,ID_JOIN_MISSING,PASS_REGENERATED,020ae82ebb6680d63d43e7266e2f6dc244539526a0095a69cf96bf3150cc337e
3359,WT,WT,PRESENT,group_0025,true,4.10053,277.24700000000001,67.6126,kcat_div_KM,67.612479362423883,,,,missing,,PASS_HEADER_DECLARED,REFERENCE_ONLY,,ID_JOIN_MISSING,PASS_REGENERATED,020ae82ebb6680d63d43e7266e2f6dc244539526a0095a69cf96bf3150cc337e
3363,WT,WT,PRESENT,group_0025,true,5.0710300000000004,284.548,56.112499999999997,kcat_div_KM,56.112466303689779,,,,missing,,PASS_HEADER_DECLARED,REFERENCE_ONLY,,ID_JOIN_MISSING,PASS_REGENERATED,020ae82ebb6680d63d43e7266e2f6dc244539526a0095a69cf96bf3150cc337e
3367,WT,WT,PRESENT,group_0025,true,5.0617999999999999,336.38900000000001,66.456500000000005,kcat_div_KM,66.45639890947885,,,,missing,,PASS_HEADER_DECLARED,REFERENCE_ONLY,,ID_JOIN_MISSING,PASS_REGENERATED,020ae82ebb6680d63d43e7266e2f6dc244539526a0095a69cf96bf3150cc337e
3372,WT,WT,PRESENT,group_0180,true,7.4385599999999998,623.22799999999995,83.7834,kcat_div_KM,83.783420446968222,,,,missing,,PASS_HEADER_DECLARED,REFERENCE_ONLY,,ID_JOIN_MISSING,PASS_REGENERATED,020ae82ebb6680d63d43e7266e2f6dc244539526a0095a69cf96bf3150cc337e
3373,WT,WT,PRESENT,group_0181,true,5.41683,804.55999999999995,148.53,kcat_div_KM,148.52967510518144,,,,missing,,PASS_HEADER_DECLARED,REFERENCE_ONLY,,ID_JOIN_MISSING,PASS_REGENERATED,020ae82ebb6680d63d43e7266e2f6dc244539526a0095a69cf96bf3150cc337e
3382,WT,WT,PRESENT,group_0100,true,5.1725599999999998,344.904,66.679500000000004,kcat_div_KM,66.679555191239928,,,,missing,,PASS_HEADER_DECLARED,REFERENCE_ONLY,,ID_JOIN_MISSING,PASS_REGENERATED,020ae82ebb6680d63d43e7266e2f6dc244539526a0095a69cf96bf3150cc337e
3383,WT,WT,PRESENT,group_0100,true,6.8379899999999996,363.51400000000001,53.161000000000001,kcat_div_KM,53.160943493628977,,,,missing,,PASS_HEADER_DECLARED,REFERENCE_ONLY,,ID_JOIN_MISSING,PASS_REGENERATED,020ae82ebb6680d63d43e7266e2f6dc244539526a0095a69cf96bf3150cc337e
3390,WT,WT,PRESENT,group_0100,true,6.8624200000000002,358.947,52.306100000000001,kcat_div_KM,52.306183532922788,,,,missing,,PASS_HEADER_DECLARED,REFERENCE_ONLY,,ID_JOIN_MISSING,PASS_REGENERATED,020ae82ebb6680d63d43e7266e2f6dc244539526a0095a69cf96bf3150cc337e
3415,WT,WT,PRESENT,group_0182,true,4.5095400000000003,167.941,37.241199999999999,kcat_div_KM,37.241270728278273,,,,missing,,PASS_HEADER_DECLARED,REFERENCE_ONLY,,ID_JOIN_MISSING,PASS_REGENERATED,020ae82ebb6680d63d43e7266e2f6dc244539526a0095a69cf96bf3150cc337e
3419,WT,WT,PRESENT,group_0183,true,3.7438199999999999,363.94799999999998,97.212999999999994,kcat_div_KM,97.213007035594657,,,,missing,,PASS_HEADER_DECLARED,REFERENCE_ONLY,,ID_JOIN_MISSING,PASS_REGENERATED,020ae82ebb6680d63d43e7266e2f6dc244539526a0095a69cf96bf3150cc337e
3420,WT,WT,PRESENT,group_0059,true,4.1960499999999996,349.93200000000002,83.395499999999998,kcat_div_KM,83.395574409265862,,,,missing,,PASS_HEADER_DECLARED,REFERENCE_ONLY,,ID_JOIN_MISSING,PASS_REGENERATED,020ae82ebb6680d63d43e7266e2f6dc244539526a0095a69cf96bf3150cc337e
3425,WT,WT,PRESENT,group_0184,true,5,324.03100000000001,64.806200000000004,kcat_div_KM,64.806200000000004,,,,missing,,PASS_HEADER_DECLARED,REFERENCE_ONLY,,ID_JOIN_MISSING,PASS_REGENERATED,020ae82ebb6680d63d43e7266e2f6dc244539526a0095a69cf96bf3150cc337e
3432,WT,WT,PRESENT,group_0183,true,4.2598099999999999,300.94299999999998,70.647000000000006,kcat_div_KM,70.647047638274941,,,,missing,,PASS_HEADER_DECLARED,REFERENCE_ONLY,,ID_JOIN_MISSING,PASS_REGENERATED,020ae82ebb6680d63d43e7266e2f6dc244539526a0095a69cf96bf3150cc337e
3444,WT,WT,PRESENT,group_0185,true,2.3753500000000001,215.471,90.711200000000005,kcat_div_KM,90.711263603258459,,,,missing,,PASS_HEADER_DECLARED,REFERENCE_ONLY,,ID_JOIN_MISSING,PASS_REGENERATED,020ae82ebb6680d63d43e7266e2f6dc244539526a0095a69cf96bf3150cc337e
3450,WT,WT,PRESENT,group_0186,true,4.7216100000000001,353.26499999999999,74.818799999999996,kcat_div_KM,74.818758855559864,,,,missing,,PASS_HEADER_DECLARED,REFERENCE_ONLY,,ID_JOIN_MISSING,PASS_REGENERATED,020ae82ebb6680d63d43e7266e2f6dc244539526a0095a69cf96bf3150cc337e
3894,WT,WT,PRESENT,group_0025,true,3.60846,279.17099999999999,77.365600000000001,kcat_div_KM,77.365690627026481,,,,missing,,PASS_HEADER_DECLARED,REFERENCE_ONLY,,ID_JOIN_MISSING,PASS_REGENERATED,020ae82ebb6680d63d43e7266e2f6dc244539526a0095a69cf96bf3150cc337e
3484,WT,WT,PRESENT,group_0130,true,4.0299399999999999,340.50200000000001,84.492999999999995,kcat_div_KM,84.493069375722726,,,,missing,,PASS_HEADER_DECLARED,REFERENCE_ONLY,,ID_JOIN_MISSING,PASS_REGENERATED,020ae82ebb6680d63d43e7266e2f6dc244539526a0095a69cf96bf3150cc337e
3890,WT,WT,PRESENT,group_0025,true,2.1631800000000001,209.434,96.817700000000002,kcat_div_KM,96.81764809216061,,,,missing,,PASS_HEADER_DECLARED,REFERENCE_ONLY,,ID_JOIN_MISSING,PASS_REGENERATED,020ae82ebb6680d63d43e7266e2f6dc244539526a0095a69cf96bf3150cc337e
3544,WT,WT,PRESENT,group_0187,true,1.9583600000000001,898.98000000000002,459.048,kcat_div_KM,459.04736616352454,,,,missing,,PASS_HEADER_DECLARED,REFERENCE_ONLY,,ID_JOIN_MISSING,PASS_REGENERATED,020ae82ebb6680d63d43e7266e2f6dc244539526a0095a69cf96bf3150cc337e
3553,WT,WT,PRESENT,group_0188,true,3.2098399999999998,1319.6199999999999,411.11799999999999,kcat_div_KM,411.11706502504796,,,,missing,,PASS_HEADER_DECLARED,REFERENCE_ONLY,,ID_JOIN_MISSING,PASS_REGENERATED,020ae82ebb6680d63d43e7266e2f6dc244539526a0095a69cf96bf3150cc337e
3563,WT,WT,PRESENT,group_0189,true,3.4832000000000001,1310.8199999999999,376.327,kcat_div_KM,376.32636655948551,,,,missing,,PASS_HEADER_DECLARED,REFERENCE_ONLY,,ID_JOIN_MISSING,PASS_REGENERATED,020ae82ebb6680d63d43e7266e2f6dc244539526a0095a69cf96bf3150cc337e
3564,WT,WT,PRESENT,group_0190,true,3.74858,1109.3299999999999,295.93299999999999,kcat_div_KM,295.93339344498446,,,,missing,,PASS_HEADER_DECLARED,REFERENCE_ONLY,,ID_JOIN_MISSING,PASS_REGENERATED,020ae82ebb6680d63d43e7266e2f6dc244539526a0095a69cf96bf3150cc337e
3567,WT,WT,PRESENT,group_0191,true,2.7378200000000001,1622.27,592.54100000000005,kcat_div_KM,592.54078062107806,,,,missing,,PASS_HEADER_DECLARED,REFERENCE_ONLY,,ID_JOIN_MISSING,PASS_REGENERATED,020ae82ebb6680d63d43e7266e2f6dc244539526a0095a69cf96bf3150cc337e
3580,WT,WT,PRESENT,group_0192,true,1.6796599999999999,607.60699999999997,361.74400000000003,kcat_div_KM,361.74404343736234,,,,missing,,PASS_HEADER_DECLARED,REFERENCE_ONLY,,ID_JOIN_MISSING,PASS_REGENERATED,020ae82ebb6680d63d43e7266e2f6dc244539526a0095a69cf96bf3150cc337e
3584,WT,WT,PRESENT,group_0193,true,3.16201,768.34699999999998,242.99299999999999,kcat_div_KM,242.99322266532997,,,,missing,,PASS_HEADER_DECLARED,REFERENCE_ONLY,,ID_JOIN_MISSING,PASS_REGENERATED,020ae82ebb6680d63d43e7266e2f6dc244539526a0095a69cf96bf3150cc337e
3585,WT,WT,PRESENT,group_0194,true,3.6019299999999999,1326.5899999999999,368.30000000000001,kcat_div_KM,368.29977262189993,,,,missing,,PASS_HEADER_DECLARED,REFERENCE_ONLY,,ID_JOIN_MISSING,PASS_REGENERATED,020ae82ebb6680d63d43e7266e2f6dc244539526a0095a69cf96bf3150cc337e
3587,WT,WT,PRESENT,group_0195,true,2.53769,899.90899999999999,354.61799999999999,kcat_div_KM,354.61738825467256,,,,missing,,PASS_HEADER_DECLARED,REFERENCE_ONLY,,ID_JOIN_MISSING,PASS_REGENERATED,020ae82ebb6680d63d43e7266e2f6dc244539526a0095a69cf96bf3150cc337e
3645,WT,WT,PRESENT,group_0196,true,3.3944899999999998,91.794600000000003,27.042300000000001,kcat_div_KM,27.042236094376477,,,,missing,,PASS_HEADER_DECLARED,REFERENCE_ONLY,,ID_JOIN_MISSING,PASS_REGENERATED,020ae82ebb6680d63d43e7266e2f6dc244539526a0095a69cf96bf3150cc337e
3647,WT,WT,PRESENT,group_0197,true,5.1604599999999996,262.65199999999999,50.896999999999998,kcat_div_KM,50.897013056975545,,,,missing,,PASS_HEADER_DECLARED,REFERENCE_ONLY,,ID_JOIN_MISSING,PASS_REGENERATED,020ae82ebb6680d63d43e7266e2f6dc244539526a0095a69cf96bf3150cc337e
3664,WT,WT,PRESENT,group_0198,true,2.1505800000000002,208.25700000000001,96.837800000000001,kcat_div_KM,96.837597299333197,,,,missing,,PASS_HEADER_DECLARED,REFERENCE_ONLY,,ID_JOIN_MISSING,PASS_REGENERATED,020ae82ebb6680d63d43e7266e2f6dc244539526a0095a69cf96bf3150cc337e
3660,WT,WT,PRESENT,group_0199,true,2.7087699999999999,455.38200000000001,168.114,kcat_div_KM,168.11394101381808,,,,missing,,PASS_HEADER_DECLARED,REFERENCE_ONLY,,ID_JOIN_MISSING,PASS_REGENERATED,020ae82ebb6680d63d43e7266e2f6dc244539526a0095a69cf96bf3150cc337e
3646,WT,WT,PRESENT,group_0200,true,6.0720499999999999,192.874,31.764299999999999,kcat_div_KM,31.764231190454623,,,,missing,,PASS_HEADER_DECLARED,REFERENCE_ONLY,,ID_JOIN_MISSING,PASS_REGENERATED,020ae82ebb6680d63d43e7266e2f6dc244539526a0095a69cf96bf3150cc337e
3681,WT,WT,PRESENT,group_0201,true,3.5247999999999999,247.92400000000001,70.337100000000007,kcat_div_KM,70.33704039945529,,,,missing,,PASS_HEADER_DECLARED,REFERENCE_ONLY,,ID_JOIN_MISSING,PASS_REGENERATED,020ae82ebb6680d63d43e7266e2f6dc244539526a0095a69cf96bf3150cc337e
3690,WT,WT,PRESENT,group_0202,true,3.0674399999999999,230.72999999999999,75.218900000000005,kcat_div_KM,75.219075189734767,,,,missing,,PASS_HEADER_DECLARED,REFERENCE_ONLY,,ID_JOIN_MISSING,PASS_REGENERATED,020ae82ebb6680d63d43e7266e2f6dc244539526a0095a69cf96bf3150cc337e
3692,WT,WT,PRESENT,group_0203,true,1.7705200000000001,253.89500000000001,143.40100000000001,kcat_div_KM,143.40137360775364,,,,missing,,PASS_HEADER_DECLARED,REFERENCE_ONLY,,ID_JOIN_MISSING,PASS_REGENERATED,020ae82ebb6680d63d43e7266e2f6dc244539526a0095a69cf96bf3150cc337e
3845,WT,WT,PRESENT,group_0204,true,1.7605299999999999,130.714,74.246899999999997,kcat_div_KM,74.246959722356337,,,,missing,,PASS_HEADER_DECLARED,REFERENCE_ONLY,,ID_JOIN_MISSING,PASS_REGENERATED,020ae82ebb6680d63d43e7266e2f6dc244539526a0095a69cf96bf3150cc337e
3847,WT,WT,PRESENT,group_0204,true,1.49271,128.40600000000001,86.021900000000002,kcat_div_KM,86.022067246819546,,,,missing,,PASS_HEADER_DECLARED,REFERENCE_ONLY,,ID_JOIN_MISSING,PASS_REGENERATED,020ae82ebb6680d63d43e7266e2f6dc244539526a0095a69cf96bf3150cc337e
3858,WT,WT,PRESENT,group_0169,true,5.9114300000000002,348.06999999999999,58.880800000000001,kcat_div_KM,58.880846089694032,,,,missing,,PASS_HEADER_DECLARED,REFERENCE_ONLY,,ID_JOIN_MISSING,PASS_REGENERATED,020ae82ebb6680d63d43e7266e2f6dc244539526a0095a69cf96bf3150cc337e
3903,WT,WT,PRESENT,group_0025,true,2.94103,292.99200000000002,99.622100000000003,kcat_div_KM,99.622241187611152,,,,missing,,PASS_HEADER_DECLARED,REFERENCE_ONLY,,ID_JOIN_MISSING,PASS_REGENERATED,020ae82ebb6680d63d43e7266e2f6dc244539526a0095a69cf96bf3150cc337e
3869,WT,WT,PRESENT,group_0170,true,4.0737800000000002,524.67100000000005,128.792,kcat_div_KM,128.79217827177709,,,,missing,,PASS_HEADER_DECLARED,REFERENCE_ONLY,,ID_JOIN_MISSING,PASS_REGENERATED,020ae82ebb6680d63d43e7266e2f6dc244539526a0095a69cf96bf3150cc337e
3873,WT,WT,PRESENT,group_0205,true,2.6091000000000002,188.887,72.395700000000005,kcat_div_KM,72.395462036717632,,,,missing,,PASS_HEADER_DECLARED,REFERENCE_ONLY,,ID_JOIN_MISSING,PASS_REGENERATED,020ae82ebb6680d63d43e7266e2f6dc244539526a0095a69cf96bf3150cc337e
3884,WT,WT,PRESENT,group_0206,true,3.5194999999999999,1050.72,298.541,kcat_div_KM,298.54240659184546,,,,missing,,PASS_HEADER_DECLARED,REFERENCE_ONLY,,ID_JOIN_MISSING,PASS_REGENERATED,020ae82ebb6680d63d43e7266e2f6dc244539526a0095a69cf96bf3150cc337e
3898,WT,WT,PRESENT,group_0025,true,3.00983,213.839,71.046899999999994,kcat_div_KM,71.04686975676367,,,,missing,,PASS_HEADER_DECLARED,REFERENCE_ONLY,,ID_JOIN_MISSING,PASS_REGENERATED,020ae82ebb6680d63d43e7266e2f6dc244539526a0095a69cf96bf3150cc337e
3945,WT,WT,PRESENT,group_0207,true,4.5695079999999999,132.464,28.988679999999999,kcat_div_KM,28.988678868709716,,,,missing,,PASS_HEADER_DECLARED,REFERENCE_ONLY,,ID_JOIN_MISSING,PASS_REGENERATED,020ae82ebb6680d63d43e7266e2f6dc244539526a0095a69cf96bf3150cc337e
3946,WT,WT,PRESENT,group_0208,true,3.1352699999999998,134.53360000000001,42.909730000000003,kcat_div_KM,42.909733451983406,,,,missing,,PASS_HEADER_DECLARED,REFERENCE_ONLY,,ID_JOIN_MISSING,PASS_REGENERATED,020ae82ebb6680d63d43e7266e2f6dc244539526a0095a69cf96bf3150cc337e
3947,WT,WT,PRESENT,group_0209,true,4.7744489999999997,121.5699,25.462610000000002,kcat_div_KM,25.462603119229048,,,,missing,,PASS_HEADER_DECLARED,REFERENCE_ONLY,,ID_JOIN_MISSING,PASS_REGENERATED,020ae82ebb6680d63d43e7266e2f6dc244539526a0095a69cf96bf3150cc337e
3953,WT,WT,PRESENT,group_0210,true,4.7928750000000004,498.43189999999998,103.9943,kcat_div_KM,103.99434577367445,,,,missing,,PASS_HEADER_DECLARED,REFERENCE_ONLY,,ID_JOIN_MISSING,PASS_REGENERATED,020ae82ebb6680d63d43e7266e2f6dc244539526a0095a69cf96bf3150cc337e
3954,WT,WT,PRESENT,group_0211,true,4.7734670000000001,978.65589999999997,205.01990000000001,kcat_div_KM,205.01993624340545,,,,missing,,PASS_HEADER_DECLARED,REFERENCE_ONLY,,ID_JOIN_MISSING,PASS_REGENERATED,020ae82ebb6680d63d43e7266e2f6dc244539526a0095a69cf96bf3150cc337e
3959,WT,WT,PRESENT,group_0212,true,4.5257079999999998,952.77210000000002,210.52440000000001,kcat_div_KM,210.52443065261835,,,,missing,,PASS_HEADER_DECLARED,REFERENCE_ONLY,,ID_JOIN_MISSING,PASS_REGENERATED,020ae82ebb6680d63d43e7266e2f6dc244539526a0095a69cf96bf3150cc337e
3961,WT,WT,PRESENT,group_0213,true,4.6072790000000001,728.63340000000005,158.14830000000001,kcat_div_KM,158.14831270257349,,,,missing,,PASS_HEADER_DECLARED,REFERENCE_ONLY,,ID_JOIN_MISSING,PASS_REGENERATED,020ae82ebb6680d63d43e7266e2f6dc244539526a0095a69cf96bf3150cc337e
3962,WT,WT,PRESENT,group_0214,true,3.2489599999999998,220.49539999999999,67.866439999999997,kcat_div_KM,67.866455727371218,,,,missing,,PASS_HEADER_DECLARED,REFERENCE_ONLY,,ID_JOIN_MISSING,PASS_REGENERATED,020ae82ebb6680d63d43e7266e2f6dc244539526a0095a69cf96bf3150cc337e
3974,WT,WT,PRESENT,group_0215,true,3.4208769999999999,132.80770000000001,38.822699999999998,kcat_div_KM,38.822705405660599,,,,missing,,PASS_HEADER_DECLARED,REFERENCE_ONLY,,ID_JOIN_MISSING,PASS_REGENERATED,020ae82ebb6680d63d43e7266e2f6dc244539526a0095a69cf96bf3150cc337e
3973,WT,WT,PRESENT,group_0216,true,2.2909739999999998,116.69880000000001,50.938510000000001,kcat_div_KM,50.938509123193896,,,,missing,,PASS_HEADER_DECLARED,REFERENCE_ONLY,,ID_JOIN_MISSING,PASS_REGENERATED,020ae82ebb6680d63d43e7266e2f6dc244539526a0095a69cf96bf3150cc337e
3972,WT,WT,PRESENT,group_0217,true,4.9968380000000003,143.1678,28.651679999999999,kcat_div_KM,28.651679322003233,,,,missing,,PASS_HEADER_DECLARED,REFERENCE_ONLY,,ID_JOIN_MISSING,PASS_REGENERATED,020ae82ebb6680d63d43e7266e2f6dc244539526a0095a69cf96bf3150cc337e
3975,WT,WT,PRESENT,group_0218,true,3.3393449999999998,186.0351,55.710059999999999,kcat_div_KM,55.710056912358567,,,,missing,,PASS_HEADER_DECLARED,REFERENCE_ONLY,,ID_JOIN_MISSING,PASS_REGENERATED,020ae82ebb6680d63d43e7266e2f6dc244539526a0095a69cf96bf3150cc337e
3999,WT,WT,PRESENT,group_0219,true,3.8327460000000002,195.10990000000001,50.906030000000001,kcat_div_KM,50.906034472412209,,,,missing,,PASS_HEADER_DECLARED,REFERENCE_ONLY,,ID_JOIN_MISSING,PASS_REGENERATED,020ae82ebb6680d63d43e7266e2f6dc244539526a0095a69cf96bf3150cc337e
4000,WT,WT,PRESENT,group_0220,true,3.3623720000000001,240.26339999999999,71.456500000000005,kcat_div_KM,71.456519385719361,,,,missing,,PASS_HEADER_DECLARED,REFERENCE_ONLY,,ID_JOIN_MISSING,PASS_REGENERATED,020ae82ebb6680d63d43e7266e2f6dc244539526a0095a69cf96bf3150cc337e
4001,WT,WT,PRESENT,group_0221,true,3.407435,187.18129999999999,54.933190000000003,kcat_div_KM,54.933197551824172,,,,missing,,PASS_HEADER_DECLARED,REFERENCE_ONLY,,ID_JOIN_MISSING,PASS_REGENERATED,020ae82ebb6680d63d43e7266e2f6dc244539526a0095a69cf96bf3150cc337e
4018,WT,WT,PRESENT,group_0222,true,3.6084540000000001,177.92349999999999,49.307389999999998,kcat_div_KM,49.307404223526191,,,,missing,,PASS_HEADER_DECLARED,REFERENCE_ONLY,,ID_JOIN_MISSING,PASS_REGENERATED,020ae82ebb6680d63d43e7266e2f6dc244539526a0095a69cf96bf3150cc337e
4021,WT,WT,PRESENT,group_0223,true,3.6408369999999999,192.834,52.964190000000002,kcat_div_KM,52.964194771696732,,,,missing,,PASS_HEADER_DECLARED,REFERENCE_ONLY,,ID_JOIN_MISSING,PASS_REGENERATED,020ae82ebb6680d63d43e7266e2f6dc244539526a0095a69cf96bf3150cc337e
4026,WT,WT,PRESENT,group_0224,true,4.8456539999999997,172.97649999999999,35.697240000000001,kcat_div_KM,35.697245407946994,,,,missing,,PASS_HEADER_DECLARED,REFERENCE_ONLY,,ID_JOIN_MISSING,PASS_REGENERATED,020ae82ebb6680d63d43e7266e2f6dc244539526a0095a69cf96bf3150cc337e
4028,WT,WT,PRESENT,group_0225,true,3.478281,223.76840000000001,64.33305,kcat_div_KM,64.333042672515532,,,,missing,,PASS_HEADER_DECLARED,REFERENCE_ONLY,,ID_JOIN_MISSING,PASS_REGENERATED,020ae82ebb6680d63d43e7266e2f6dc244539526a0095a69cf96bf3150cc337e
4055,WT,WT,PRESENT,group_0226,true,6.6764890000000001,1014.522,151.9545,kcat_div_KM,151.95441795830115,,,,missing,,PASS_HEADER_DECLARED,REFERENCE_ONLY,,ID_JOIN_MISSING,PASS_REGENERATED,020ae82ebb6680d63d43e7266e2f6dc244539526a0095a69cf96bf3150cc337e
4053,WT,WT,PRESENT,group_0227,true,6.0702680000000004,898.49509999999998,148.01570000000001,kcat_div_KM,148.01572187587104,,,,missing,,PASS_HEADER_DECLARED,REFERENCE_ONLY,,ID_JOIN_MISSING,PASS_REGENERATED,020ae82ebb6680d63d43e7266e2f6dc244539526a0095a69cf96bf3150cc337e
4061,WT,WT,PRESENT,group_0228,true,5.7740939999999998,1241.4200000000001,214.9982,kcat_div_KM,214.9982317572246,,,,missing,,PASS_HEADER_DECLARED,REFERENCE_ONLY,,ID_JOIN_MISSING,PASS_REGENERATED,020ae82ebb6680d63d43e7266e2f6dc244539526a0095a69cf96bf3150cc337e
4069,WT,WT,PRESENT,group_0229,true,6.1299419999999998,1019.822,166.3673,kcat_div_KM,166.36731636286282,,,,missing,,PASS_HEADER_DECLARED,REFERENCE_ONLY,,ID_JOIN_MISSING,PASS_REGENERATED,020ae82ebb6680d63d43e7266e2f6dc244539526a0095a69cf96bf3150cc337e
4070,WT,WT,PRESENT,group_0186,true,4.8610949999999997,205.10679999999999,42.193539999999999,kcat_div_KM,42.1935386985854,,,,missing,,PASS_HEADER_DECLARED,REFERENCE_ONLY,,ID_JOIN_MISSING,PASS_REGENERATED,020ae82ebb6680d63d43e7266e2f6dc244539526a0095a69cf96bf3150cc337e
4217,WT,WT,PRESENT,group_0230,true,6.8648990000000003,539.78790000000004,78.630129999999994,kcat_div_KM,78.630129882464402,,,,missing,,PASS_HEADER_DECLARED,REFERENCE_ONLY,,ID_JOIN_MISSING,PASS_REGENERATED,020ae82ebb6680d63d43e7266e2f6dc244539526a0095a69cf96bf3150cc337e
4246,WT,WT,PRESENT,group_0072,true,1.7674829999999999,262.27409999999998,148.38849999999999,kcat_div_KM,148.38847106308802,,,,missing,,PASS_HEADER_DECLARED,REFERENCE_ONLY,,ID_JOIN_MISSING,PASS_REGENERATED,020ae82ebb6680d63d43e7266e2f6dc244539526a0095a69cf96bf3150cc337e
4250,WT,WT,PRESENT,group_0072,true,2.9455840000000002,282.70940000000002,95.977360000000004,kcat_div_KM,95.977368155177373,,,,missing,,PASS_HEADER_DECLARED,REFERENCE_ONLY,,ID_JOIN_MISSING,PASS_REGENERATED,020ae82ebb6680d63d43e7266e2f6dc244539526a0095a69cf96bf3150cc337e
4251,WT,WT,PRESENT,group_0072,true,1.8673249999999999,263.64030000000002,141.18610000000001,kcat_div_KM,141.18608169440245,,,,missing,,PASS_HEADER_DECLARED,REFERENCE_ONLY,,ID_JOIN_MISSING,PASS_REGENERATED,020ae82ebb6680d63d43e7266e2f6dc244539526a0095a69cf96bf3150cc337e
4269,WT,WT,PRESENT,group_0231,true,5.3524719999999997,132.25149999999999,24.708500000000001,kcat_div_KM,24.708489834229866,,,,missing,,PASS_HEADER_DECLARED,REFERENCE_ONLY,,ID_JOIN_MISSING,PASS_REGENERATED,020ae82ebb6680d63d43e7266e2f6dc244539526a0095a69cf96bf3150cc337e
4275,WT,WT,PRESENT,group_0232,true,4.3823020000000001,944.54150000000004,215.53550000000001,kcat_div_KM,215.53546515050766,,,,missing,,PASS_HEADER_DECLARED,REFERENCE_ONLY,,ID_JOIN_MISSING,PASS_REGENERATED,020ae82ebb6680d63d43e7266e2f6dc244539526a0095a69cf96bf3150cc337e
4276,WT,WT,PRESENT,group_0233,true,5.3686860000000003,1176.8230000000001,219.20140000000001,kcat_div_KM,219.20130922166058,,,,missing,,PASS_HEADER_DECLARED,REFERENCE_ONLY,,ID_JOIN_MISSING,PASS_REGENERATED,020ae82ebb6680d63d43e7266e2f6dc244539526a0095a69cf96bf3150cc337e
4363,WT,WT,PRESENT,group_0025,true,2.9304640000000002,297.22640000000001,101.4264,kcat_div_KM,101.42639527392249,,,,missing,,PASS_HEADER_DECLARED,REFERENCE_ONLY,,ID_JOIN_MISSING,PASS_REGENERATED,020ae82ebb6680d63d43e7266e2f6dc244539526a0095a69cf96bf3150cc337e
4312,WT,WT,PRESENT,group_0234,true,4.9865120000000003,928.0575,186.11359999999999,kcat_div_KM,186.11355993929223,,,,missing,,PASS_HEADER_DECLARED,REFERENCE_ONLY,,ID_JOIN_MISSING,PASS_REGENERATED,020ae82ebb6680d63d43e7266e2f6dc244539526a0095a69cf96bf3150cc337e
4314,WT,WT,PRESENT,group_0235,true,5.3919759999999997,939.05999999999995,174.15880000000001,kcat_div_KM,174.15878705691568,,,,missing,,PASS_HEADER_DECLARED,REFERENCE_ONLY,,ID_JOIN_MISSING,PASS_REGENERATED,020ae82ebb6680d63d43e7266e2f6dc244539526a0095a69cf96bf3150cc337e
4317,WT,WT,PRESENT,group_0236,true,4.3721550000000002,944.72090000000003,216.07669999999999,kcat_div_KM,216.07671731674654,,,,missing,,PASS_HEADER_DECLARED,REFERENCE_ONLY,,ID_JOIN_MISSING,PASS_REGENERATED,020ae82ebb6680d63d43e7266e2f6dc244539526a0095a69cf96bf3150cc337e
4334,WT,WT,PRESENT,group_0237,true,10.12636,1191.6600000000001,117.67910000000001,kcat_div_KM,117.6790080542268,,,,missing,,PASS_HEADER_DECLARED,REFERENCE_ONLY,,ID_JOIN_MISSING,PASS_REGENERATED,020ae82ebb6680d63d43e7266e2f6dc244539526a0095a69cf96bf3150cc337e
4340,WT,WT,PRESENT,group_0238,true,2.4898560000000001,1217.066,488.80970000000002,kcat_div_KM,488.80979462266089,,,,missing,,PASS_HEADER_DECLARED,REFERENCE_ONLY,,ID_JOIN_MISSING,PASS_REGENERATED,020ae82ebb6680d63d43e7266e2f6dc244539526a0095a69cf96bf3150cc337e
4463,WT,WT,PRESENT,group_0239,true,3.5815540000000001,223.65459999999999,62.446240000000003,kcat_div_KM,62.44624540073945,,,,missing,,PASS_HEADER_DECLARED,REFERENCE_ONLY,,ID_JOIN_MISSING,PASS_REGENERATED,020ae82ebb6680d63d43e7266e2f6dc244539526a0095a69cf96bf3150cc337e
4355,WT,WT,PRESENT,group_0240,true,6.026389,373.21039999999999,61.929360000000003,kcat_div_KM,61.929357696623967,,,,missing,,PASS_HEADER_DECLARED,REFERENCE_ONLY,,ID_JOIN_MISSING,PASS_REGENERATED,020ae82ebb6680d63d43e7266e2f6dc244539526a0095a69cf96bf3150cc337e
4372,WT,WT,PRESENT,group_0230,true,1.0908,155.48220000000001,142.53970000000001,kcat_div_KM,142.53960396039605,,,,missing,,PASS_HEADER_DECLARED,REFERENCE_ONLY,,ID_JOIN_MISSING,PASS_REGENERATED,020ae82ebb6680d63d43e7266e2f6dc244539526a0095a69cf96bf3150cc337e
4374,WT,WT,PRESENT,group_0241,true,3.959171,351.78039999999999,88.852029999999999,kcat_div_KM,88.852034933575737,,,,missing,,PASS_HEADER_DECLARED,REFERENCE_ONLY,,ID_JOIN_MISSING,PASS_REGENERATED,020ae82ebb6680d63d43e7266e2f6dc244539526a0095a69cf96bf3150cc337e
4402,WT,WT,PRESENT,group_0242,true,2.1082809999999998,244.6686,116.05119999999999,kcat_div_KM,116.05122846527574,,,,missing,,PASS_HEADER_DECLARED,REFERENCE_ONLY,,ID_JOIN_MISSING,PASS_REGENERATED,020ae82ebb6680d63d43e7266e2f6dc244539526a0095a69cf96bf3150cc337e
4415,WT,WT,PRESENT,group_0243,true,7.8220229999999997,406.53570000000002,51.973210000000002,kcat_div_KM,51.973217158783605,,,,missing,,PASS_HEADER_DECLARED,REFERENCE_ONLY,,ID_JOIN_MISSING,PASS_REGENERATED,020ae82ebb6680d63d43e7266e2f6dc244539526a0095a69cf96bf3150cc337e
4439,WT,WT,PRESENT,group_0239,true,2.2996400000000001,310.29849999999999,134.93350000000001,kcat_div_KM,134.9335113322085,,,,missing,,PASS_HEADER_DECLARED,REFERENCE_ONLY,,ID_JOIN_MISSING,PASS_REGENERATED,020ae82ebb6680d63d43e7266e2f6dc244539526a0095a69cf96bf3150cc337e
4446,WT,WT,PRESENT,group_0012,true,4.4782159999999998,408.60680000000002,91.243189999999998,kcat_div_KM,91.243209349437379,,,,missing,,PASS_HEADER_DECLARED,REFERENCE_ONLY,,ID_JOIN_MISSING,PASS_REGENERATED,020ae82ebb6680d63d43e7266e2f6dc244539526a0095a69cf96bf3150cc337e
4448,WT,WT,PRESENT,group_0012,true,3.634417,410.77879999999999,113.0247,kcat_div_KM,113.0246749341091,,,,missing,,PASS_HEADER_DECLARED,REFERENCE_ONLY,,ID_JOIN_MISSING,PASS_REGENERATED,020ae82ebb6680d63d43e7266e2f6dc244539526a0095a69cf96bf3150cc337e
4452,WT,WT,PRESENT,group_0012,true,1.8355349999999999,390.00069999999999,212.4725,kcat_div_KM,212.47249439536702,,,,missing,,PASS_HEADER_DECLARED,REFERENCE_ONLY,,ID_JOIN_MISSING,PASS_REGENERATED,020ae82ebb6680d63d43e7266e2f6dc244539526a0095a69cf96bf3150cc337e
4456,WT,WT,PRESENT,group_0012,true,3.7775280000000002,468.05930000000001,123.9063,kcat_div_KM,123.90624238920267,,,,missing,,PASS_HEADER_DECLARED,REFERENCE_ONLY,,ID_JOIN_MISSING,PASS_REGENERATED,020ae82ebb6680d63d43e7266e2f6dc244539526a0095a69cf96bf3150cc337e
4486,WT,WT,PRESENT,group_0012,true,2.442294,332.82260000000002,136.27459999999999,kcat_div_KM,136.27458446853655,,,,missing,,PASS_HEADER_DECLARED,REFERENCE_ONLY,,ID_JOIN_MISSING,PASS_REGENERATED,020ae82ebb6680d63d43e7266e2f6dc244539526a0095a69cf96bf3150cc337e
4563,WT,WT,PRESENT,group_0047,true,6.2479380000000004,337.3494,53.993720000000003,kcat_div_KM,53.993717607313002,,,,missing,,PASS_HEADER_DECLARED,REFERENCE_ONLY,,ID_JOIN_MISSING,PASS_REGENERATED,020ae82ebb6680d63d43e7266e2f6dc244539526a0095a69cf96bf3150cc337e
234,W11F,SINGLE,PLACEHOLDER_UNKNOWN,UNKNOWN,true,5.3313899999999999,836.88599999999997,156.97300000000001,kcat_div_KM,156.97332215425996,6.2188800000000004,625.34699999999998,100.556,kcat_div_KM,100.55620947823401,PASS_HEADER_DECLARED,ELIGIBLE,,MISSING_REQUIRED_FIELD,PASS_SUPPLIED,9e789fbf69cc774535088d415237355b98015bb586abb0dee1a90245699eba69
2,G12N,SINGLE,PLACEHOLDER_UNKNOWN,UNKNOWN,false,,,,missing,,,,,missing,,PASS_HEADER_DECLARED,QUARANTINE,EXPRESSION_CONTRADICTION|MISSING_REQUIRED_FIELD,MISSING_REQUIRED_FIELD,PASS_SUPPLIED,9505d31e015aeb2f973f33c584e36a0233ff9618236a58fd40a5f8ed21ca8f3f
1545,T13S,SINGLE,PRESENT,group_0018,true,2.5849600000000001,411.43799999999999,159.166,kcat_div_KM,159.16609928200049,3.8162199999999999,360.74599999999998,94.529700000000005,kcat_div_KM,94.529665480501649,PASS_HEADER_DECLARED,ELIGIBLE,,,PASS_SUPPLIED,5e903c92aace0b01c55cacc19680e073bd7c78bcf229b1d00ac8474822a9fd06
1586,T13S,SINGLE,PRESENT,group_0244,true,31.472300000000001,247.44800000000001,7.8624000000000001,kcat_div_KM,7.8624059887583684,7.4126099999999999,1527.6400000000001,206.08600000000001,kcat_div_KM,206.08665503783419,PASS_HEADER_DECLARED,ELIGIBLE,,,PASS_SUPPLIED,5e903c92aace0b01c55cacc19680e073bd7c78bcf229b1d00ac8474822a9fd06
1230,T13S,SINGLE,PRESENT,group_0060,true,2.9472900000000002,408.48200000000003,138.596,kcat_div_KM,138.59579478096828,3.1874899999999999,403.166,126.48399999999999,kcat_div_KM,126.48384779246366,PASS_HEADER_DECLARED,ELIGIBLE,,,PASS_SUPPLIED,5e903c92aace0b01c55cacc19680e073bd7c78bcf229b1d00ac8474822a9fd06
3355,T13S,SINGLE,PRESENT,group_0025,true,2.8782000000000001,234.578,81.5017,kcat_div_KM,81.501632965047591,4.8565300000000002,278.334,57.311399999999999,kcat_div_KM,57.311290159846635,PASS_HEADER_DECLARED,ELIGIBLE,,,PASS_SUPPLIED,5e903c92aace0b01c55cacc19680e073bd7c78bcf229b1d00ac8474822a9fd06
2042,T13K,SINGLE,PRESENT,group_0096,true,,,,missing,,6.1248800000000001,366.73200000000003,59.875799999999998,kcat_div_KM,59.875785321508346,PASS_HEADER_DECLARED,QUARANTINE,MISSING_REQUIRED_FIELD,,PASS_SUPPLIED,61dc2d71a5db9cce284c347af879d9506c8984ead2a6fc44aa10ea1740d278eb
3364,T13S,SINGLE,PRESENT,group_0025,true,3.08691,258.23200000000003,83.653800000000004,kcat_div_KM,83.653880417634468,5.0710300000000004,284.548,56.112499999999997,kcat_div_KM,56.112466303689779,PASS_HEADER_DECLARED,ELIGIBLE,,,PASS_SUPPLIED,5e903c92aace0b01c55cacc19680e073bd7c78bcf229b1d00ac8474822a9fd06
3875,T13K,SINGLE,PRESENT,group_0205,true,0.95260699999999998,0.34197499999999997,0.35898799999999997,kcat_div_KM,0.35898854406906516,2.6091000000000002,188.887,72.395700000000005,kcat_div_KM,72.395462036717632,PASS_HEADER_DECLARED,ELIGIBLE,,,PASS_SUPPLIED,61dc2d71a5db9cce284c347af879d9506c8984ead2a6fc44aa10ea1740d278eb
3,S14A,SINGLE,PLACEHOLDER_UNKNOWN,UNKNOWN,true,8.25,261.94400000000002,31.822900000000001,kcat_div_KM,31.750787878787882,,,,missing,,PASS_HEADER_DECLARED,ELIGIBLE,,MISSING_REQUIRED_FIELD,PASS_SUPPLIED,0d1b70b832a051c12cb5495a0b942ee7b0eee4a4fb450b10a09f383e2553d6fc
3891,S14A,SINGLE,PRESENT,group_0025,true,2.88374,177.48400000000001,61.546700000000001,kcat_div_KM,61.546463966931839,2.1631800000000001,209.434,96.817700000000002,kcat_div_KM,96.81764809216061,PASS_HEADER_DECLARED,ELIGIBLE,,,PASS_SUPPLIED,0d1b70b832a051c12cb5495a0b942ee7b0eee4a4fb450b10a09f383e2553d6fc
4073,S14A,SINGLE,PRESENT,group_0186,true,4.5716570000000001,196.09880000000001,42.894460000000002,kcat_div_KM,42.894469116996312,4.8610899999999999,205.107,42.1935,kcat_div_KM,42.193623240878075,PASS_HEADER_DECLARED,ELIGIBLE,,,PASS_SUPPLIED,0d1b70b832a051c12cb5495a0b942ee7b0eee4a4fb450b10a09f383e2553d6fc
1921,T15A,SINGLE,PRESENT,group_0245,true,,,,missing,,,,,missing,,PASS_HEADER_DECLARED,QUARANTINE,MISSING_REQUIRED_FIELD,,PASS_SUPPLIED,9fef5d3522d22cf9426ece9393d47a5e02a47f3d89f5ce363d2be911ba4c6b8d
4,T15A,SINGLE,PLACEHOLDER_UNKNOWN,UNKNOWN,true,5.2999999999999998,504.404,95.252200000000002,kcat_div_KM,95.170566037735853,,,,missing,,PASS_HEADER_DECLARED,ELIGIBLE,,MISSING_REQUIRED_FIELD,PASS_SUPPLIED,9fef5d3522d22cf9426ece9393d47a5e02a47f3d89f5ce363d2be911ba4c6b8d
5,S16A,SINGLE,PLACEHOLDER_UNKNOWN,UNKNOWN,true,14.01,125.56,8.8757699999999993,kcat_div_KM,8.9621698786581021,,,,missing,,PASS_HEADER_DECLARED,ELIGIBLE,,MISSING_REQUIRED_FIELD,PASS_SUPPLIED,0f3d799c7caac74da619f091b98d68b44dcb678acad4e2b7ff84e6bea1c3f6e7
6,S16N,SINGLE,PLACEHOLDER_UNKNOWN,UNKNOWN,false,,,,missing,,,,,missing,,PASS_HEADER_DECLARED,QUARANTINE,EXPRESSION_CONTRADICTION|MISSING_REQUIRED_FIELD,MISSING_REQUIRED_FIELD,PASS_SUPPLIED,d7d2f97cb082cae692219463090295765fea9d33071b2d147690907143ad0e02
557,S17A,SINGLE,PRESENT,group_0246,true,6.5104600000000001,196.78100000000001,30.2254,kcat_div_KM,30.225360420001046,,,,missing,,PASS_HEADER_DECLARED,ELIGIBLE,,WT_BASELINE_GLOBAL_ONLY,PASS_SUPPLIED,e738a7a0f4b5829b6dca272a5b41d853ae0e79e69037dcc06b718cfd510c46f7
7,S17A,SINGLE,PLACEHOLDER_UNKNOWN,UNKNOWN,true,18.449999999999999,694.90800000000002,37.667900000000003,kcat_div_KM,37.664390243902439,,,,missing,,PASS_HEADER_DECLARED,ELIGIBLE,,MISSING_REQUIRED_FIELD,PASS_SUPPLIED,e738a7a0f4b5829b6dca272a5b41d853ae0e79e69037dcc06b718cfd510c46f7
8,S17E,SINGLE,PLACEHOLDER_UNKNOWN,UNKNOWN,true,7.3200000000000003,526.05200000000002,71.872100000000003,kcat_div_KM,71.865027322404373,,,,missing,,PASS_HEADER_DECLARED,ELIGIBLE,,MISSING_REQUIRED_FIELD,PASS_SUPPLIED,665aa5a39698c31e33b7c5b223c4f7fbc7513d053f8dfddbb3279f6f0a635273
9,Y18A,SINGLE,PLACEHOLDER_UNKNOWN,UNKNOWN,true,31.550000000000001,162.36199999999999,5.19557,kcat_div_KM,5.1461806656101423,,,,missing,,PASS_HEADER_DECLARED,ELIGIBLE,,MISSING_REQUIRED_FIELD,PASS_SUPPLIED,376730bfee0bb4f8059b74a3ed9f802a3890691aa3bdf81fabfbffe8587fa1f9
1617,Q19T,SINGLE,PRESENT,group_0247,true,,,,missing,,,,,missing,,PASS_HEADER_DECLARED,QUARANTINE,MISSING_REQUIRED_FIELD,,PASS_SUPPLIED,b037c4ff4a6751a4c8c91f873861292370615c3912d09930452f49fd28ae4ddb
1030,Q19T,SINGLE,PRESENT,group_0045,true,1.7362200000000001,0.101018,0.058182499999999998,kcat_div_KM,0.058182718779878122,3.3849800000000001,231.13200000000001,68.281700000000001,kcat_div_KM,68.281644204692498,PASS_HEADER_DECLARED,ELIGIBLE,,,PASS_SUPPLIED,b037c4ff4a6751a4c8c91f873861292370615c3912d09930452f49fd28ae4ddb
1127,Q19M,SINGLE,PRESENT,group_0049,true,,,,missing,,4.3553800000000003,342.17700000000002,78.564300000000003,kcat_div_KM,78.564212537137976,PASS_HEADER_DECLARED,QUARANTINE,MISSING_REQUIRED_FIELD,,PASS_SUPPLIED,9f6b354ae648e24fe18b57d9ff3cc74ee0df336e79ced37b7e738b98d0de592a
1177,Q19M,SINGLE,PRESENT,group_0056,true,,,,missing,,5.91716,424.435,71.729500000000002,kcat_div_KM,71.729512130819515,PASS_HEADER_DECLARED,QUARANTINE,MISSING_REQUIRED_FIELD,,PASS_SUPPLIED,9f6b354ae648e24fe18b57d9ff3cc74ee0df336e79ced37b7e738b98d0de592a
10,Q19S,SINGLE,PLACEHOLDER_UNKNOWN,UNKNOWN,true,,,,missing,,,,,missing,,PASS_HEADER_DECLARED,QUARANTINE,MISSING_REQUIRED_FIELD,MISSING_REQUIRED_FIELD,PASS_SUPPLIED,67c34894115cbb0d407d6d135257ab62bd0b14ed7432861fac734f6d43a87cc9
11,Q19A,SINGLE,PLACEHOLDER_UNKNOWN,UNKNOWN,true,,,,missing,,,,,missing,,PASS_HEADER_DECLARED,QUARANTINE,MISSING_REQUIRED_FIELD,MISSING_REQUIRED_FIELD,PASS_SUPPLIED,1e1d72c34d90e53872df13b665acebcb72c91038cc0d702487082eafa49f8687
12,Q19C,SINGLE,PLACEHOLDER_UNKNOWN,UNKNOWN,true,,,,missing,,,,,missing,,PASS_HEADER_DECLARED,QUARANTINE,MISSING_REQUIRED_FIELD,MISSING_REQUIRED_FIELD,PASS_SUPPLIED,9a55e23b6e663dbd87506bd679cbd24b43b0452da79f0a7e91dd1c7ba4f211a5
13,Q19P,SINGLE,PLACEHOLDER_UNKNOWN,UNKNOWN,false,,,,missing,,,,,missing,,PASS_HEADER_DECLARED,QUARANTINE,EXPRESSION_CONTRADICTION|MISSING_REQUIRED_FIELD,MISSING_REQUIRED_FIELD,PASS_SUPPLIED,521855570c9f6c1d2d0e3c55ddf5a1a37336d59decee32ae125d87868ac7d9c7
3442,Q19T,SINGLE,PRESENT,group_0113,true,5.0051600000000001,240.05500000000001,47.961500000000001,kcat_div_KM,47.96150372815255,4.2658199999999997,262.89499999999998,61.628300000000003,kcat_div_KM,61.62824497986319,PASS_HEADER_DECLARED,ELIGIBLE,,,PASS_SUPPLIED,b037c4ff4a6751a4c8c91f873861292370615c3912d09930452f49fd28ae4ddb
3270,Q19D,SINGLE,PRESENT,group_0173,true,,,,missing,,,,,missing,,PASS_HEADER_DECLARED,QUARANTINE,MISSING_REQUIRED_FIELD,,PASS_SUPPLIED,0ad54f7105a7a7b9d3f927cccc668c8cf4fc71eaa2b08404ff498e44f7bd7658
3045,Q19A,SINGLE,PRESENT,group_0248,true,1.6848799999999999,0.130021,0.077169100000000004,kcat_div_KM,0.077169293955652626,6.0631700000000004,914.21799999999996,150.78200000000001,kcat_div_KM,150.78218159807491,PASS_HEADER_DECLARED,ELIGIBLE,,,PASS_SUPPLIED,1e1d72c34d90e53872df13b665acebcb72c91038cc0d702487082eafa49f8687
209,I20N,SINGLE,PLACEHOLDER_UNKNOWN,UNKNOWN,true,19.413699999999999,44.465200000000003,2.2904100000000001,kcat_div_KM,2.2904031688961921,4.4234099999999996,666.71400000000006,150.72399999999999,kcat_div_KM,150.72398895874451,PASS_HEADER_DECLARED,ELIGIBLE,,MISSING_REQUIRED_FIELD,PASS_SUPPLIED,616fbb658eab14fb8e19c9fbc69bd6a966ebf55526acfe88c0b0149207f307f4
2727,E21G,SINGLE,PRESENT,group_0249,false,,,,missing,,0.96800200000000003,174.52500000000001,180.29400000000001,kcat_div_KM,180.29404897923766,PASS_HEADER_DECLARED,QUARANTINE,EXPRESSION_CONTRADICTION|MISSING_REQUIRED_FIELD,,PASS_SUPPLIED,e6af48c3658e3b8b129ddeb92542ee7ead6a23c6698ef5e01cca7af6d592ad55
2733,E21D,SINGLE,PRESENT,group_0250,true,4.54793,32.034999999999997,7.0438799999999997,kcat_div_KM,7.0438639117136796,0.96800200000000003,174.52500000000001,180.29400000000001,kcat_div_KM,180.29404897923766,PASS_HEADER_DECLARED,ELIGIBLE,,,PASS_SUPPLIED,4305642221cae273e2634658a6064dd8b53c8fce87ac05a61e7acc1520a36dcf
2735,E21C,SINGLE,PRESENT,group_0251,false,,,,missing,,1.0650900000000001,196.58799999999999,184.57300000000001,kcat_div_KM,184.57407355246971,PASS_HEADER_DECLARED,QUARANTINE,EXPRESSION_CONTRADICTION|MISSING_REQUIRED_FIELD,,PASS_SUPPLIED,0cc9c8d717749e6aa5354aeab740b5050fdab6bb700cfbce474609c37255b6a0
2739,E21Y,SINGLE,PRESENT,group_0147,true,1.52485,184.42599999999999,120.947,kcat_div_KM,120.94697839131717,,,,missing,,PASS_HEADER_DECLARED,ELIGIBLE,,,PASS_SUPPLIED,62e94d19dcf0a5ac8380ce634a0caab7217f623f42df973fc30f1b79d42b9015
2741,E21I,SINGLE,PRESENT,group_0252,false,,,,missing,,4.5974300000000001,204.16800000000001,44.409100000000002,kcat_div_KM,44.409159030153802,PASS_HEADER_DECLARED,QUARANTINE,EXPRESSION_CONTRADICTION|MISSING_REQUIRED_FIELD,,PASS_SUPPLIED,ec37f549fff030c4d43b1793357a899d87ee8c8913c237fff94ed87b2bb74161
2742,E21K,SINGLE,PRESENT,group_0253,false,,,,missing,,0.96800200000000003,174.52500000000001,180.29400000000001,kcat_div_KM,180.29404897923766,PASS_HEADER_DECLARED,QUARANTINE,EXPRESSION_CONTRADICTION|MISSING_REQUIRED_FIELD,,PASS_SUPPLIED,44d438e1e1b7d877a3311f319d1227d37195c1db0a44f120c56483b1339b396f
2743,E21H,SINGLE,PRESENT,group_0254,false,,,,missing,,0.96800200000000003,174.52500000000001,180.29400000000001,kcat_div_KM,180.29404897923766,PASS_HEADER_DECLARED,QUARANTINE,EXPRESSION_CONTRADICTION|MISSING_REQUIRED_FIELD,,PASS_SUPPLIED,96b9db425f2004d963920e9a62b45cc780251f310992ef3b9a66d7bed7a6c9aa
2745,E21R,SINGLE,PRESENT,group_0255,false,,,,missing,,4.5974300000000001,204.16800000000001,44.409100000000002,kcat_div_KM,44.409159030153802,PASS_HEADER_DECLARED,QUARANTINE,EXPRESSION_CONTRADICTION|MISSING_REQUIRED_FIELD,,PASS_SUPPLIED,81238520f5aac00ff96a37000a0dd47a090abb51320ffc3c07b8e50007fd1bea
2746,E21T,SINGLE,PRESENT,group_0256,false,,,,missing,,1.0650900000000001,196.58799999999999,184.57300000000001,kcat_div_KM,184.57407355246971,PASS_HEADER_DECLARED,QUARANTINE,EXPRESSION_CONTRADICTION|MISSING_REQUIRED_FIELD,,PASS_SUPPLIED,e27a34205f1b57e01879e88b1c862572308219864381cb6074e06a023feb67a0
2749,E21F,SINGLE,PRESENT,group_0257,false,,,,missing,,0.96800200000000003,174.52500000000001,180.29400000000001,kcat_div_KM,180.29404897923766,PASS_HEADER_DECLARED,QUARANTINE,EXPRESSION_CONTRADICTION|MISSING_REQUIRED_FIELD,,PASS_SUPPLIED,298e24d956a661dfd980b6554b8f61f77a9f843c64c5e8ed2f8fb64a60128425
2750,E21N,SINGLE,PRESENT,group_0258,false,,,,missing,,0.96800200000000003,174.52500000000001,180.29400000000001,kcat_div_KM,180.29404897923766,PASS_HEADER_DECLARED,QUARANTINE,EXPRESSION_CONTRADICTION|MISSING_REQUIRED_FIELD,,PASS_SUPPLIED,a84e35094bf4f3422be7a660680c59919c5c8b265b1beed79455a08622813d2a
2752,E21W,SINGLE,PRESENT,group_0148,false,,,,missing,,4.5974300000000001,204.16800000000001,44.409100000000002,kcat_div_KM,44.409159030153802,PASS_HEADER_DECLARED,QUARANTINE,EXPRESSION_CONTRADICTION|MISSING_REQUIRED_FIELD,,PASS_SUPPLIED,caec00e38715ac318f58d9f946e81261943666a66d06c7e03a75b4395215d6d9
3892,G23A,SINGLE,PRESENT,group_0025,true,1.3075300000000001,269.22699999999998,205.90600000000001,kcat_div_KM,205.90502703570851,2.1631800000000001,209.434,96.817700000000002,kcat_div_KM,96.81764809216061,PASS_HEADER_DECLARED,ELIGIBLE,,,PASS_SUPPLIED,8b79d0b90eff4b3f6e12016cc7c584477dfad11de3efd316cdfbd013c4ca7c89
3581,G23A,SINGLE,PRESENT,group_0259,true,1.40615,619.22000000000003,440.36700000000002,kcat_div_KM,440.36553710486083,1.6796599999999999,607.60699999999997,361.74400000000003,kcat_div_KM,361.74404343736234,PASS_HEADER_DECLARED,ELIGIBLE,,,PASS_SUPPLIED,8b79d0b90eff4b3f6e12016cc7c584477dfad11de3efd316cdfbd013c4ca7c89
4071,G23A,SINGLE,PRESENT,group_0186,true,5.6138620000000001,211.42449999999999,37.661149999999999,kcat_div_KM,37.661150202837192,4.8610899999999999,205.107,42.1935,kcat_div_KM,42.193623240878075,PASS_HEADER_DECLARED,ELIGIBLE,,,PASS_SUPPLIED,8b79d0b90eff4b3f6e12016cc7c584477dfad11de3efd316cdfbd013c4ca7c89
630,D25Q,SINGLE,PRESENT,group_0083,true,4.2132300000000003,406.26100000000002,96.424999999999997,kcat_div_KM,96.425070551572077,,,,missing,,PASS_HEADER_DECLARED,ELIGIBLE,,,PASS_SUPPLIED,bac4ff9666e3c34aa6588f4ea881ae097167f27de2900f1745221ad24cdabebe
655,D25Q,SINGLE,PRESENT,group_0260,true,0.85042899999999999,66.290999999999997,77.950100000000006,kcat_div_KM,77.950069905894551,,,,missing,,PASS_HEADER_DECLARED,ELIGIBLE,,WT_BASELINE_GLOBAL_ONLY,PASS_SUPPLIED,bac4ff9666e3c34aa6588f4ea881ae097167f27de2900f1745221ad24cdabebe
679,D25Q,SINGLE,PRESENT,group_0064,true,4.2132300000000003,406.26100000000002,96.424999999999997,kcat_div_KM,96.425070551572077,3.2155399999999998,636.54600000000005,197.96000000000001,kcat_div_KM,197.95928522114485,PASS_HEADER_DECLARED,ELIGIBLE,,,PASS_SUPPLIED,bac4ff9666e3c34aa6588f4ea881ae097167f27de2900f1745221ad24cdabebe
3452,D25Q,SINGLE,PRESENT,group_0186,true,4.5264199999999999,352.75099999999998,77.931399999999996,kcat_div_KM,77.93156622673105,4.7216100000000001,353.26499999999999,74.818799999999996,kcat_div_KM,74.818758855559864,PASS_HEADER_DECLARED,ELIGIBLE,,,PASS_SUPPLIED,bac4ff9666e3c34aa6588f4ea881ae097167f27de2900f1745221ad24cdabebe
1992,E26K,SINGLE,PRESENT,group_0095,true,6.8090799999999998,638.75300000000004,93.808999999999997,kcat_div_KM,93.809002097199624,4.7035600000000004,697.51700000000005,148.29499999999999,kcat_div_KM,148.29554635212477,PASS_HEADER_DECLARED,ELIGIBLE,,,PASS_SUPPLIED,bb98d6120beab094c4c14dbd546eddd6140cf3e9e01ff2ddea95b1c2360877a7
14,S32L,SINGLE,PLACEHOLDER_UNKNOWN,UNKNOWN,false,,,,missing,,,,,missing,,PASS_HEADER_DECLARED,QUARANTINE,EXPRESSION_CONTRADICTION|MISSING_REQUIRED_FIELD,MISSING_REQUIRED_FIELD,PASS_SUPPLIED,70fa62334965dea2ef5f25b5af0dd71336d679c10b3d5a097a91d94c28cd5ca7
15,W34A,SINGLE,PLACEHOLDER_UNKNOWN,UNKNOWN,false,,,,missing,,,,,missing,,PASS_HEADER_DECLARED,QUARANTINE,EXPRESSION_CONTRADICTION|MISSING_REQUIRED_FIELD,MISSING_REQUIRED_FIELD,PASS_SUPPLIED,e5117348cc478478f75f802530966580fa8fdc2dd4132bd2de61b009ccdac1a3
919,D35E,SINGLE,PRESENT,group_0036,true,2.7228400000000001,16.253499999999999,5.9693300000000002,kcat_div_KM,5.969318799488768,3.9322699999999999,860.62,218.86099999999999,kcat_div_KM,218.86086153799206,PASS_HEADER_DECLARED,ELIGIBLE,,,PASS_SUPPLIED,a6473aa057df34e0caf88e3e414e9919d607a11d86d36aad01599a9fb68daba8
934,D35W,SINGLE,PRESENT,group_0036,true,2.79691,13.0236,4.6564199999999998,kcat_div_KM,4.6564244112252453,3.9322699999999999,860.62,218.86099999999999,kcat_div_KM,218.86086153799206,PASS_HEADER_DECLARED,ELIGIBLE,,,PASS_SUPPLIED,b06edc6b6237f6eff865b1625c2ea5ee36f81a6b329beebb0f0db132737c1c0a
3285,D35W,SINGLE,PRESENT,group_0261,true,2.4527899999999998,2.0297900000000002,0.82754499999999998,kcat_div_KM,0.82754332820991616,3.1236899999999999,264.13099999999997,84.557299999999998,kcat_div_KM,84.557366448015003,PASS_HEADER_DECLARED,ELIGIBLE,,,PASS_SUPPLIED,b06edc6b6237f6eff865b1625c2ea5ee36f81a6b329beebb0f0db132737c1c0a
3379,T36I,SINGLE,PRESENT,group_0100,false,,,,missing,,,,,missing,,PASS_HEADER_DECLARED,QUARANTINE,EXPRESSION_CONTRADICTION|MISSING_REQUIRED_FIELD,,PASS_SUPPLIED,3197ebb7dff2d62f42e9bbaa99f4fe5d6e66cb5d619ae6bf2c0b64566ac3eb09
3854,T36N,SINGLE,PRESENT,group_0240,true,6.5735999999999999,23.884899999999998,3.6334499999999998,kcat_div_KM,3.6334580747231349,,,,missing,,PASS_HEADER_DECLARED,ELIGIBLE,,,PASS_SUPPLIED,6f7c8e55d7cfe1f7d386927d9daf80ea7f1337a77ef8c12edbaf48262d6ee3c3
226,F37N,SINGLE,PLACEHOLDER_UNKNOWN,UNKNOWN,true,4.8809800000000001,8.3081300000000002,1.7021500000000001,kcat_div_KM,1.7021438317714885,6.2188800000000004,625.34699999999998,100.556,kcat_div_KM,100.55620947823401,PASS_HEADER_DECLARED,ELIGIBLE,,MISSING_REQUIRED_FIELD,PASS_SUPPLIED,171c669989afcf2e3023507bcd831fc087db5b93a8074163b5c055d23dff5c83
3893,C38S,SINGLE,PRESENT,group_0025,true,2.6687799999999999,214.72,80.456299999999999,kcat_div_KM,80.456238431043403,2.1631800000000001,209.434,96.817700000000002,kcat_div_KM,96.81764809216061,PASS_HEADER_DECLARED,ELIGIBLE,,,PASS_SUPPLIED,300167e8b273bab13d4eeed7eb5f00327cb9c7afbcc1a2a967278908402025b1
3546,C38S,SINGLE,PRESENT,group_0262,true,6.6331899999999999,1100.5699999999999,165.91800000000001,kcat_div_KM,165.91866055397176,3.4832000000000001,1310.8199999999999,376.327,kcat_div_KM,376.32636655948551,PASS_HEADER_DECLARED,ELIGIBLE,,,PASS_SUPPLIED,300167e8b273bab13d4eeed7eb5f00327cb9c7afbcc1a2a967278908402025b1
3562,C38S,SINGLE,PRESENT,group_0263,true,10.945399999999999,570.72199999999998,52.142600000000002,kcat_div_KM,52.142635262301972,3.4832000000000001,1310.8199999999999,376.327,kcat_div_KM,376.32636655948551,PASS_HEADER_DECLARED,ELIGIBLE,,,PASS_SUPPLIED,300167e8b273bab13d4eeed7eb5f00327cb9c7afbcc1a2a967278908402025b1
3571,C38S,SINGLE,PRESENT,group_0264,true,3.57924,1340.47,374.51299999999998,kcat_div_KM,374.51246633363507,3.6019299999999999,1326.5899999999999,368.30000000000001,kcat_div_KM,368.29977262189993,PASS_HEADER_DECLARED,ELIGIBLE,,,PASS_SUPPLIED,300167e8b273bab13d4eeed7eb5f00327cb9c7afbcc1a2a967278908402025b1
4072,C38S,SINGLE,PRESENT,group_0186,true,4.1984959999999996,168.8082,40.206829999999997,kcat_div_KM,40.206826444517276,4.8610899999999999,205.107,42.1935,kcat_div_KM,42.193623240878075,PASS_HEADER_DECLARED,ELIGIBLE,,,PASS_SUPPLIED,300167e8b273bab13d4eeed7eb5f00327cb9c7afbcc1a2a967278908402025b1
3895,I40T,SINGLE,PRESENT,group_0025,true,4.0466600000000001,265.21899999999999,65.540099999999995,kcat_div_KM,65.540223295260773,3.60846,279.17099999999999,77.365600000000001,kcat_div_KM,77.365690627026481,PASS_HEADER_DECLARED,ELIGIBLE,,,PASS_SUPPLIED,61f6718e57e1e9830226f27a5dd08342145ec9aa95fd14d33b36a2d4c3ad1c23
2656,P41L,SINGLE,PRESENT,group_0265,true,,,,missing,,,,,missing,,PASS_HEADER_DECLARED,QUARANTINE,MISSING_REQUIRED_FIELD,,PASS_SUPPLIED,586f0e9f3dded6a2d7ae9b50022b9a923bd4c89d1acd698983e23757c0732d25
4487,I45C,SINGLE,PRESENT,group_0012,true,2.1206320000000001,298.29199999999997,140.6618,kcat_div_KM,140.66184043247483,2.4422899999999998,332.82299999999998,136.27500000000001,kcat_div_KM,136.274971440738,PASS_HEADER_DECLARED,ELIGIBLE,,,PASS_SUPPLIED,67bbd607b94dbff3286aad2a0528ab89f34514af46a9f255b7f48e4a8b9cdada
230,G46C,SINGLE,PLACEHOLDER_UNKNOWN,UNKNOWN,true,40.805100000000003,4.40022,0.107835,kcat_div_KM,0.10783505003051089,6.2188800000000004,625.34699999999998,100.556,kcat_div_KM,100.55620947823401,PASS_HEADER_DECLARED,ELIGIBLE,,MISSING_REQUIRED_FIELD,PASS_SUPPLIED,4b082f9ce0747c4b18f0d91f720463596b1f005c7227216b6122511039008354
337,C49S,SINGLE,PRESENT,group_0068,true,6.62643,569.98299999999995,86.016599999999997,kcat_div_KM,86.016603208665899,4.04338,471.88,116.70399999999999,kcat_div_KM,116.70434141732906,PASS_HEADER_DECLARED,ELIGIBLE,,,PASS_SUPPLIED,81caff36ffa883c166a568907cd798b9eabf5ae072d2f78b131a620f9c0af053
1501,V52D,SINGLE,PRESENT,group_0266,true,4.75861,259.58100000000002,54.549799999999998,kcat_div_KM,54.549752974082772,,,,missing,,PASS_HEADER_DECLARED,ELIGIBLE,,WT_BASELINE_GLOBAL_ONLY,PASS_SUPPLIED,14fcf5374f311942a58b68e145edfb94b32b4c1a4929fa094fda30b43b192c89
16,V52G,SINGLE,PLACEHOLDER_UNKNOWN,UNKNOWN,true,8.25,562.85400000000004,68.191900000000004,kcat_div_KM,68.224727272727279,,,,missing,,PASS_HEADER_DECLARED,ELIGIBLE,,MISSING_REQUIRED_FIELD,PASS_SUPPLIED,893d788c03dabace6098836653208cd095b28a02f174993baf884e889b9d87aa
3449,V52A,SINGLE,PRESENT,group_0186,true,5.2987099999999998,107.15000000000001,20.221900000000002,kcat_div_KM,20.221903066972907,4.7216100000000001,353.26499999999999,74.818799999999996,kcat_div_KM,74.818758855559864,PASS_HEADER_DECLARED,ELIGIBLE,,,PASS_SUPPLIED,d29aa1e605123ae62c042dae531a32764826507b2975cc54fb925ede9d3827c3
2088,F57Y,SINGLE,PRESENT,group_0004,true,5.11388,37.281500000000001,7.2902500000000003,kcat_div_KM,7.2902571041948585,5.8068799999999996,1017.46,175.21700000000001,kcat_div_KM,175.21629515333538,PASS_HEADER_DECLARED,ELIGIBLE,,,PASS_SUPPLIED,9f352fccba012bd99dd24791a127150c2f9502b400c5a631ea7a44b331d48907
3896,F57Y,SINGLE,PRESENT,group_0025,true,4.1768799999999997,309.11000000000001,74.005099999999999,kcat_div_KM,74.004998946582148,3.60846,279.17099999999999,77.365600000000001,kcat_div_KM,77.365690627026481,PASS_HEADER_DECLARED,ELIGIBLE,,,PASS_SUPPLIED,9f352fccba012bd99dd24791a127150c2f9502b400c5a631ea7a44b331d48907
210,H58R,SINGLE,PLACEHOLDER_UNKNOWN,UNKNOWN,true,5.63795,665.48800000000006,118.03700000000001,kcat_div_KM,118.03722984418096,4.4234099999999996,666.71400000000006,150.72399999999999,kcat_div_KM,150.72398895874451,PASS_HEADER_DECLARED,ELIGIBLE,,MISSING_REQUIRED_FIELD,PASS_SUPPLIED,175d8df3260d56da7a049b35e88125037da1e4808af879df8dcbd6993eb509d4
1464,H59K,SINGLE,PRESENT,group_0267,true,,,,missing,,,,,missing,,PASS_HEADER_DECLARED,QUARANTINE,MISSING_REQUIRED_FIELD,,PASS_SUPPLIED,42d8f32a9a49dbac8d3e4f7ace4869f1b49f2f558924965f8c16dc9e8f423bb8
1522,H59K,SINGLE,PRESENT,group_0268,true,,,,missing,,,,,missing,,PASS_HEADER_DECLARED,QUARANTINE,MISSING_REQUIRED_FIELD,,PASS_SUPPLIED,42d8f32a9a49dbac8d3e4f7ace4869f1b49f2f558924965f8c16dc9e8f423bb8
218,H59R,SINGLE,PLACEHOLDER_UNKNOWN,UNKNOWN,true,4.8287199999999997,576.18600000000004,119.325,kcat_div_KM,119.32479000646136,4.4234099999999996,666.71400000000006,150.72399999999999,kcat_div_KM,150.72398895874451,PASS_HEADER_DECLARED,ELIGIBLE,,MISSING_REQUIRED_FIELD,PASS_SUPPLIED,1ac2d21ddd14ff537b4adcbb6bcb5ad30ff3619c69d91b9d5a5f5854c6f335f7
3872,H59R,SINGLE,PRESENT,group_0240,true,9.7887199999999996,15.292199999999999,1.56223,kcat_div_KM,1.5622267262726894,,,,missing,,PASS_HEADER_DECLARED,ELIGIBLE,,,PASS_SUPPLIED,1ac2d21ddd14ff537b4adcbb6bcb5ad30ff3619c69d91b9d5a5f5854c6f335f7
3897,H59R,SINGLE,PRESENT,group_0025,true,3.0853299999999999,315.56099999999998,102.27800000000001,kcat_div_KM,102.27787627255431,3.60846,279.17099999999999,77.365600000000001,kcat_div_KM,77.365690627026481,PASS_HEADER_DECLARED,ELIGIBLE,,,PASS_SUPPLIED,1ac2d21ddd14ff537b4adcbb6bcb5ad30ff3619c69d91b9d5a5f5854c6f335f7
4052,H59A,SINGLE,PRESENT,group_0227,true,8.2006139999999998,1417.1179999999999,172.8064,kcat_div_KM,172.80632889195857,6.0702699999999998,898.495,148.01599999999999,kcat_div_KM,148.01565663471311,PASS_HEADER_DECLARED,ELIGIBLE,,,PASS_SUPPLIED,5553d2b9fc3fda8665fd95afe478bde27f26bb3d20677abbafd81c33b76b533d
4320,H59R,SINGLE,PRESENT,group_0269,true,2.7709860000000002,1074.6890000000001,387.8365,kcat_div_KM,387.83631530437179,4.98651,928.05700000000002,186.114,kcat_div_KM,186.11353431558345,PASS_HEADER_DECLARED,ELIGIBLE,,,PASS_SUPPLIED,1ac2d21ddd14ff537b4adcbb6bcb5ad30ff3619c69d91b9d5a5f5854c6f335f7
4324,H59R,SINGLE,PRESENT,group_0236,true,1.5967260000000001,989.14409999999998,619.48260000000005,kcat_div_KM,619.4826789317641,4.37216,944.721,216.077,kcat_div_KM,216.0764930835102,PASS_HEADER_DECLARED,ELIGIBLE,,,PASS_SUPPLIED,1ac2d21ddd14ff537b4adcbb6bcb5ad30ff3619c69d91b9d5a5f5854c6f335f7
1661,K61C,SINGLE,PRESENT,group_0270,true,1.93906,111.754,57.633200000000002,kcat_div_KM,57.633079945953199,3.64229,152.50899999999999,41.871699999999997,kcat_div_KM,41.871734540632403,PASS_HEADER_DECLARED,ELIGIBLE,,,PASS_SUPPLIED,ed144a34f1f72604ba61f06d0c236f4b1a7e2b1a2a3898c8420b0b7c792368bb
1662,K61S,SINGLE,PRESENT,group_0271,true,1.1701299999999999,147.72300000000001,126.245,kcat_div_KM,126.24494714262521,3.64229,152.50899999999999,41.871699999999997,kcat_div_KM,41.871734540632403,PASS_HEADER_DECLARED,ELIGIBLE,,,PASS_SUPPLIED,d728e57460008e4fd6e9da7517e5fe5bcc31ffd12afd5f3bec0c8c31748cd7a4
1665,K61F,SINGLE,PRESENT,group_0007,true,3.6632400000000001,21.270199999999999,5.8064,kcat_div_KM,5.8063899717190246,3.64229,152.50899999999999,41.871699999999997,kcat_div_KM,41.871734540632403,PASS_HEADER_DECLARED,ELIGIBLE,,,PASS_SUPPLIED,c113715b85d37cdab93d61e01216ef93ec969917cd034e3aa0babd16e43b381d
1668,K61W,SINGLE,PRESENT,group_0272,true,3.9504299999999999,74.188999999999993,18.780000000000001,kcat_div_KM,18.77998091347018,2.88747,107.35599999999999,37.18,kcat_div_KM,37.179953384797066,PASS_HEADER_DECLARED,ELIGIBLE,,,PASS_SUPPLIED,9fb51a88e3b882b5b400df3b693828fbad6b66dd33fdb5978f09960478a19dd7
1673,K61F,SINGLE,PRESENT,group_0273,true,2.91066,120.578,41.426299999999998,kcat_div_KM,41.426343166154759,2.88747,107.35599999999999,37.18,kcat_div_KM,37.179953384797066,PASS_HEADER_DECLARED,ELIGIBLE,,,PASS_SUPPLIED,c113715b85d37cdab93d61e01216ef93ec969917cd034e3aa0babd16e43b381d
1674,K61R,SINGLE,PRESENT,group_0274,true,2.8210799999999998,109.813,38.925699999999999,kcat_div_KM,38.925872360939785,2.88747,107.35599999999999,37.18,kcat_div_KM,37.179953384797066,PASS_HEADER_DECLARED,ELIGIBLE,,,PASS_SUPPLIED,eec5d914b2cf85b53dbde5703b0d47ad8cd7bb6aa382799ba250fe0de0502543
1675,K61C,SINGLE,PRESENT,group_0275,true,1.55904,119.753,76.811800000000005,kcat_div_KM,76.812012520525457,3.64229,152.50899999999999,41.871699999999997,kcat_div_KM,41.871734540632403,PASS_HEADER_DECLARED,ELIGIBLE,,,PASS_SUPPLIED,ed144a34f1f72604ba61f06d0c236f4b1a7e2b1a2a3898c8420b0b7c792368bb
1677,K61N,SINGLE,PRESENT,group_0276,true,4.1115399999999998,129.13399999999999,31.407800000000002,kcat_div_KM,31.407696386268892,3.64229,152.50899999999999,41.871699999999997,kcat_div_KM,41.871734540632403,PASS_HEADER_DECLARED,ELIGIBLE,,,PASS_SUPPLIED,31b8afca291f663ee2be8afc14c311d0368b8e864a831874505b0b91d46a8fc9
1679,K61P,SINGLE,PRESENT,group_0277,true,2.8955600000000001,81.616699999999994,28.186900000000001,kcat_div_KM,28.186844686347371,2.88747,107.35599999999999,37.18,kcat_div_KM,37.179953384797066,PASS_HEADER_DECLARED,ELIGIBLE,,,PASS_SUPPLIED,03d196bc3c4da714a58028410f53c87fc5d30f2e0ccd7bffe302e81d2622fc27
1680,K61L,SINGLE,PRESENT,group_0278,true,2.3651900000000001,60.7346,25.678599999999999,kcat_div_KM,25.678528997670377,2.88747,107.35599999999999,37.18,kcat_div_KM,37.179953384797066,PASS_HEADER_DECLARED,ELIGIBLE,,,PASS_SUPPLIED,8782e9c961cee48b5551cbaff78eb0d969343bf3813c55160d67b675bf5fb064
1682,K61A,SINGLE,PRESENT,group_0279,true,3.7858800000000001,167.626,44.276699999999998,kcat_div_KM,44.276627891005525,3.64229,152.50899999999999,41.871699999999997,kcat_div_KM,41.871734540632403,PASS_HEADER_DECLARED,ELIGIBLE,,,PASS_SUPPLIED,7b959bdbb7b831f90807aa730d602c501d95b7be85413a81b54a3916b1a2b5d8
1685,K61I,SINGLE,PRESENT,group_0280,true,2.42693,104.669,43.128300000000003,kcat_div_KM,43.128149555199364,2.88747,107.35599999999999,37.18,kcat_div_KM,37.179953384797066,PASS_HEADER_DECLARED,ELIGIBLE,,,PASS_SUPPLIED,03dcd48ce20f50b52941b69e0199bfd43c291356a4ce0ce3d056da528e0f1838
1149,K61S,SINGLE,PRESENT,group_0034,true,4.3205499999999999,142.20699999999999,32.914099999999998,kcat_div_KM,32.914096584925531,3.98719,288.83300000000003,72.440299999999993,kcat_div_KM,72.440239868177841,PASS_HEADER_DECLARED,ELIGIBLE,,,PASS_SUPPLIED,d728e57460008e4fd6e9da7517e5fe5bcc31ffd12afd5f3bec0c8c31748cd7a4
1172,K61S,SINGLE,PRESENT,group_0055,true,3.8563499999999999,299.63400000000001,77.698899999999995,kcat_div_KM,77.698860321288265,4.3323600000000004,363.67500000000001,83.943899999999999,kcat_div_KM,83.943855081295183,PASS_HEADER_DECLARED,ELIGIBLE,,,PASS_SUPPLIED,d728e57460008e4fd6e9da7517e5fe5bcc31ffd12afd5f3bec0c8c31748cd7a4
793,K61Q,SINGLE,PRESENT,group_0281,true,4.2831700000000001,136.964,31.9773,kcat_div_KM,31.977250494376825,4.69292,210.38200000000001,44.829599999999999,kcat_div_KM,44.829658293770194,PASS_HEADER_DECLARED,ELIGIBLE,,,PASS_SUPPLIED,178390c745452ca7db687e41e373eccfde509ff16d91e7ddaa3663aba17b4558
798,K61E,SINGLE,PRESENT,group_0282,true,3.78653,141.57900000000001,37.390300000000003,kcat_div_KM,37.390169891695038,4.69292,210.38200000000001,44.829599999999999,kcat_div_KM,44.829658293770194,PASS_HEADER_DECLARED,ELIGIBLE,,,PASS_SUPPLIED,aadbd9e3f9e5693ed201764b56a4d9200272eed5f1487faba7ad14501b3206b3
799,K61G,SINGLE,PRESENT,group_0283,true,4.0746099999999998,194.429,47.717300000000002,kcat_div_KM,47.717204836781924,3.7488600000000001,180.82900000000001,48.235799999999998,kcat_div_KM,48.235730328686586,PASS_HEADER_DECLARED,ELIGIBLE,,,PASS_SUPPLIED,5cc80367111c5999e77e03704b1615b9d85d20ba4877d7e3348fa3424e7caee4
800,K61D,SINGLE,PRESENT,group_0284,true,3.9610599999999998,116.297,29.359999999999999,kcat_div_KM,29.360070284216853,3.7488600000000001,180.82900000000001,48.235799999999998,kcat_div_KM,48.235730328686586,PASS_HEADER_DECLARED,ELIGIBLE,,,PASS_SUPPLIED,5df16a976013fb6249c99f1e2cd7746fc23d5c65518183c68dee20881e4dd530
801,K61M,SINGLE,PRESENT,group_0285,true,4.59192,200.065,43.568899999999999,kcat_div_KM,43.568921061342529,4.69292,210.38200000000001,44.829599999999999,kcat_div_KM,44.829658293770194,PASS_HEADER_DECLARED,ELIGIBLE,,,PASS_SUPPLIED,703639949034451dde8f8108ec887b51efd9bd6abb63505b46a41494ac3b9c2c
802,K61Y,SINGLE,PRESENT,group_0286,true,1.8593900000000001,93.309399999999997,50.1828,kcat_div_KM,50.182801886640235,3.7488600000000001,180.82900000000001,48.235799999999998,kcat_div_KM,48.235730328686586,PASS_HEADER_DECLARED,ELIGIBLE,,,PASS_SUPPLIED,b83b4df873b9ce77d6b5d0e06627fd77589aa4de4437f3e8453f1a0a8d7ef378
804,K61H,SINGLE,PRESENT,group_0287,true,1.9483900000000001,163.95599999999999,84.149100000000004,kcat_div_KM,84.149477260712686,4.69292,210.38200000000001,44.829599999999999,kcat_div_KM,44.829658293770194,PASS_HEADER_DECLARED,ELIGIBLE,,,PASS_SUPPLIED,0503171f8a68557558169d2b2663c47aa52a9c8654a502f2c3621a847b129262
806,K61G,SINGLE,PRESENT,group_0288,true,1.96404,10.302099999999999,5.2453900000000004,kcat_div_KM,5.2453616015967084,3.7488600000000001,180.82900000000001,48.235799999999998,kcat_div_KM,48.235730328686586,PASS_HEADER_DECLARED,ELIGIBLE,,,PASS_SUPPLIED,5cc80367111c5999e77e03704b1615b9d85d20ba4877d7e3348fa3424e7caee4
807,K61N,SINGLE,PRESENT,group_0289,true,4.20181,184.66999999999999,43.950000000000003,kcat_div_KM,43.950107215699894,3.7488600000000001,180.82900000000001,48.235799999999998,kcat_div_KM,48.235730328686586,PASS_HEADER_DECLARED,ELIGIBLE,,,PASS_SUPPLIED,31b8afca291f663ee2be8afc14c311d0368b8e864a831874505b0b91d46a8fc9
3377,K61S,SINGLE,PRESENT,group_0059,true,4.1706799999999999,308.20999999999998,73.899199999999993,kcat_div_KM,73.899220271034935,4.1960499999999996,349.93200000000002,83.395499999999998,kcat_div_KM,83.395574409265862,PASS_HEADER_DECLARED,ELIGIBLE,,,PASS_SUPPLIED,d728e57460008e4fd6e9da7517e5fe5bcc31ffd12afd5f3bec0c8c31748cd7a4
4054,K61V,SINGLE,PRESENT,group_0227,true,9.173114,119.7406,13.053430000000001,kcat_div_KM,13.053429838547739,6.0702699999999998,898.495,148.01599999999999,kcat_div_KM,148.01565663471311,PASS_HEADER_DECLARED,ELIGIBLE,,,PASS_SUPPLIED,807c15f2095570655aacd1ecbe2867384f459606421afb7c3b49acc8d3f7e644
950,D63F,SINGLE,PRESENT,group_0041,true,4.1326799999999997,0.055292300000000003,0.0133793,kcat_div_KM,0.013379284144913231,4.9212999999999996,284.89299999999997,57.889800000000001,kcat_div_KM,57.889785219352611,PASS_HEADER_DECLARED,ELIGIBLE,,,PASS_SUPPLIED,3a9f474f2b14b123ad8b0d01ee065ab959a43e7c8c62adf48e13f86bcdf68a7a
975,D63M,SINGLE,PRESENT,group_0290,true,0.23769299999999999,0.164439,0.69181199999999998,kcat_div_KM,0.69181254811879189,4.9212999999999996,284.89299999999997,57.889800000000001,kcat_div_KM,57.889785219352611,PASS_HEADER_DECLARED,ELIGIBLE,,,PASS_SUPPLIED,cd91bcb1de39513b61a2a996f9a275a0ce01efe07248572fafa8988a59b2a7a5
990,D63M,SINGLE,PRESENT,group_0291,true,0.0266571,0.086084300000000002,3.22932,kcat_div_KM,3.2293197684669375,3.69543,356.15699999999998,96.377600000000001,kcat_div_KM,96.377688117485647,PASS_HEADER_DECLARED,ELIGIBLE,,,PASS_SUPPLIED,cd91bcb1de39513b61a2a996f9a275a0ce01efe07248572fafa8988a59b2a7a5
995,D63A,SINGLE,PRESENT,group_0292,true,,,0.33214300000000002,reported_kcatKM,0.33214300000000002,,,,missing,,PASS_HEADER_DECLARED,ELIGIBLE,,WT_BASELINE_GLOBAL_ONLY,PASS_SUPPLIED,50008591521ef882dff24430c1c78d285864b1211623c47515cea56f37cd9279
999,D63C,SINGLE,PRESENT,group_0293,true,0.69438699999999998,0.049760499999999999,0.071661000000000002,kcat_div_KM,0.07166104780187417,,,,missing,,PASS_HEADER_DECLARED,ELIGIBLE,,WT_BASELINE_GLOBAL_ONLY,PASS_SUPPLIED,7b35c2ca61f30fbb420bde82a7ffe362e409ba37bcecf3ed0a30a16acd54207e
1009,D63S,SINGLE,PRESENT,group_0294,true,0.085881399999999997,0.119618,1.39283,kcat_div_KM,1.3928277834315697,6.0865499999999999,264.36000000000001,43.433500000000002,kcat_div_KM,43.433472164033816,PASS_HEADER_DECLARED,ELIGIBLE,,,PASS_SUPPLIED,21b099bda9b977c290404f5ca6f88fd8d46fefbda429298038143e4571a36072
1013,D63R,SINGLE,PRESENT,group_0295,false,,,0.021387199999999999,reported_kcatKM,0.021387199999999999,,,,missing,,PASS_HEADER_DECLARED,QUARANTINE,EXPRESSION_CONTRADICTION,WT_BASELINE_GLOBAL_ONLY,PASS_SUPPLIED,68dbc44248aa04db9ad98d62e0da1d70938e50b447c7571a1ff4871f5af180fd
1014,D63P,SINGLE,PRESENT,group_0296,true,,,,missing,,,,,missing,,PASS_HEADER_DECLARED,QUARANTINE,MISSING_REQUIRED_FIELD,,PASS_SUPPLIED,603fb4421e6b600ab90e081344f572439ed7a8f4b8beaf7278a8d6adcde2b093
1027,D63N,SINGLE,PRESENT,group_0043,true,0.27977299999999999,0.15806000000000001,0.56495899999999999,kcat_div_KM,0.56495801953726776,6.0865499999999999,264.36000000000001,43.433500000000002,kcat_div_KM,43.433472164033816,PASS_HEADER_DECLARED,ELIGIBLE,,,PASS_SUPPLIED,ae7132d3784a849e0db569601f653aa78baae214162f0c1fc18576602afb315a
4059,D63K,SINGLE,PRESENT,group_0227,true,,,0.1041295,reported_kcatKM,0.1041295,6.0702699999999998,898.495,148.01599999999999,kcat_div_KM,148.01565663471311,PASS_HEADER_DECLARED,ELIGIBLE,,,PASS_SUPPLIED,5a8370b62800991f150f879056a34e42a49d1483a9771c85ee54ea56dd014462
4458,Q65G,SINGLE,PRESENT,group_0012,true,1.989959,382.72570000000002,192.32849999999999,kcat_div_KM,192.32843490745287,3.7775300000000001,468.05900000000003,123.90600000000001,kcat_div_KM,123.90609737050401,PASS_HEADER_DECLARED,ELIGIBLE,,,PASS_SUPPLIED,da0f1d088c6c0d20610a5bf57d8d5fca901d3dda5ac08d688b371b896f5a5926
1129,K68H,SINGLE,PRESENT,group_0050,true,3.8324500000000001,397.55799999999999,103.735,kcat_div_KM,103.73468668867173,4.4302999999999999,372.32299999999998,84.040099999999995,kcat_div_KM,84.040132722389004,PASS_HEADER_DECLARED,ELIGIBLE,,,PASS_SUPPLIED,0f74c6e50a2f5ddf5065b819fe26fda5e3c852b209566331a3c961c8e2d3df6b
3451,K68H,SINGLE,PRESENT,group_0186,true,4.2022000000000004,255.33099999999999,60.761400000000002,kcat_div_KM,60.761267907286651,4.7216100000000001,353.26499999999999,74.818799999999996,kcat_div_KM,74.818758855559864,PASS_HEADER_DECLARED,ELIGIBLE,,,PASS_SUPPLIED,0f74c6e50a2f5ddf5065b819fe26fda5e3c852b209566331a3c961c8e2d3df6b
17,F72A,SINGLE,PLACEHOLDER_UNKNOWN,UNKNOWN,true,5.4699999999999998,502.23899999999998,91.788499999999999,kcat_div_KM,91.817001828153565,,,,missing,,PASS_HEADER_DECLARED,ELIGIBLE,,MISSING_REQUIRED_FIELD,PASS_SUPPLIED,21180f0ac88f8f113e9673b1b8d2d45a7baa7e1c558b91e968090ba8f3b740b6
1202,Y75F,SINGLE,PRESENT,group_0058,true,0.4375,1.5355099999999999,3.5097299999999998,kcat_div_KM,3.5097371428571429,3.8830399999999998,261.92099999999999,67.452699999999993,kcat_div_KM,67.452562940376609,PASS_HEADER_DECLARED,ELIGIBLE,,,PASS_SUPPLIED,0a200f8c6e7b942e10d7a8bb5264ec40f4b494e8c4f3c1f786d5471674b4a2a2
223,Y75N,SINGLE,PLACEHOLDER_UNKNOWN,UNKNOWN,true,7.8789400000000001,410.74400000000003,52.131900000000002,kcat_div_KM,52.131885761282611,6.2188800000000004,625.34699999999998,100.556,kcat_div_KM,100.55620947823401,PASS_HEADER_DECLARED,ELIGIBLE,,MISSING_REQUIRED_FIELD,PASS_SUPPLIED,1ce74060027854ee6ed0b1045b68e340e5e0fb7ac828c8f09a58d990d86fcf31
3125,Y75N,SINGLE,PRESENT,group_0297,true,2.0762399999999999,318.14699999999999,153.232,kcat_div_KM,153.23228528493817,3.26376,986.57000000000005,302.27999999999997,kcat_div_KM,302.28019217099296,PASS_HEADER_DECLARED,ELIGIBLE,,,PASS_SUPPLIED,1ce74060027854ee6ed0b1045b68e340e5e0fb7ac828c8f09a58d990d86fcf31
3864,Y75F,SINGLE,PRESENT,group_0205,true,6.5716999999999999,251.696,38.299999999999997,kcat_div_KM,38.299983261560939,2.6091000000000002,188.887,72.395700000000005,kcat_div_KM,72.395462036717632,PASS_HEADER_DECLARED,ELIGIBLE,,,PASS_SUPPLIED,0a200f8c6e7b942e10d7a8bb5264ec40f4b494e8c4f3c1f786d5471674b4a2a2
1031,R76Q,SINGLE,PRESENT,group_0045,true,6.6226599999999998,0.84267099999999995,0.12724099999999999,kcat_div_KM,0.12724056496936276,3.3849800000000001,231.13200000000001,68.281700000000001,kcat_div_KM,68.281644204692498,PASS_HEADER_DECLARED,ELIGIBLE,,,PASS_SUPPLIED,f53ae6b10552d8a642198efea06dec2682e9a03ac535ec4d2fa618a13dba67df
222,R76L,SINGLE,PLACEHOLDER_UNKNOWN,UNKNOWN,true,43.362299999999998,7.3655600000000003,0.16986100000000001,kcat_div_KM,0.16986091604919482,6.2188800000000004,625.34699999999998,100.556,kcat_div_KM,100.55620947823401,PASS_HEADER_DECLARED,ELIGIBLE,,MISSING_REQUIRED_FIELD,PASS_SUPPLIED,9d241fe804fe7c4362449eb5ec6d0c39fc071e4a60a8584cf9c4875a9589d2ed
18,R76A,SINGLE,PLACEHOLDER_UNKNOWN,UNKNOWN,false,,,,missing,,,,,missing,,PASS_HEADER_DECLARED,QUARANTINE,EXPRESSION_CONTRADICTION|MISSING_REQUIRED_FIELD,MISSING_REQUIRED_FIELD,PASS_SUPPLIED,6dcc3a19a1d8aadb177f13601268a5df3516a7f1e0e185592998b3b72dce8a33
4462,R76N,SINGLE,PRESENT,group_0239,true,30.141760000000001,26.76566,0.88799229999999996,kcat_div_KM,0.88799260560763538,3.58155,223.655,62.446199999999997,kcat_div_KM,62.446426826374058,PASS_HEADER_DECLARED,ELIGIBLE,,,PASS_SUPPLIED,6079b1df8e5e6af7a88fd8d3eb6ce7c303b60488aaab72f182c75268d469f7a3
1275,F77D,SINGLE,PRESENT,group_0298,false,,,,missing,,,,,missing,,PASS_HEADER_DECLARED,QUARANTINE,EXPRESSION_CONTRADICTION|MISSING_REQUIRED_FIELD,,PASS_SUPPLIED,6d71a5e8983426f5e196be06f46878a716c6f823a69304d0405fa987e1ad03d0
236,F77W,SINGLE,PLACEHOLDER_UNKNOWN,UNKNOWN,true,73.320300000000003,19.985299999999999,0.27257500000000001,kcat_div_KM,0.27257526223978895,4.5038299999999998,352.49799999999999,78.266300000000001,kcat_div_KM,78.266275592107164,PASS_HEADER_DECLARED,ELIGIBLE,,MISSING_REQUIRED_FIELD,PASS_SUPPLIED,b9a4ba4d46c4620a8db3ed9bdcf1df5b9c38f6ba87178eaebf78b34063d23c4c
2085,S78A,SINGLE,PRESENT,group_0100,true,20.081600000000002,189.994,9.4611000000000001,kcat_div_KM,9.4610987172336856,7.0274400000000004,381.95400000000001,54.351799999999997,kcat_div_KM,54.351798094327378,PASS_HEADER_DECLARED,ELIGIBLE,,,PASS_SUPPLIED,409327ea90c7d16232d5135e1b10810b1a1938e6533ce6dcbc8eaea2bade5f12
621,V79I,SINGLE,PRESENT,group_0082,true,3.0410599999999999,493.553,162.29599999999999,kcat_div_KM,162.29637034455092,4.1949699999999996,719.97500000000002,171.62799999999999,kcat_div_KM,171.62816420618029,PASS_HEADER_DECLARED,ELIGIBLE,,,PASS_SUPPLIED,7f0ce2197307b39da9e61b4bf99057b0e855e0ec27547cf0bf216a46ae819d56
681,V79I,SINGLE,PRESENT,group_0064,true,3.38246,523.29399999999998,154.708,kcat_div_KM,154.7081118475902,3.2155399999999998,636.54600000000005,197.96000000000001,kcat_div_KM,197.95928522114485,PASS_HEADER_DECLARED,ELIGIBLE,,,PASS_SUPPLIED,7f0ce2197307b39da9e61b4bf99057b0e855e0ec27547cf0bf216a46ae819d56
3874,V79T,SINGLE,PRESENT,group_0205,true,5.2931499999999998,239.43299999999999,45.234499999999997,kcat_div_KM,45.234501194940634,2.6091000000000002,188.887,72.395700000000005,kcat_div_KM,72.395462036717632,PASS_HEADER_DECLARED,ELIGIBLE,,,PASS_SUPPLIED,c795973e49e8e977b871f520144c407c874e06b05564de61b0479ffa0521eb96
1238,A80S,SINGLE,PRESENT,group_0061,true,3.2284600000000001,404.03800000000001,125.149,kcat_div_KM,125.14883257032764,4.0722500000000004,326.43599999999998,80.161100000000005,kcat_div_KM,80.161090306341691,PASS_HEADER_DECLARED,ELIGIBLE,,,PASS_SUPPLIED,9f6c40fbfa4d8dab0d227a93debcd65acd7a19a01711bdd006517c1ea0f28085
2338,A80S,SINGLE,PRESENT,group_0299,true,3.43973,514.85699999999997,149.679,kcat_div_KM,149.67948065691201,3.59517,440.54700000000003,122.539,kcat_div_KM,122.53857258488473,PASS_HEADER_DECLARED,ELIGIBLE,,,PASS_SUPPLIED,9f6c40fbfa4d8dab0d227a93debcd65acd7a19a01711bdd006517c1ea0f28085
2384,A80P,SINGLE,PRESENT,group_0300,false,,,,missing,,2.3645200000000002,252.48099999999999,106.779,kcat_div_KM,106.77896570974235,PASS_HEADER_DECLARED,QUARANTINE,EXPRESSION_CONTRADICTION|MISSING_REQUIRED_FIELD,,PASS_SUPPLIED,dccd4581ce16421870e0fdc617a61bfe1a871cfb80369b1d65cc9f17acaa7519
2428,A80P,SINGLE,PRESENT,group_0301,false,0.166153,0.48777500000000001,2.9357000000000002,kcat_div_KM,2.9356978206833464,1.6274999999999999,190.31,116.934,kcat_div_KM,116.93394777265746,PASS_HEADER_DECLARED,QUARANTINE,EXPRESSION_CONTRADICTION,,PASS_SUPPLIED,dccd4581ce16421870e0fdc617a61bfe1a871cfb80369b1d65cc9f17acaa7519
3269,A80P,SINGLE,PRESENT,group_0175,true,8.0936000000000003,28.160599999999999,3.4793699999999999,kcat_div_KM,3.4793664129682709,,,,missing,,PASS_HEADER_DECLARED,ELIGIBLE,,,PASS_SUPPLIED,dccd4581ce16421870e0fdc617a61bfe1a871cfb80369b1d65cc9f17acaa7519
3245,A80S,SINGLE,PRESENT,group_0025,true,1.64028,78.135300000000001,47.635199999999998,kcat_div_KM,47.635342746360379,1.31074,252.09299999999999,192.328,kcat_div_KM,192.32876085264812,PASS_HEADER_DECLARED,ELIGIBLE,,,PASS_SUPPLIED,9f6c40fbfa4d8dab0d227a93debcd65acd7a19a01711bdd006517c1ea0f28085
3277,A80S,SINGLE,PRESENT,group_0172,true,1.8640000000000001,349.34199999999998,187.41499999999999,kcat_div_KM,187.41523605150212,2.3719800000000002,223.37299999999999,94.171199999999999,kcat_div_KM,94.171536016323898,PASS_HEADER_DECLARED,ELIGIBLE,,,PASS_SUPPLIED,9f6c40fbfa4d8dab0d227a93debcd65acd7a19a01711bdd006517c1ea0f28085
4471,A80S,SINGLE,PRESENT,group_0239,true,2.5208379999999999,391.6277,155.3562,kcat_div_KM,155.35615537372891,3.58155,223.655,62.446199999999997,kcat_div_KM,62.446426826374058,PASS_HEADER_DECLARED,ELIGIBLE,,,PASS_SUPPLIED,9f6c40fbfa4d8dab0d227a93debcd65acd7a19a01711bdd006517c1ea0f28085
4321,A80S,SINGLE,PRESENT,group_0302,true,3.4058160000000002,982.60180000000003,288.50700000000001,kcat_div_KM,288.5070127100231,5.3919800000000002,939.05999999999995,174.15899999999999,kcat_div_KM,174.15865785852318,PASS_HEADER_DECLARED,ELIGIBLE,,,PASS_SUPPLIED,9f6c40fbfa4d8dab0d227a93debcd65acd7a19a01711bdd006517c1ea0f28085
4332,A80S,SINGLE,PRESENT,group_0303,true,1.2905279999999999,975.34529999999995,755.77200000000005,kcat_div_KM,755.77228855166265,2.4898600000000002,1217.0699999999999,488.81,kcat_div_KM,488.81061585791969,PASS_HEADER_DECLARED,ELIGIBLE,,,PASS_SUPPLIED,9f6c40fbfa4d8dab0d227a93debcd65acd7a19a01711bdd006517c1ea0f28085
3987,P82T,SINGLE,PRESENT,group_0304,true,8.2621540000000007,248.6191,30.09132,kcat_div_KM,30.091317591030133,3.33935,186.035,55.710099999999997,kcat_div_KM,55.709943551888841,PASS_HEADER_DECLARED,ELIGIBLE,,,PASS_SUPPLIED,295b9425235d21632e1422ac9192de02f52eff6e6c8afc5d95c24a635f4581a2
3984,P82E,SINGLE,PRESENT,group_0305,true,8.6753789999999995,7.5699430000000003,0.87257770000000001,kcat_div_KM,0.87257778593880464,3.4208799999999999,132.80799999999999,38.822699999999998,kcat_div_KM,38.822759056149295,PASS_HEADER_DECLARED,ELIGIBLE,,,PASS_SUPPLIED,f8cdbb21a35334d764dca2a72b9dbe02512d326af19157bbf601919235352d57
3983,P82Q,SINGLE,PRESENT,group_0218,true,,,,missing,,3.33935,186.035,55.710099999999997,kcat_div_KM,55.709943551888841,PASS_HEADER_DECLARED,QUARANTINE,MISSING_REQUIRED_FIELD,,PASS_SUPPLIED,46936259a066ac7927e6a6a574c98db81eeb044bb56b658bcf54f46e91f54981
3979,P82H,SINGLE,PRESENT,group_0306,true,,,,missing,,3.4208799999999999,132.80799999999999,38.822699999999998,kcat_div_KM,38.822759056149295,PASS_HEADER_DECLARED,QUARANTINE,MISSING_REQUIRED_FIELD,,PASS_SUPPLIED,b817bb64c3f1e885978d03fc86fe276d9d0ecf63163c4f7d8b2b3191974236a0
3980,P82G,SINGLE,PRESENT,group_0307,true,3.5756649999999999,128.35169999999999,35.895890000000001,kcat_div_KM,35.895896287823383,3.4208799999999999,132.80799999999999,38.822699999999998,kcat_div_KM,38.822759056149295,PASS_HEADER_DECLARED,ELIGIBLE,,,PASS_SUPPLIED,27554d8ec4aa0cd5096b21f79cedf3916593faf1f402ab46b2511e63475ebbff
3986,P82D,SINGLE,PRESENT,group_0308,true,,,,missing,,2.2909700000000002,116.699,50.938499999999998,kcat_div_KM,50.938685360349538,PASS_HEADER_DECLARED,QUARANTINE,MISSING_REQUIRED_FIELD,,PASS_SUPPLIED,8a0c2c4e7013fac4def22ea1b0eb17b629a805de8e2ef61404b8192f128cad7b
3988,P82C,SINGLE,PRESENT,group_0309,true,2.3080310000000002,108.2114,46.884720000000002,kcat_div_KM,46.884725551779844,2.2909700000000002,116.699,50.938499999999998,kcat_div_KM,50.938685360349538,PASS_HEADER_DECLARED,ELIGIBLE,,,PASS_SUPPLIED,66e9eebd6ba1374bd51532d0bdefa85cb36206ab429def79abf90dc1b1c0e288
3985,P82S,SINGLE,PRESENT,group_0310,true,7.5358270000000003,201.37819999999999,26.72278,kcat_div_KM,26.722773757943219,4.9968399999999997,143.16800000000001,28.651700000000002,kcat_div_KM,28.651707879379771,PASS_HEADER_DECLARED,ELIGIBLE,,,PASS_SUPPLIED,5803940177b15b46b40ea91e610e60e7e545e0465bdc04a3cbeabbab40c16341
3989,P82W,SINGLE,PRESENT,group_0311,true,,,,missing,,4.9968399999999997,143.16800000000001,28.651700000000002,kcat_div_KM,28.651707879379771,PASS_HEADER_DECLARED,QUARANTINE,MISSING_REQUIRED_FIELD,,PASS_SUPPLIED,c4ef2c7f55efb2118a92e1b73cdbde77439059f05cf8af5aff4a6e031c1d6815
3990,P82K,SINGLE,PRESENT,group_0312,true,,,,missing,,3.33935,186.035,55.710099999999997,kcat_div_KM,55.709943551888841,PASS_HEADER_DECLARED,QUARANTINE,MISSING_REQUIRED_FIELD,,PASS_SUPPLIED,20e16c6f2be21acaf4b6697ed5f51eec46865f27a7f9b1c4819b9778ca3ccae1
3991,P82F,SINGLE,PRESENT,group_0216,true,,,,missing,,2.2909700000000002,116.699,50.938499999999998,kcat_div_KM,50.938685360349538,PASS_HEADER_DECLARED,QUARANTINE,MISSING_REQUIRED_FIELD,,PASS_SUPPLIED,107e0ca986e87f809fe997524b8ac3041f33518ec057f978f7608f72040df04b
3993,P82A,SINGLE,PRESENT,group_0217,true,6.0860469999999998,144.59829999999999,23.758990000000001,kcat_div_KM,23.758985101495274,4.9968399999999997,143.16800000000001,28.651700000000002,kcat_div_KM,28.651707879379771,PASS_HEADER_DECLARED,ELIGIBLE,,,PASS_SUPPLIED,16198f941db309f4e97f1e9a0a8eabf1cd237ee4c2bb6432abcc81b3f4f727d1
202,A88K,SINGLE,PLACEHOLDER_UNKNOWN,UNKNOWN,true,4.4592499999999999,307.39100000000002,68.933400000000006,kcat_div_KM,68.933340808431922,4.4234099999999996,666.71400000000006,150.72399999999999,kcat_div_KM,150.72398895874451,PASS_HEADER_DECLARED,ELIGIBLE,,MISSING_REQUIRED_FIELD,PASS_SUPPLIED,ed5b3db65a85fce664316497c36c00d50a61a0fbb9f6c34b447ec048e627a317
3172,A88E,SINGLE,PRESENT,group_0169,true,0.57270399999999999,249.73699999999999,436.06700000000001,kcat_div_KM,436.06644968430464,11.373100000000001,482.43599999999998,42.418999999999997,kcat_div_KM,42.419041422303501,PASS_HEADER_DECLARED,ELIGIBLE,,,PASS_SUPPLIED,99a27698f6d7ef0f7cd25d36b6d864af2e3c66e66c5a6497c91804d0efd4f2af
3338,A88E,SINGLE,PRESENT,group_0100,true,6.8925599999999996,367.44299999999998,53.310099999999998,kcat_div_KM,53.310090880601692,6.7487199999999996,372.33100000000002,55.1706,kcat_div_KM,55.170610130513644,PASS_HEADER_DECLARED,ELIGIBLE,,,PASS_SUPPLIED,99a27698f6d7ef0f7cd25d36b6d864af2e3c66e66c5a6497c91804d0efd4f2af
3423,A88E,SINGLE,PRESENT,group_0059,true,4.1512599999999997,335.79199999999997,80.889300000000006,kcat_div_KM,80.88917581649909,4.1960499999999996,349.93200000000002,83.395499999999998,kcat_div_KM,83.395574409265862,PASS_HEADER_DECLARED,ELIGIBLE,,,PASS_SUPPLIED,99a27698f6d7ef0f7cd25d36b6d864af2e3c66e66c5a6497c91804d0efd4f2af
136,I90V,SINGLE,PLACEHOLDER_UNKNOWN,UNKNOWN,true,6.6735499999999996,790.65800000000002,118.476,kcat_div_KM,118.47637314472807,5.7009299999999996,707.70399999999995,124.13800000000001,kcat_div_KM,124.13834234063565,PASS_HEADER_DECLARED,ELIGIBLE,,MISSING_REQUIRED_FIELD,PASS_SUPPLIED,b3585fc7901851578fdc1eb72d531d7d94a491995e2dbba48ff26863738eb58a
4347,I90V,SINGLE,PRESENT,group_0313,true,3.726756,1287.2950000000001,345.41980000000001,kcat_div_KM,345.41971623578257,10.1264,1191.6600000000001,117.679,kcat_div_KM,117.67854321377786,PASS_HEADER_DECLARED,ELIGIBLE,,,PASS_SUPPLIED,b3585fc7901851578fdc1eb72d531d7d94a491995e2dbba48ff26863738eb58a
4450,I90E,SINGLE,PRESENT,group_0012,true,2.7311779999999999,325.95150000000001,119.3447,kcat_div_KM,119.34465640833371,3.63442,410.779,113.02500000000001,kcat_div_KM,113.02463666829921,PASS_HEADER_DECLARED,ELIGIBLE,,,PASS_SUPPLIED,a918d7b9d65d152e59a24345bcd25a68fe945c9423307b32cbdb212e5cc69a50
1903,I91A,SINGLE,PRESENT,group_0314,true,5.0551599999999999,1005.14,198.83500000000001,kcat_div_KM,198.83445825651413,5.4928999999999997,215.38300000000001,39.211199999999998,kcat_div_KM,39.211163501975278,PASS_HEADER_DECLARED,ELIGIBLE,,,PASS_SUPPLIED,00624133b9b8a3d78b814a5876aa1889fe4f5e5ecfe3a609e75c26117ddce464
1904,I91R,SINGLE,PRESENT,group_0315,true,6.3113999999999999,271.89499999999998,43.079999999999998,kcat_div_KM,43.079982254333423,3.8162199999999999,360.74599999999998,94.529700000000005,kcat_div_KM,94.529665480501649,PASS_HEADER_DECLARED,ELIGIBLE,,,PASS_SUPPLIED,3d152ae21609c95d2f66b34599b1d7f9435805758196a39d27245d16c9cf9f51
322,I91K,SINGLE,PRESENT,group_0067,true,3.7338300000000002,4015.8499999999999,1075.53,kcat_div_KM,1075.5310231049618,6.4690700000000003,622.48400000000004,96.224599999999995,kcat_div_KM,96.224650529365121,PASS_HEADER_DECLARED,ELIGIBLE,,ID_JOIN_MISSING,PASS_REGENERATED,f5319e46f0d117ddea5c71bb327cb5cd0ccdedfe108a1b3d88757e0896c0bcc2
491,I91N,SINGLE,PRESENT,group_0316,true,9.3854399999999991,183.852,19.588999999999999,kcat_div_KM,19.589065616529435,8.2470099999999995,162.99299999999999,19.7639,kcat_div_KM,19.763890185655164,PASS_HEADER_DECLARED,ELIGIBLE,,,PASS_SUPPLIED,c74e1b9329689bf81831ab2c528230b47d367936b2fd0080b8db71edb8de4e78
492,I91G,SINGLE,PRESENT,group_0317,true,9.2976399999999995,93.719999999999999,10.08,kcat_div_KM,10.079977284558232,16.799499999999998,256.89600000000002,15.2919,kcat_div_KM,15.291883687014497,PASS_HEADER_DECLARED,ELIGIBLE,,,PASS_SUPPLIED,4dd6026870e625265d149f96c3afd724392bdf3a017629055cd7499e172936de
495,I91M,SINGLE,PRESENT,group_0318,true,9.0430600000000005,148.53999999999999,16.425899999999999,kcat_div_KM,16.425855849679198,8.2470099999999995,162.99299999999999,19.7639,kcat_div_KM,19.763890185655164,PASS_HEADER_DECLARED,ELIGIBLE,,,PASS_SUPPLIED,6176ff3825b5880ec269f35ed961c13cf72f0daccb54e315d84ec2262b34bd38
497,I91H,SINGLE,PRESENT,group_0319,true,11.586,181.18799999999999,15.638500000000001,kcat_div_KM,15.63852925945106,8.2470099999999995,162.99299999999999,19.7639,kcat_div_KM,19.763890185655164,PASS_HEADER_DECLARED,ELIGIBLE,,,PASS_SUPPLIED,2c46742ec3f44d91a6fe5ab0d3bf082568e2b080341e0bb4d43854d8996adc93
510,I91Q,SINGLE,PRESENT,group_0320,true,13.344099999999999,208.99199999999999,15.661799999999999,kcat_div_KM,15.661753134344018,8.2470099999999995,162.99299999999999,19.7639,kcat_div_KM,19.763890185655164,PASS_HEADER_DECLARED,ELIGIBLE,,,PASS_SUPPLIED,8ca7c6cd6cff558b56a862b90f35a71a3d21958bb242856d570e7580d39431ee
512,I91Y,SINGLE,PRESENT,group_0321,true,10.9049,248.75899999999999,22.811599999999999,kcat_div_KM,22.811671817256464,8.2470099999999995,162.99299999999999,19.7639,kcat_div_KM,19.763890185655164,PASS_HEADER_DECLARED,ELIGIBLE,,,PASS_SUPPLIED,c8c21ee0d54ac0c340cdf166c2c93443f83314a4d94ce8fdaa37d4a943883006
513,I91R,SINGLE,PRESENT,group_0322,true,8.45322,207.62200000000001,24.561299999999999,kcat_div_KM,24.56129143687258,16.799499999999998,256.89600000000002,15.2919,kcat_div_KM,15.291883687014497,PASS_HEADER_DECLARED,ELIGIBLE,,,PASS_SUPPLIED,3d152ae21609c95d2f66b34599b1d7f9435805758196a39d27245d16c9cf9f51
514,I91A,SINGLE,PRESENT,group_0323,true,9.8319299999999998,202.72200000000001,20.6187,kcat_div_KM,20.618739148875147,8.2470099999999995,162.99299999999999,19.7639,kcat_div_KM,19.763890185655164,PASS_HEADER_DECLARED,ELIGIBLE,,,PASS_SUPPLIED,00624133b9b8a3d78b814a5876aa1889fe4f5e5ecfe3a609e75c26117ddce464
515,I91D,SINGLE,PRESENT,group_0324,true,11.2142,89.607100000000003,7.9904700000000002,kcat_div_KM,7.9905031121256984,8.2470099999999995,162.99299999999999,19.7639,kcat_div_KM,19.763890185655164,PASS_HEADER_DECLARED,ELIGIBLE,,,PASS_SUPPLIED,c4aec5f10bc0f3b08b737217759105804e8ec80cadd76671618513139823a8a2
517,I91S,SINGLE,PRESENT,group_0325,true,10.1267,299.17000000000002,29.5426,kcat_div_KM,29.542694066181483,8.2470099999999995,162.99299999999999,19.7639,kcat_div_KM,19.763890185655164,PASS_HEADER_DECLARED,ELIGIBLE,,,PASS_SUPPLIED,5a24b045c53fde970f851050e28431693eaa16840811170d7ee5ec984af9f330
518,I91V,SINGLE,PRESENT,group_0326,true,10.4381,22.5442,2.1598000000000002,kcat_div_KM,2.1597991971718988,8.2470099999999995,162.99299999999999,19.7639,kcat_div_KM,19.763890185655164,PASS_HEADER_DECLARED,ELIGIBLE,,,PASS_SUPPLIED,d7324720946934de634d48601112b9e90f8a200407c8644397d355d767267685
763,I91C,SINGLE,PRESENT,group_0327,true,3.5802,19.567799999999998,5.46556,kcat_div_KM,5.4655605832076413,2.0248499999999998,150.53299999999999,74.343100000000007,kcat_div_KM,74.342790824011658,PASS_HEADER_DECLARED,ELIGIBLE,,,PASS_SUPPLIED,335596b4b3e8a3a882e37bc53281aa1de844fe10b0611792bb85d31cecbf21e5
19,I91E,SINGLE,PLACEHOLDER_UNKNOWN,UNKNOWN,true,6.71,692.74300000000005,103.262,kcat_div_KM,103.2403874813711,,,,missing,,PASS_HEADER_DECLARED,ELIGIBLE,,MISSING_REQUIRED_FIELD,PASS_SUPPLIED,cae2ec06a4052d1c21f74fd09ea18fccda1ec078237e62addfba2cd46e2ba8a9
4060,I91P,SINGLE,PRESENT,group_0228,true,4.4915919999999998,45.007100000000001,10.020300000000001,kcat_div_KM,10.020300151928314,5.7740900000000002,1241.4200000000001,214.99799999999999,kcat_div_KM,214.9983806972181,PASS_HEADER_DECLARED,ELIGIBLE,,,PASS_SUPPLIED,ad57866dfa056661b80ba86c740e422277193b64dd9e836ffad6de0aa76850a0
4414,I91H,SINGLE,PRESENT,group_0242,true,2.0046819999999999,266.28530000000001,132.83160000000001,kcat_div_KM,132.83169101134246,2.1082800000000002,244.66900000000001,116.051,kcat_div_KM,116.05147323884873,PASS_HEADER_DECLARED,ELIGIBLE,,,PASS_SUPPLIED,2c46742ec3f44d91a6fe5ab0d3bf082568e2b080341e0bb4d43854d8996adc93
4488,I91K,SINGLE,PRESENT,group_0012,true,2.153575,308.66079999999999,143.32480000000001,kcat_div_KM,143.3248435740571,2.4422899999999998,332.82299999999998,136.27500000000001,kcat_div_KM,136.274971440738,PASS_HEADER_DECLARED,ELIGIBLE,,,PASS_SUPPLIED,f5319e46f0d117ddea5c71bb327cb5cd0ccdedfe108a1b3d88757e0896c0bcc2
20,H101R,SINGLE,PLACEHOLDER_UNKNOWN,UNKNOWN,true,10.619999999999999,868.09400000000005,81.830299999999994,kcat_div_KM,81.741431261770259,,,,missing,,PASS_HEADER_DECLARED,ELIGIBLE,,MISSING_REQUIRED_FIELD,PASS_SUPPLIED,2d0baeb0070cd9c279ce54b31e9e38c26932442da2bc4c0c13f12b830a5b3b98
4447,H101G,SINGLE,PRESENT,group_0012,true,2.4322819999999998,199.48169999999999,82.014189999999999,kcat_div_KM,82.014215456924816,4.4782200000000003,408.60700000000003,91.243200000000002,kcat_div_KM,91.243172510506412,PASS_HEADER_DECLARED,ELIGIBLE,,,PASS_SUPPLIED,a662795d53ca86cf96592501424c78abffdc9351b7a6731ebd95bc8342965b86
1844,I106A,SINGLE,PRESENT,group_0328,true,5.1519500000000003,732.21100000000001,142.12299999999999,kcat_div_KM,142.12307961063286,4.1197999999999997,666.22500000000002,161.71299999999999,kcat_div_KM,161.71294723044809,PASS_HEADER_DECLARED,ELIGIBLE,,,PASS_SUPPLIED,fbffbeef127bc54ab4f037672b4af8f825dc3b9971631139ec7a9070af105d76
1122,L108M,SINGLE,PRESENT,group_0050,true,4.1379400000000004,391.18400000000003,94.535899999999998,kcat_div_KM,94.535928505488229,4.4302999999999999,372.32299999999998,84.040099999999995,kcat_div_KM,84.040132722389004,PASS_HEADER_DECLARED,ELIGIBLE,,,PASS_SUPPLIED,6f82c677da1aa95af2ba58970d72ecbcccd233e41cda9afcb3fe0cf472119f3a
1208,L108N,SINGLE,PRESENT,group_0010,true,4.2699199999999999,330.39100000000002,77.376400000000004,kcat_div_KM,77.376391126765853,6.7725,216.48699999999999,31.965699999999998,kcat_div_KM,31.965596160944997,PASS_HEADER_DECLARED,ELIGIBLE,,,PASS_SUPPLIED,2c640fdccd736f4144ff752c6fef837ff791e153649ebcf693272e1c50dbd34e
1219,L108E,SINGLE,PRESENT,group_0046,true,4.3118699999999999,404.923,93.909000000000006,kcat_div_KM,93.908907272250786,7.2265199999999998,488.57600000000002,67.608699999999999,kcat_div_KM,67.608752207148115,PASS_HEADER_DECLARED,ELIGIBLE,,,PASS_SUPPLIED,b71e6c1e76d074d7e91b578890d49282ac699708814b442b32cccc2caa82cf7d
2099,L108E,SINGLE,PRESENT,group_0100,true,8.4731799999999993,370.05799999999999,43.674100000000003,kcat_div_KM,43.674039734786703,8.4216800000000003,489.11799999999999,58.078400000000002,kcat_div_KM,58.078435656543583,PASS_HEADER_DECLARED,ELIGIBLE,,,PASS_SUPPLIED,b71e6c1e76d074d7e91b578890d49282ac699708814b442b32cccc2caa82cf7d
3096,L108S,SINGLE,PRESENT,group_0329,true,2.7605200000000001,95.382400000000004,34.552300000000002,kcat_div_KM,34.552330720299075,1.9680200000000001,1175.0899999999999,597.09199999999998,kcat_div_KM,597.09250922246713,PASS_HEADER_DECLARED,ELIGIBLE,,,PASS_SUPPLIED,f617df205520500d6caca7ee05da89b851e44a4311bb9db6dd553416e4d4a6d7
4064,L108R,SINGLE,PRESENT,group_0229,true,9.4613499999999995,88.031239999999997,9.3042990000000003,kcat_div_KM,9.3043001263033283,6.1299400000000004,1019.8200000000001,166.36699999999999,kcat_div_KM,166.36704437563827,PASS_HEADER_DECLARED,ELIGIBLE,,,PASS_SUPPLIED,871d0af3daf5de2d5e00bc72358df8f8b83b2305ac275745e804561ab4ccf127
4472,L108E,SINGLE,PRESENT,group_0239,true,4.9244250000000003,369.24310000000003,74.981960000000001,kcat_div_KM,74.98197251455754,3.58155,223.655,62.446199999999997,kcat_div_KM,62.446426826374058,PASS_HEADER_DECLARED,ELIGIBLE,,,PASS_SUPPLIED,b71e6c1e76d074d7e91b578890d49282ac699708814b442b32cccc2caa82cf7d
4459,L108A,SINGLE,PRESENT,group_0012,true,1.6764650000000001,355.17689999999999,211.86060000000001,kcat_div_KM,211.86061146519609,3.7775300000000001,468.05900000000003,123.90600000000001,kcat_div_KM,123.90609737050401,PASS_HEADER_DECLARED,ELIGIBLE,,,PASS_SUPPLIED,a797a5586859526a6b2ed21dde05ca65a46fb8965e478ea953f3902203f90e13
4449,I112K,SINGLE,PRESENT,group_0012,true,2.2482470000000001,365.23840000000001,162.4547,kcat_div_KM,162.45474807705736,3.63442,410.779,113.02500000000001,kcat_div_KM,113.02463666829921,PASS_HEADER_DECLARED,ELIGIBLE,,,PASS_SUPPLIED,6af7b96d8ca061cb80710c5af9e21352069eef1f95dffc563560307221abc481
4489,I112E,SINGLE,PRESENT,group_0012,true,1.6555040000000001,293.72590000000002,177.4238,kcat_div_KM,177.42385400458107,2.4422899999999998,332.82299999999998,136.27500000000001,kcat_div_KM,136.274971440738,PASS_HEADER_DECLARED,ELIGIBLE,,,PASS_SUPPLIED,b45402f5a10c833fc8255001bfc1e38cc3b586485d3c0bf505352157a2eb34ac
3422,M114S,SINGLE,PRESENT,group_0059,true,5.8046199999999999,48.854599999999998,8.4164999999999992,kcat_div_KM,8.4165027168014444,4.1960499999999996,349.93200000000002,83.395499999999998,kcat_div_KM,83.395574409265862,PASS_HEADER_DECLARED,ELIGIBLE,,,PASS_SUPPLIED,a6898c45ecb999b7218d8f6dba5eb7e11b574164343e13f951f5c1e8a460833a
2478,M114S,SINGLE,PRESENT,group_0100,true,13.792999999999999,257.24599999999998,18.650500000000001,kcat_div_KM,18.650474878561589,7.3484100000000003,302.27199999999999,41.134300000000003,kcat_div_KM,41.134340626067406,PASS_HEADER_DECLARED,ELIGIBLE,,,PASS_SUPPLIED,a6898c45ecb999b7218d8f6dba5eb7e11b574164343e13f951f5c1e8a460833a
2520,T116S,SINGLE,PRESENT,group_0012,true,2.2071399999999999,138.124,62.5807,kcat_div_KM,62.580534084833765,4.0309900000000001,402.166,99.768699999999995,kcat_div_KM,99.768543211469137,PASS_HEADER_DECLARED,ELIGIBLE,,,PASS_SUPPLIED,859a3a83b5a08f88836eb145d947526575611aa029696ff04dabca7260ba3e2d
736,T116I,SINGLE,PRESENT,group_0047,true,29.390799999999999,261.62200000000001,8.9014900000000008,kcat_div_KM,8.9014929841991375,6.7414300000000003,229.22300000000001,34.002200000000002,kcat_div_KM,34.002133078590148,PASS_HEADER_DECLARED,ELIGIBLE,,,PASS_SUPPLIED,858d0228d2afa35b6aad11aa2b48c92b4177a54f1ba818994e6f0f295166fe70
3289,T116I,SINGLE,PRESENT,group_0261,true,21.756799999999998,529.51199999999994,24.337700000000002,kcat_div_KM,24.337770260332402,3.1236899999999999,264.13099999999997,84.557299999999998,kcat_div_KM,84.557366448015003,PASS_HEADER_DECLARED,ELIGIBLE,,,PASS_SUPPLIED,858d0228d2afa35b6aad11aa2b48c92b4177a54f1ba818994e6f0f295166fe70
3381,T116I,SINGLE,PRESENT,group_0100,true,13.8681,140.25899999999999,10.113799999999999,kcat_div_KM,10.113786315356824,5.1725599999999998,344.904,66.679500000000004,kcat_div_KM,66.679555191239928,PASS_HEADER_DECLARED,ELIGIBLE,,,PASS_SUPPLIED,858d0228d2afa35b6aad11aa2b48c92b4177a54f1ba818994e6f0f295166fe70
4017,L117R,SINGLE,PRESENT,group_0330,true,,,,missing,,3.8327499999999999,195.11000000000001,50.905999999999999,kcat_div_KM,50.906007435914169,PASS_HEADER_DECLARED,QUARANTINE,MISSING_REQUIRED_FIELD,,PASS_SUPPLIED,4e5f9d89a37444d82d7802f452c24e51ca16b4fb44d8e8a92339606501802b60
4005,L117M,SINGLE,PRESENT,group_0331,true,1.9646030000000001,98.597809999999996,50.187139999999999,kcat_div_KM,50.187142135077664,3.3623699999999999,240.26300000000001,71.456500000000005,kcat_div_KM,71.456442925674452,PASS_HEADER_DECLARED,ELIGIBLE,,,PASS_SUPPLIED,1aabff0a63183f228b264b8a5a0a9bd961532aebff5db18a5771160f78221819
4006,L117A,SINGLE,PRESENT,group_0332,true,,,,missing,,3.3623699999999999,240.26300000000001,71.456500000000005,kcat_div_KM,71.456442925674452,PASS_HEADER_DECLARED,QUARANTINE,MISSING_REQUIRED_FIELD,,PASS_SUPPLIED,b39b5c79546577e213e197e7e1ed1eb6c3ff3121acfc1e2fbe83cc35a443654e
4007,L117H,SINGLE,PRESENT,group_0333,true,4.1274759999999997,22.377130000000001,5.4215039999999997,kcat_div_KM,5.421504570832151,3.3623699999999999,240.26300000000001,71.456500000000005,kcat_div_KM,71.456442925674452,PASS_HEADER_DECLARED,ELIGIBLE,,,PASS_SUPPLIED,9181587961f89db9982da956062c6673ba0151604f8234f3afc64a822ab5a5cd
4008,L117I,SINGLE,PRESENT,group_0334,true,2.7814000000000001,153.12100000000001,55.051780000000001,kcat_div_KM,55.051772488674771,3.4074300000000002,187.18100000000001,54.933199999999999,kcat_div_KM,54.933190116891616,PASS_HEADER_DECLARED,ELIGIBLE,,,PASS_SUPPLIED,68a57a2753b66ed8c8bd948cc16da7388a7773f9fe7cb7e30b7a85cec5ad8cf8
4010,L117H,SINGLE,PRESENT,group_0335,true,4.6680929999999998,16.951129999999999,3.631275,kcat_div_KM,3.631275126695205,3.3623699999999999,240.26300000000001,71.456500000000005,kcat_div_KM,71.456442925674452,PASS_HEADER_DECLARED,ELIGIBLE,,,PASS_SUPPLIED,9181587961f89db9982da956062c6673ba0151604f8234f3afc64a822ab5a5cd
4011,L117M,SINGLE,PRESENT,group_0336,true,4.5118770000000001,121.943,27.027100000000001,kcat_div_KM,27.027110889769379,3.8327499999999999,195.11000000000001,50.905999999999999,kcat_div_KM,50.906007435914169,PASS_HEADER_DECLARED,ELIGIBLE,,,PASS_SUPPLIED,1aabff0a63183f228b264b8a5a0a9bd961532aebff5db18a5771160f78221819
4012,L117R,SINGLE,PRESENT,group_0337,true,,,,missing,,3.3623699999999999,240.26300000000001,71.456500000000005,kcat_div_KM,71.456442925674452,PASS_HEADER_DECLARED,QUARANTINE,MISSING_REQUIRED_FIELD,,PASS_SUPPLIED,4e5f9d89a37444d82d7802f452c24e51ca16b4fb44d8e8a92339606501802b60
4013,L117W,SINGLE,PRESENT,group_0338,true,9.2919289999999997,7.5534920000000003,0.81290890000000005,kcat_div_KM,0.81290892343236809,3.4074300000000002,187.18100000000001,54.933199999999999,kcat_div_KM,54.933190116891616,PASS_HEADER_DECLARED,ELIGIBLE,,,PASS_SUPPLIED,9ddd3a844be73bc8e94d917d6ed1b5ff361932d038fd5912ba1874e6435dde79
4015,L117W,SINGLE,PRESENT,group_0339,true,0.8689595,1.297488,1.4931509999999999,kcat_div_KM,1.493151291861128,3.4074300000000002,187.18100000000001,54.933199999999999,kcat_div_KM,54.933190116891616,PASS_HEADER_DECLARED,ELIGIBLE,,,PASS_SUPPLIED,9ddd3a844be73bc8e94d917d6ed1b5ff361932d038fd5912ba1874e6435dde79
4016,L117I,SINGLE,PRESENT,group_0340,true,3.4558179999999998,202.07570000000001,58.474040000000002,kcat_div_KM,58.474057372234306,3.3623699999999999,240.26300000000001,71.456500000000005,kcat_div_KM,71.456442925674452,PASS_HEADER_DECLARED,ELIGIBLE,,,PASS_SUPPLIED,68a57a2753b66ed8c8bd948cc16da7388a7773f9fe7cb7e30b7a85cec5ad8cf8
4043,L117R,SINGLE,PRESENT,group_0341,true,,,,missing,,3.4074300000000002,187.18100000000001,54.933199999999999,kcat_div_KM,54.933190116891616,PASS_HEADER_DECLARED,QUARANTINE,MISSING_REQUIRED_FIELD,,PASS_SUPPLIED,4e5f9d89a37444d82d7802f452c24e51ca16b4fb44d8e8a92339606501802b60
1587,Y118F,SINGLE,PRESENT,group_0342,false,,,,missing,,7.4126099999999999,1527.6400000000001,206.08600000000001,kcat_div_KM,206.08665503783419,PASS_HEADER_DECLARED,QUARANTINE,EXPRESSION_CONTRADICTION|MISSING_REQUIRED_FIELD,,PASS_SUPPLIED,a2976f1a5bc8cd0800a7b4ff5e5db1c998964bf284a3efd51146d99529d67fec
1180,Y118F,SINGLE,PRESENT,group_0034,true,0.86815100000000001,108.435,124.904,kcat_div_KM,124.90338662283405,,,,missing,,PASS_HEADER_DECLARED,ELIGIBLE,,,PASS_SUPPLIED,a2976f1a5bc8cd0800a7b4ff5e5db1c998964bf284a3efd51146d99529d67fec
3339,Y118A,SINGLE,PRESENT,group_0100,true,11.899100000000001,11.1875,0.94019900000000001,kcat_div_KM,0.94019715776823454,6.7487199999999996,372.33100000000002,55.1706,kcat_div_KM,55.170610130513644,PASS_HEADER_DECLARED,ELIGIBLE,,,PASS_SUPPLIED,2f2a97ea3119bc78f0394ab6cfad2a4b93f330a8e69e2918d033a53a6b9fd19d
3904,Y118Q,SINGLE,PRESENT,group_0025,true,3.0117799999999999,2.9711500000000002,0.98651,kcat_div_KM,0.9865096388182405,2.94103,292.99200000000002,99.622100000000003,kcat_div_KM,99.622241187611152,PASS_HEADER_DECLARED,ELIGIBLE,,,PASS_SUPPLIED,739620d5caed0ffd94fc60cc68b20fba045f274614b3af0f711ced0bddf8329b
1120,H119Q,SINGLE,PRESENT,group_0048,true,67.258300000000006,153.08099999999999,2.2760099999999999,kcat_div_KM,2.2760164916448971,5.0011599999999996,367.447,73.472200000000001,kcat_div_KM,73.472354413776017,PASS_HEADER_DECLARED,ELIGIBLE,,,PASS_SUPPLIED,54fc65d1b5554cfd0f898ec0dde54c0e4ed681c632d46287f23bc16394516fa1
440,H119M,SINGLE,PRESENT,group_0073,true,17.017700000000001,9.7736699999999992,0.57432499999999997,kcat_div_KM,0.57432379228685415,4.09314,361.05099999999999,88.208799999999997,kcat_div_KM,88.208807907865349,PASS_HEADER_DECLARED,ELIGIBLE,,,PASS_SUPPLIED,8eb7d6828a2b0f339b3e454089fe06ea05446ae0458cd628da612858e694afb0
746,H119V,SINGLE,PRESENT,group_0073,true,44.3643,5.2199299999999997,0.11766,kcat_div_KM,0.11766059647058558,5.0017100000000001,324.72500000000002,64.922700000000006,kcat_div_KM,64.92279640362996,PASS_HEADER_DECLARED,ELIGIBLE,,,PASS_SUPPLIED,b2b30cd4d0804d58f370562b5c802d1455865015db3f21479c49c57732047b20
21,H119N,SINGLE,PLACEHOLDER_UNKNOWN,UNKNOWN,true,23.219999999999999,2.1648200000000002,,kcat_div_KM,0.093230835486649455,,,,missing,,PASS_HEADER_DECLARED,ELIGIBLE,,MISSING_REQUIRED_FIELD,PASS_SUPPLIED,44f58236d78a38384977b6deadb47edc5a8b8e7552f61224fd03523db5157676
22,H119A,SINGLE,PLACEHOLDER_UNKNOWN,UNKNOWN,true,15.1,116.90000000000001,7.7933599999999998,kcat_div_KM,7.741721854304636,,,,missing,,PASS_HEADER_DECLARED,ELIGIBLE,,MISSING_REQUIRED_FIELD,PASS_SUPPLIED,3170ce1d238c23b4069bef4e05357fad5a82fc3d85ac57cd4dc8d599015a11c2
23,H119E,SINGLE,PLACEHOLDER_UNKNOWN,UNKNOWN,false,,,,missing,,,,,missing,,PASS_HEADER_DECLARED,QUARANTINE,EXPRESSION_CONTRADICTION|MISSING_REQUIRED_FIELD,MISSING_REQUIRED_FIELD,PASS_SUPPLIED,83887b6e285e54a3e39fd0cc07a20786217aa0b8ac9e8112b9435df6bd13808b
216,H119T,SINGLE,PLACEHOLDER_UNKNOWN,UNKNOWN,true,66.089799999999997,20.653600000000001,0.31250899999999998,kcat_div_KM,0.31250813287375662,4.4234099999999996,666.71400000000006,150.72399999999999,kcat_div_KM,150.72398895874451,PASS_HEADER_DECLARED,ELIGIBLE,,MISSING_REQUIRED_FIELD,PASS_SUPPLIED,72154ea2d3321c4090b4b40aa4a766e70ff3121aa602b22ed241f91f92aa3da4
3218,H119T,SINGLE,PRESENT,group_0168,true,,,0.23839299999999999,reported_kcatKM,0.23839299999999999,2.3860000000000001,227.845,95.492699999999999,kcat_div_KM,95.492455993294215,PASS_HEADER_DECLARED,ELIGIBLE,,,PASS_SUPPLIED,72154ea2d3321c4090b4b40aa4a766e70ff3121aa602b22ed241f91f92aa3da4
3445,H119D,SINGLE,PRESENT,group_0185,true,,,0.0029685800000000002,reported_kcatKM,0.0029685800000000002,2.3753500000000001,215.471,90.711200000000005,kcat_div_KM,90.711263603258459,PASS_HEADER_DECLARED,ELIGIBLE,,,PASS_SUPPLIED,a180d9c35df8120757f2cd69d0f8e81c6835d9755e20f76feed01ad9ed5d47a9
3725,H119D,SINGLE,PRESENT,group_0343,true,59.6295,2.25447,0.037808000000000001,kcat_div_KM,0.037807964178804117,3.9996700000000001,264.63600000000002,66.164400000000001,kcat_div_KM,66.164458567831858,PASS_HEADER_DECLARED,ELIGIBLE,,,PASS_SUPPLIED,a180d9c35df8120757f2cd69d0f8e81c6835d9755e20f76feed01ad9ed5d47a9
3727,H119D,SINGLE,PRESENT,group_0344,true,,,4.4158299999999997,reported_kcatKM,4.4158299999999997,3.9996700000000001,264.63600000000002,66.164400000000001,kcat_div_KM,66.164458567831858,PASS_HEADER_DECLARED,ELIGIBLE,,,PASS_SUPPLIED,a180d9c35df8120757f2cd69d0f8e81c6835d9755e20f76feed01ad9ed5d47a9
3732,H119D,SINGLE,PRESENT,group_0345,true,,,0.025198100000000001,reported_kcatKM,0.025198100000000001,3.9996700000000001,264.63600000000002,66.164400000000001,kcat_div_KM,66.164458567831858,PASS_HEADER_DECLARED,ELIGIBLE,,,PASS_SUPPLIED,a180d9c35df8120757f2cd69d0f8e81c6835d9755e20f76feed01ad9ed5d47a9
3813,H119D,SINGLE,PRESENT,group_0346,false,,,,missing,,3.9996700000000001,264.63600000000002,66.164400000000001,kcat_div_KM,66.164458567831858,PASS_HEADER_DECLARED,QUARANTINE,EXPRESSION_CONTRADICTION|MISSING_REQUIRED_FIELD,,PASS_SUPPLIED,a180d9c35df8120757f2cd69d0f8e81c6835d9755e20f76feed01ad9ed5d47a9
4056,H119P,SINGLE,PRESENT,group_0226,true,47.15361,0.48104350000000001,0.01020162,kcat_div_KM,0.010201626132124348,6.6764900000000003,1014.52,151.95400000000001,kcat_div_KM,151.95409564007434,PASS_HEADER_DECLARED,ELIGIBLE,,,PASS_SUPPLIED,977ad19857a519fb28d4e8adf21ea54c886255f2dc534c1e2cfc7820ef1c30f3
4460,W120T,SINGLE,PRESENT,group_0239,true,6.3482589999999997,0.3088321,0.04864831,kcat_div_KM,0.048648314443377312,2.2996400000000001,310.298,134.934,kcat_div_KM,134.93329390687236,PASS_HEADER_DECLARED,ELIGIBLE,,,PASS_SUPPLIED,37b383765ce93330bf0f06d481e81ebb48758d91254f3c9fd4a56104791da294
1195,W120N,SINGLE,PRESENT,group_0019,true,0.71310300000000004,3.5715400000000002,5.0084499999999998,kcat_div_KM,5.0084489898373725,6.5375300000000003,353.524,54.076099999999997,kcat_div_KM,54.076080721618098,PASS_HEADER_DECLARED,ELIGIBLE,,,PASS_SUPPLIED,caaa949e2238b012767dfc21749b42c48f110c0872ddf942cacab9dc8a623bce
1197,W120T,SINGLE,PRESENT,group_0019,true,0.367782,0.36971399999999999,1.00525,kcat_div_KM,1.005253111897809,6.5375300000000003,353.524,54.076099999999997,kcat_div_KM,54.076080721618098,PASS_HEADER_DECLARED,ELIGIBLE,,,PASS_SUPPLIED,37b383765ce93330bf0f06d481e81ebb48758d91254f3c9fd4a56104791da294
525,W120Y,SINGLE,PRESENT,group_0347,true,16.941800000000001,7.50915,0.44323299999999999,kcat_div_KM,0.44323212409543256,8.5612300000000001,135.45599999999999,15.821999999999999,kcat_div_KM,15.822025573428116,PASS_HEADER_DECLARED,ELIGIBLE,,,PASS_SUPPLIED,6b698a811d2ecc173311658b659cc7135fd7c5e598571ddc98a945644417836c
546,W120L,SINGLE,PRESENT,group_0348,true,,,0.609483,reported_kcatKM,0.609483,8.5612300000000001,135.45599999999999,15.821999999999999,kcat_div_KM,15.822025573428116,PASS_HEADER_DECLARED,ELIGIBLE,,,PASS_SUPPLIED,61f3310a6790d8cf81e9db3880b1346eb147d761c91be75d3143ba385155998b
549,W120N,SINGLE,PRESENT,group_0349,true,22.717099999999999,2.4180700000000002,0.106443,kcat_div_KM,0.1064427237631564,11.7241,203.99799999999999,17.399899999999999,kcat_div_KM,17.399885705512578,PASS_HEADER_DECLARED,ELIGIBLE,,,PASS_SUPPLIED,caaa949e2238b012767dfc21749b42c48f110c0872ddf942cacab9dc8a623bce
24,W120H,SINGLE,PLACEHOLDER_UNKNOWN,UNKNOWN,true,89.180000000000007,69.274299999999997,0.86592899999999995,kcat_div_KM,0.77679188158779988,,,,missing,,PASS_HEADER_DECLARED,ELIGIBLE,,MISSING_REQUIRED_FIELD,PASS_SUPPLIED,765bf205e30ec97a7181705d6a63c514d1d3c842106ae8bfd95ba45559ced239
25,W120F,SINGLE,PLACEHOLDER_UNKNOWN,UNKNOWN,true,16.079999999999998,387.50299999999999,24.029499999999999,kcat_div_KM,24.098445273631842,,,,missing,,PASS_HEADER_DECLARED,ELIGIBLE,,MISSING_REQUIRED_FIELD,PASS_SUPPLIED,bec0f5c5f15e981b91a1181274d28f2dd5a63d1e6bf5ca4f8d591d0fd6d70606
26,W120A,SINGLE,PLACEHOLDER_UNKNOWN,UNKNOWN,false,,,,missing,,,,,missing,,PASS_HEADER_DECLARED,QUARANTINE,EXPRESSION_CONTRADICTION|MISSING_REQUIRED_FIELD,MISSING_REQUIRED_FIELD,PASS_SUPPLIED,256f894924c4436353f348ea8c814bf9fea2b3fb84e4331e6b3c55793fb49277
144,W120G,SINGLE,PLACEHOLDER_UNKNOWN,UNKNOWN,true,,,0.12056500000000001,reported_kcatKM,0.12056500000000001,5.7009299999999996,707.70399999999995,124.13800000000001,kcat_div_KM,124.13834234063565,PASS_HEADER_DECLARED,ELIGIBLE,,MISSING_REQUIRED_FIELD,PASS_SUPPLIED,39c2abde89ed4c947030f2c5a998efb3596fe84f1d84d66bb554fed20471283d
149,W120K,SINGLE,PLACEHOLDER_UNKNOWN,UNKNOWN,true,56.496000000000002,1.6897500000000001,0.0299093,kcat_div_KM,0.029909197111299916,5.7009299999999996,707.70399999999995,124.13800000000001,kcat_div_KM,124.13834234063565,PASS_HEADER_DECLARED,ELIGIBLE,,MISSING_REQUIRED_FIELD,PASS_SUPPLIED,a8c5cda9d5315720b0bb3f85b967cb3358cdb6b16511534e3cc29a6dafef009e
164,W120Q,SINGLE,PLACEHOLDER_UNKNOWN,UNKNOWN,true,,,0.28609299999999999,reported_kcatKM,0.28609299999999999,4.4234099999999996,666.71400000000006,150.72399999999999,kcat_div_KM,150.72398895874451,PASS_HEADER_DECLARED,ELIGIBLE,,MISSING_REQUIRED_FIELD,PASS_SUPPLIED,f83a3be5da8bb087b391730f2788674fe583f7b00eadb1a17e821544e16f4d0a
179,W120D,SINGLE,PLACEHOLDER_UNKNOWN,UNKNOWN,true,12.3393,47.039400000000001,3.8121499999999999,kcat_div_KM,3.8121611436629306,4.4234099999999996,666.71400000000006,150.72399999999999,kcat_div_KM,150.72398895874451,PASS_HEADER_DECLARED,ELIGIBLE,,MISSING_REQUIRED_FIELD,PASS_SUPPLIED,b5a5f12704a8459808014238eca89da3467864440f96ad2f816f65b8a8f7efcc
2036,W120Y,SINGLE,PRESENT,group_0096,true,24.118500000000001,1.64642,0.068263799999999999,kcat_div_KM,0.0682637809150652,8.8280799999999999,377.75200000000001,42.789900000000003,kcat_div_KM,42.789825194153202,PASS_HEADER_DECLARED,ELIGIBLE,,,PASS_SUPPLIED,6b698a811d2ecc173311658b659cc7135fd7c5e598571ddc98a945644417836c
2087,W120M,SINGLE,PRESENT,group_0100,true,50.859299999999998,100.248,1.97109,kcat_div_KM,1.9710849343187973,7.0274400000000004,381.95400000000001,54.351799999999997,kcat_div_KM,54.351798094327378,PASS_HEADER_DECLARED,ELIGIBLE,,,PASS_SUPPLIED,43ce0b689b8150d3792e2ad888583a86ad2333281e338e3ff439985edbdcc44d
3271,W120P,SINGLE,PRESENT,group_0178,false,,,,missing,,,,,missing,,PASS_HEADER_DECLARED,QUARANTINE,EXPRESSION_CONTRADICTION|MISSING_REQUIRED_FIELD,,PASS_SUPPLIED,b82a0c95932f3a5c8bbba100796075afd4dbac8a546820e4f9f63ba64e3dae1b
3260,W120S,SINGLE,PRESENT,group_0137,true,13.5061,1.1984900000000001,0.088737499999999997,kcat_div_KM,0.08873694108587972,4.3277400000000004,190.47900000000001,44.013599999999997,kcat_div_KM,44.013503583856703,PASS_HEADER_DECLARED,ELIGIBLE,,,PASS_SUPPLIED,8afad6c1429800fc9b0d290536111ebc6043254e64ab9380e092488ee93e9b76
3246,W120E,SINGLE,PRESENT,group_0025,true,,,0.068846500000000005,reported_kcatKM,0.068846500000000005,1.31074,252.09299999999999,192.328,kcat_div_KM,192.32876085264812,PASS_HEADER_DECLARED,ELIGIBLE,,,PASS_SUPPLIED,96ee9dc25104c08becd1db11fc1cba3653f7217af5397a3c68532e7fee5339b5
3121,W120E,SINGLE,PRESENT,group_0350,true,2.0193300000000001,8.9355899999999995,4.42502,kcat_div_KM,4.4250271129533063,2.8679999999999999,702.27999999999997,244.86799999999999,kcat_div_KM,244.86750348675034,PASS_HEADER_DECLARED,ELIGIBLE,,,PASS_SUPPLIED,96ee9dc25104c08becd1db11fc1cba3653f7217af5397a3c68532e7fee5339b5
3489,W120S,SINGLE,PRESENT,group_0130,true,,,0.10385,reported_kcatKM,0.10385,4.0299399999999999,340.50200000000001,84.492999999999995,kcat_div_KM,84.493069375722726,PASS_HEADER_DECLARED,ELIGIBLE,,,PASS_SUPPLIED,8afad6c1429800fc9b0d290536111ebc6043254e64ab9380e092488ee93e9b76
3738,W120D,SINGLE,PRESENT,group_0351,true,15.532299999999999,140.81399999999999,9.0659100000000006,kcat_div_KM,9.06588206511592,3.9996700000000001,264.63600000000002,66.164400000000001,kcat_div_KM,66.164458567831858,PASS_HEADER_DECLARED,ELIGIBLE,,,PASS_SUPPLIED,b5a5f12704a8459808014238eca89da3467864440f96ad2f816f65b8a8f7efcc
3740,W120D,SINGLE,PRESENT,group_0352,true,,,0.064046699999999998,reported_kcatKM,0.064046699999999998,3.9996700000000001,264.63600000000002,66.164400000000001,kcat_div_KM,66.164458567831858,PASS_HEADER_DECLARED,ELIGIBLE,,,PASS_SUPPLIED,b5a5f12704a8459808014238eca89da3467864440f96ad2f816f65b8a8f7efcc
27,D121F,SINGLE,PLACEHOLDER_UNKNOWN,UNKNOWN,false,,,,missing,,,,,missing,,PASS_HEADER_DECLARED,QUARANTINE,EXPRESSION_CONTRADICTION|MISSING_REQUIRED_FIELD,MISSING_REQUIRED_FIELD,PASS_SUPPLIED,c669e06bad275a92e6f16700eca36fcdf331e74b05ea1c3467f0d0acea3a0a7d
3907,D121Q,SINGLE,PRESENT,group_0025,true,15.3064,20.507200000000001,1.33978,kcat_div_KM,1.339779438666179,2.94103,292.99200000000002,99.622100000000003,kcat_div_KM,99.622241187611152,PASS_HEADER_DECLARED,ELIGIBLE,,,PASS_SUPPLIED,614f45984705dd774921064225da317e3918829ee44e98f29353183caea93f9b
3908,L122Q,SINGLE,PRESENT,group_0025,true,1.96211,272.66399999999999,138.965,kcat_div_KM,138.96468597581173,2.94103,292.99200000000002,99.622100000000003,kcat_div_KM,99.622241187611152,PASS_HEADER_DECLARED,ELIGIBLE,,,PASS_SUPPLIED,edc5a675d51e61a0f14721d800480c4c7b505ba2909e88e12a23d7f58e8d9805
3552,L122Q,SINGLE,PRESENT,group_0353,true,2.20655,88.147400000000005,39.948099999999997,kcat_div_KM,39.948063719380933,1.9583600000000001,898.98000000000002,459.048,kcat_div_KM,459.04736616352454,PASS_HEADER_DECLARED,ELIGIBLE,,,PASS_SUPPLIED,edc5a675d51e61a0f14721d800480c4c7b505ba2909e88e12a23d7f58e8d9805
3574,L122Q,SINGLE,PRESENT,group_0354,true,2.7208800000000002,812.923,298.77199999999999,kcat_div_KM,298.77208844197463,3.16201,768.34699999999998,242.99299999999999,kcat_div_KM,242.99322266532997,PASS_HEADER_DECLARED,ELIGIBLE,,,PASS_SUPPLIED,edc5a675d51e61a0f14721d800480c4c7b505ba2909e88e12a23d7f58e8d9805
3909,P123D,SINGLE,PRESENT,group_0025,false,,,,missing,,,,,missing,,PASS_HEADER_DECLARED,QUARANTINE,EXPRESSION_CONTRADICTION|MISSING_REQUIRED_FIELD,,PASS_SUPPLIED,339245b13de6f277474542ba097986ccd85f0d7bd08828eb03aa44cb62fee354
3570,P123D,SINGLE,PRESENT,group_0355,false,,,,missing,,,,,missing,,PASS_HEADER_DECLARED,QUARANTINE,EXPRESSION_CONTRADICTION|MISSING_REQUIRED_FIELD,,PASS_SUPPLIED,339245b13de6f277474542ba097986ccd85f0d7bd08828eb03aa44cb62fee354
1632,Q124G,SINGLE,PRESENT,group_0356,true,6.1718200000000003,71.268900000000002,11.547499999999999,kcat_div_KM,11.547468979976733,,,,missing,,PASS_HEADER_DECLARED,ELIGIBLE,,WT_BASELINE_GLOBAL_ONLY,PASS_SUPPLIED,7f1571575a9560de6550745fe56247ec3f5dfca957e655a13bc31c41083a136c
1642,Q124P,SINGLE,PRESENT,group_0357,true,5.1003400000000001,214.286,42.014000000000003,kcat_div_KM,42.014061807644197,4.0367499999999996,181.81,45.038600000000002,kcat_div_KM,45.038706880535088,PASS_HEADER_DECLARED,ELIGIBLE,,,PASS_SUPPLIED,c3969e651f2c01ff6976855b09c226bfafd2aa5d4b0861959768b4bc4b08d40b
1646,Q124T,SINGLE,PRESENT,group_0358,true,5.4217599999999999,133.779,24.674499999999998,kcat_div_KM,24.674459953963289,,,,missing,,PASS_HEADER_DECLARED,ELIGIBLE,,WT_BASELINE_GLOBAL_ONLY,PASS_SUPPLIED,e04d1578a5c2e76db430a18f6ebd753173d92ba4faae75184c0d99b4d51486f9
1725,Q124S,SINGLE,PRESENT,group_0359,true,5.6627999999999998,141.227,24.939299999999999,kcat_div_KM,24.939429257611078,3.7582900000000001,174.99100000000001,46.561199999999999,kcat_div_KM,46.561335075260295,PASS_HEADER_DECLARED,ELIGIBLE,,,PASS_SUPPLIED,0483281d1f688ceac2911638285aa88f11865a608d9aa2075b5f59b47eeb122b
1369,Q124D,SINGLE,PRESENT,group_0360,true,4.59673,193.76599999999999,42.152999999999999,kcat_div_KM,42.153008769277292,4.5601200000000004,349.62799999999999,76.6708,kcat_div_KM,76.670789365192135,PASS_HEADER_DECLARED,ELIGIBLE,,,PASS_SUPPLIED,e93752ea9ff938726de08475837d579e6d20c6da5fbf9628d2fe05c35673ba46
1257,Q124T,SINGLE,PRESENT,group_0361,true,5.65252,181.63800000000001,32.134099999999997,kcat_div_KM,32.133986257456854,5.9770399999999997,398.45699999999999,66.664599999999993,kcat_div_KM,66.66460321496929,PASS_HEADER_DECLARED,ELIGIBLE,,,PASS_SUPPLIED,e04d1578a5c2e76db430a18f6ebd753173d92ba4faae75184c0d99b4d51486f9
1260,Q124I,SINGLE,PRESENT,group_0362,true,3.4276300000000002,152.48699999999999,44.4876,kcat_div_KM,44.487590550905431,2.8030499999999998,362.88,129.459,kcat_div_KM,129.45898218012522,PASS_HEADER_DECLARED,ELIGIBLE,,,PASS_SUPPLIED,8483c71ce9b3c279e492e92bb04ebe57c60cbf969b60d07e8cf02f5d836f43c9
1290,Q124P,SINGLE,PRESENT,group_0363,true,4.8960499999999998,313.42899999999997,64.0167,kcat_div_KM,64.016707345717464,4.5601200000000004,349.62799999999999,76.6708,kcat_div_KM,76.670789365192135,PASS_HEADER_DECLARED,ELIGIBLE,,,PASS_SUPPLIED,c3969e651f2c01ff6976855b09c226bfafd2aa5d4b0861959768b4bc4b08d40b
1199,W125R,SINGLE,PRESENT,group_0058,true,3.7089500000000002,62.360700000000001,16.813600000000001,kcat_div_KM,16.813572574448294,3.8830399999999998,261.92099999999999,67.452699999999993,kcat_div_KM,67.452562940376609,PASS_HEADER_DECLARED,ELIGIBLE,,,PASS_SUPPLIED,6cc9d419d93d7841999e82e64bf8995728ec2578a3113b98b73d6d67a1e8a21d
3795,W125F,SINGLE,PRESENT,group_0364,true,4.77454,47.622799999999998,9.9743300000000001,kcat_div_KM,9.9743221336505705,3.9996700000000001,264.63600000000002,66.164400000000001,kcat_div_KM,66.164458567831858,PASS_HEADER_DECLARED,ELIGIBLE,,,PASS_SUPPLIED,5bac8d76066000e73bee716f7d8989a2c54798e052cbd753dca692f54f5b2cdc
319,E127D,SINGLE,PRESENT,group_0365,true,2.4170799999999999,136.56100000000001,56.498199999999997,kcat_div_KM,56.49833683618251,3.8553899999999999,425.96600000000001,110.486,kcat_div_KM,110.48583930549179,PASS_HEADER_DECLARED,ELIGIBLE,,,PASS_SUPPLIED,b9f5aafb738d5bda32cb11d0149df35fc6c1ffa5e653d97bf822a55ea7f525de
3731,D128E,SINGLE,PRESENT,group_0366,true,5.5378499999999997,996.39800000000002,179.92500000000001,kcat_div_KM,179.92506116994863,3.9996700000000001,264.63600000000002,66.164400000000001,kcat_div_KM,66.164458567831858,PASS_HEADER_DECLARED,ELIGIBLE,,ID_JOIN_MISSING,PASS_REGENERATED,61f72e77f92f3a6187cc8863f594466da2b1f638056512d96584d9de7b1427aa
3737,D128E,SINGLE,PRESENT,group_0367,true,5.6561000000000003,154.07499999999999,27.240500000000001,kcat_div_KM,27.240501405562132,3.9996700000000001,264.63600000000002,66.164400000000001,kcat_div_KM,66.164458567831858,PASS_HEADER_DECLARED,ELIGIBLE,,,PASS_SUPPLIED,61f72e77f92f3a6187cc8863f594466da2b1f638056512d96584d9de7b1427aa
3760,D128E,SINGLE,PRESENT,group_0368,true,7.7532500000000004,532.64599999999996,68.699700000000007,kcat_div_KM,68.69970657466223,3.9996700000000001,264.63600000000002,66.164400000000001,kcat_div_KM,66.164458567831858,PASS_HEADER_DECLARED,ELIGIBLE,,,PASS_SUPPLIED,61f72e77f92f3a6187cc8863f594466da2b1f638056512d96584d9de7b1427aa
2102,E129Q,SINGLE,PRESENT,group_0100,true,5.1702899999999996,348.93000000000001,67.487499999999997,kcat_div_KM,67.487510371758646,8.4216800000000003,489.11799999999999,58.078400000000002,kcat_div_KM,58.078435656543583,PASS_HEADER_DECLARED,ELIGIBLE,,,PASS_SUPPLIED,2209870d963c9681a2df2129d79fe2ea3208e884ba4c2c7969c9fef12f6862e3
3247,T133Y,SINGLE,PRESENT,group_0025,true,1.5809800000000001,248.548,157.21100000000001,kcat_div_KM,157.21134992220016,1.31074,252.09299999999999,192.328,kcat_div_KM,192.32876085264812,PASS_HEADER_DECLARED,ELIGIBLE,,,PASS_SUPPLIED,5f4ffde3edd5c304059ab006910c2c037087bc64019b0d868e69b592d63d0c4b
1091,Q139K,SINGLE,PRESENT,group_0047,true,6.5162699999999996,32.347799999999999,4.9641599999999997,kcat_div_KM,4.9641589436901787,6.7414300000000003,229.22300000000001,34.002200000000002,kcat_div_KM,34.002133078590148,PASS_HEADER_DECLARED,ELIGIBLE,,,PASS_SUPPLIED,17c2f5910c91f3707d80f6f722d80fda583196bb35ec12b59ae5cc5ca7995573
1133,Q139K,SINGLE,PRESENT,group_0047,true,6.5162699999999996,32.347799999999999,4.9641599999999997,kcat_div_KM,4.9641589436901787,6.7414300000000003,229.22300000000001,34.002200000000002,kcat_div_KM,34.002133078590148,PASS_HEADER_DECLARED,ELIGIBLE,,,PASS_SUPPLIED,17c2f5910c91f3707d80f6f722d80fda583196bb35ec12b59ae5cc5ca7995573
1144,Q139K,SINGLE,PRESENT,group_0053,true,5.1763399999999997,115.48099999999999,22.3093,kcat_div_KM,22.309392350579753,3.98719,288.83300000000003,72.440299999999993,kcat_div_KM,72.440239868177841,PASS_HEADER_DECLARED,ELIGIBLE,,,PASS_SUPPLIED,17c2f5910c91f3707d80f6f722d80fda583196bb35ec12b59ae5cc5ca7995573
3292,Q139K,SINGLE,PRESENT,group_0098,true,2.7684799999999998,284.54700000000003,102.78100000000001,kcat_div_KM,102.78094839045254,5.1783099999999997,285.79500000000002,55.190800000000003,kcat_div_KM,55.190786183136979,PASS_HEADER_DECLARED,ELIGIBLE,,,PASS_SUPPLIED,17c2f5910c91f3707d80f6f722d80fda583196bb35ec12b59ae5cc5ca7995573
3028,Q139E,SINGLE,PRESENT,group_0157,true,6.4744099999999998,754.04300000000001,116.465,kcat_div_KM,116.46512964115649,4.9784600000000001,851.43200000000002,171.023,kcat_div_KM,171.02316780691217,PASS_HEADER_DECLARED,ELIGIBLE,,,PASS_SUPPLIED,c4c12b2f7c9c8ac96287cd79743be78b45401c09232e6c8e76c21fd1a04b1f69
3192,Q139K,SINGLE,PRESENT,group_0168,true,3.6476299999999999,332.43900000000002,91.138300000000001,kcat_div_KM,91.138355589793932,2.3860000000000001,227.845,95.492699999999999,kcat_div_KM,95.492455993294215,PASS_HEADER_DECLARED,ELIGIBLE,,,PASS_SUPPLIED,17c2f5910c91f3707d80f6f722d80fda583196bb35ec12b59ae5cc5ca7995573
3371,Q139K,SINGLE,PRESENT,group_0180,true,5.6235799999999996,214.06399999999999,38.065399999999997,kcat_div_KM,38.065431628962337,7.4385599999999998,623.22799999999995,83.7834,kcat_div_KM,83.783420446968222,PASS_HEADER_DECLARED,ELIGIBLE,,,PASS_SUPPLIED,17c2f5910c91f3707d80f6f722d80fda583196bb35ec12b59ae5cc5ca7995573
4562,Q139K,SINGLE,PRESENT,group_0047,true,6.671297,361.79230000000001,54.231180000000002,kcat_div_KM,54.231178734809738,6.2479399999999998,337.34899999999999,53.993699999999997,kcat_div_KM,53.99363630252531,PASS_HEADER_DECLARED,ELIGIBLE,,,PASS_SUPPLIED,17c2f5910c91f3707d80f6f722d80fda583196bb35ec12b59ae5cc5ca7995573
862,K142R,SINGLE,PRESENT,group_0369,true,4.5744400000000001,60.237200000000001,13.168200000000001,kcat_div_KM,13.168212939725956,,,,missing,,PASS_HEADER_DECLARED,ELIGIBLE,,WT_BASELINE_GLOBAL_ONLY,PASS_SUPPLIED,60e878a4aab814550ca1bbc473afb4c7a37894e29f1a751f36d57f8f6709d33b
2387,Y144W,SINGLE,PRESENT,group_0123,true,2.48237,280.50700000000001,113,kcat_div_KM,112.99967369892482,4.26396,262.82400000000001,61.638399999999997,kcat_div_KM,61.638476908789016,PASS_HEADER_DECLARED,ELIGIBLE,,,PASS_SUPPLIED,376c79e7fc938531b722e0df17024384472c873cdaf4defc7c7d2c2e50ec596f
1171,A145E,SINGLE,PRESENT,group_0055,true,4.9510800000000001,295.12599999999998,59.608400000000003,kcat_div_KM,59.608408670431494,4.3323600000000004,363.67500000000001,83.943899999999999,kcat_div_KM,83.943855081295183,PASS_HEADER_DECLARED,ELIGIBLE,,,PASS_SUPPLIED,48f9430d0fb4b9f41f8e0eb533c0eceace8fe825c3230a4e5953747cad2475d5
1236,A145C,SINGLE,PRESENT,group_0061,true,4.0182399999999996,368.61900000000003,91.736500000000007,kcat_div_KM,91.736431870669762,4.0722500000000004,326.43599999999998,80.161100000000005,kcat_div_KM,80.161090306341691,PASS_HEADER_DECLARED,ELIGIBLE,,,PASS_SUPPLIED,92d8a9fe00e41f891770feb63dba3dc45b4fa6069feb7b34335639f2227e9b44
3380,A145C,SINGLE,PRESENT,group_0100,false,,,,missing,,,,,missing,,PASS_HEADER_DECLARED,QUARANTINE,EXPRESSION_CONTRADICTION|MISSING_REQUIRED_FIELD,,PASS_SUPPLIED,92d8a9fe00e41f891770feb63dba3dc45b4fa6069feb7b34335639f2227e9b44
3216,M149I,SINGLE,PRESENT,group_0100,true,9.0263000000000009,377.202,41.789200000000001,kcat_div_KM,41.789215957812168,6.3402599999999998,399.04500000000002,62.938200000000002,kcat_div_KM,62.938270670287977,PASS_HEADER_DECLARED,ELIGIBLE,,,PASS_SUPPLIED,78b07cb529832741d60672665f6744b850f71a2f7ce4ecc51ac4fd5c2dc8733e
3242,D150V,SINGLE,PRESENT,group_0025,true,2.6674500000000001,255.90600000000001,95.936899999999994,kcat_div_KM,95.936568632964068,1.18483,195.32400000000001,164.85400000000001,kcat_div_KM,164.85402969202332,PASS_HEADER_DECLARED,ELIGIBLE,,,PASS_SUPPLIED,538bca747c4fded3f31d57259083aad4996acb7af990fe373af498ad412b0135
3114,D150V,SINGLE,PRESENT,group_0370,true,3.0240499999999999,0.966499,0.319604,kcat_div_KM,0.31960417321142176,3.26376,986.57000000000005,302.27999999999997,kcat_div_KM,302.28019217099296,PASS_HEADER_DECLARED,ELIGIBLE,,,PASS_SUPPLIED,538bca747c4fded3f31d57259083aad4996acb7af990fe373af498ad412b0135
4477,D150V,SINGLE,PRESENT,group_0371,true,12.78293,477.63740000000001,37.365259999999999,kcat_div_KM,37.3652519414563,9.5815900000000003,219.22900000000001,22.880199999999999,kcat_div_KM,22.880231777815581,PASS_HEADER_DECLARED,ELIGIBLE,,,PASS_SUPPLIED,538bca747c4fded3f31d57259083aad4996acb7af990fe373af498ad412b0135
4464,D150V,SINGLE,PRESENT,group_0239,true,6.0293150000000004,266.8766,44.263179999999998,kcat_div_KM,44.263170857717661,3.58155,223.655,62.446199999999997,kcat_div_KM,62.446426826374058,PASS_HEADER_DECLARED,ELIGIBLE,,,PASS_SUPPLIED,538bca747c4fded3f31d57259083aad4996acb7af990fe373af498ad412b0135
1773,E154F,SINGLE,PRESENT,group_0372,true,6.4947900000000001,2334.7399999999998,359.47800000000001,kcat_div_KM,359.4789053995587,4.1197999999999997,666.22500000000002,161.71299999999999,kcat_div_KM,161.71294723044809,PASS_HEADER_DECLARED,ELIGIBLE,,,PASS_SUPPLIED,7da918baf3c69a1d1dfc904a1225dc009aac4084fc374a286ceda75b879d0686
1973,E154A,SINGLE,PRESENT,group_0004,true,30.9236,112.21899999999999,3.6288999999999998,kcat_div_KM,3.628911252247474,8.4970999999999997,564.17899999999997,66.396600000000007,kcat_div_KM,66.396652975721125,PASS_HEADER_DECLARED,ELIGIBLE,,,PASS_SUPPLIED,7d9f440c11fa56f95deea27fd0c898b9645424b007b51ccf9158b91dad969394
28,E154D,SINGLE,PLACEHOLDER_UNKNOWN,UNKNOWN,true,3.46,720.88599999999997,208.256,kcat_div_KM,208.34855491329478,,,,missing,,PASS_HEADER_DECLARED,ELIGIBLE,,MISSING_REQUIRED_FIELD,PASS_SUPPLIED,e93dc97f199f74d7e809ac27c3873a6ebaea7d958cb3ddf8a8c6d07bf6e20e33
1627,N157Y,SINGLE,PRESENT,group_0373,true,7.3881199999999998,1508.48,204.17699999999999,kcat_div_KM,204.17643460041256,,,,missing,,PASS_HEADER_DECLARED,ELIGIBLE,,WT_BASELINE_GLOBAL_ONLY,PASS_SUPPLIED,67389c8f6d45585c88fa987fb3170a303d298594a85b0e98e97f04d09d6f4016
864,N157T,SINGLE,PRESENT,group_0369,true,2.5451800000000002,19.680199999999999,7.7323500000000003,kcat_div_KM,7.7323411310791368,,,,missing,,PASS_HEADER_DECLARED,ELIGIBLE,,WT_BASELINE_GLOBAL_ONLY,PASS_SUPPLIED,bd998ac096dc673f421129ae5da47a626ce4d45caebb7d70d2dcb6b5e0843798
1121,N157D,SINGLE,PRESENT,group_0049,true,6.3176600000000001,330.09399999999999,52.249499999999998,kcat_div_KM,52.249408800093704,4.3553800000000003,342.17700000000002,78.564300000000003,kcat_div_KM,78.564212537137976,PASS_HEADER_DECLARED,ELIGIBLE,,,PASS_SUPPLIED,7a6974c91ced505a00b23f3134b33f907e93dd6ce8a6fe41df4480f91080f5bf
2069,N157H,SINGLE,PRESENT,group_0099,true,2.1690200000000002,344.87799999999999,159.001,kcat_div_KM,159.00176116402798,3.02563,275.685,91.116500000000002,kcat_div_KM,91.116560848484454,PASS_HEADER_DECLARED,ELIGIBLE,,,PASS_SUPPLIED,da26da35f6f44d8580c8c4889c421ae2dd203de49741b373dc3d33f3ff92b1ae
231,W158N,SINGLE,PLACEHOLDER_UNKNOWN,UNKNOWN,true,4.9527299999999999,850.78099999999995,171.78,kcat_div_KM,171.78021010634538,6.2188800000000004,625.34699999999998,100.556,kcat_div_KM,100.55620947823401,PASS_HEADER_DECLARED,ELIGIBLE,,MISSING_REQUIRED_FIELD,PASS_SUPPLIED,947ac45bb855835b89f59c1462017cbf450779e4a405c0682c65e8aa02f3a000
603,N160V,SINGLE,PRESENT,group_0374,true,8.6563499999999998,913.84100000000001,105.569,kcat_div_KM,105.56885985432659,3.2155399999999998,636.54600000000005,197.96000000000001,kcat_div_KM,197.95928522114485,PASS_HEADER_DECLARED,ELIGIBLE,,,PASS_SUPPLIED,3f71701126f495c5ebefa82c99a9aa810f97e1f3ae31cc29078c8281f1b295ad
680,N160V,SINGLE,PRESENT,group_0064,true,8.6563499999999998,493.96800000000002,57.0642,kcat_div_KM,57.064236081027225,3.2155399999999998,636.54600000000005,197.96000000000001,kcat_div_KM,197.95928522114485,PASS_HEADER_DECLARED,ELIGIBLE,,,PASS_SUPPLIED,3f71701126f495c5ebefa82c99a9aa810f97e1f3ae31cc29078c8281f1b295ad
692,N160V,SINGLE,PRESENT,group_0064,true,3.1768000000000001,121.62,38.283900000000003,kcat_div_KM,38.283807605137248,2.9011800000000001,480.81299999999999,165.72999999999999,kcat_div_KM,165.73015117986475,PASS_HEADER_DECLARED,ELIGIBLE,,,PASS_SUPPLIED,3f71701126f495c5ebefa82c99a9aa810f97e1f3ae31cc29078c8281f1b295ad
735,N160A,SINGLE,PRESENT,group_0047,true,14.2607,402.423,28.219000000000001,kcat_div_KM,28.219021506658159,6.7414300000000003,229.22300000000001,34.002200000000002,kcat_div_KM,34.002133078590148,PASS_HEADER_DECLARED,ELIGIBLE,,,PASS_SUPPLIED,8efab7be35822bebbb398d265ab2a71619d4709181d8e7c2b7b40c524c044ca6
2452,N160C,SINGLE,PRESENT,group_0122,true,4.9462799999999998,499.661,101.018,kcat_div_KM,101.01753236775922,6.6214500000000003,400.27600000000001,60.451300000000003,kcat_div_KM,60.451411699854262,PASS_HEADER_DECLARED,ELIGIBLE,,,PASS_SUPPLIED,edf6afcb6bb9e88ad117b366f3af4763bd805d6505b01dc88024aba0c51ee780
2453,N160S,SINGLE,PRESENT,group_0122,true,6.7110700000000003,393.52999999999997,58.6389,kcat_div_KM,58.638935370961704,6.6214500000000003,400.27600000000001,60.451300000000003,kcat_div_KM,60.451411699854262,PASS_HEADER_DECLARED,ELIGIBLE,,,PASS_SUPPLIED,e8e6b269ad6cf17ceead0f23e5af320e5de1bafa062eb35df83ff00356112496
2479,N160H,SINGLE,PRESENT,group_0100,true,14.8125,144.27000000000001,9.7397399999999994,kcat_div_KM,9.7397468354430394,7.3484100000000003,302.27199999999999,41.134300000000003,kcat_div_KM,41.134340626067406,PASS_HEADER_DECLARED,ELIGIBLE,,,PASS_SUPPLIED,1ecf64035da1288b73908eeae0cb03216926ea2523466b9de676cb0a597ecd73
3102,N160V,SINGLE,PRESENT,group_0375,true,3.85649,712.03499999999997,184.63300000000001,kcat_div_KM,184.63291749751716,10.325100000000001,1191.5,115.399,kcat_div_KM,115.39839807846896,PASS_HEADER_DECLARED,ELIGIBLE,,,PASS_SUPPLIED,3f71701126f495c5ebefa82c99a9aa810f97e1f3ae31cc29078c8281f1b295ad
4438,N160G,SINGLE,PRESENT,group_0376,true,5.0782129999999999,517.20389999999998,101.8476,kcat_div_KM,101.84761844373207,2.2131699999999999,1761.77,796.04200000000003,kcat_div_KM,796.0391655408306,PASS_HEADER_DECLARED,ELIGIBLE,,,PASS_SUPPLIED,df9e3a5e3d21e2cb3ab0397b5d34346ba9d2b6b49bf9ba882648284c09bff51e
4239,I162V,SINGLE,PRESENT,group_0377,true,1.652487,129.11590000000001,78.134299999999996,kcat_div_KM,78.134290920291662,1.7674799999999999,262.274,148.38800000000001,kcat_div_KM,148.3886663498314,PASS_HEADER_DECLARED,ELIGIBLE,,,PASS_SUPPLIED,6164b960d4f7827529fc18de347ee58d35f778c7f38680ae3a6a702312e995de
1328,N163T,SINGLE,PRESENT,group_0378,false,,,,missing,,7.9390599999999996,1050.8699999999999,132.36600000000001,kcat_div_KM,132.36705604945672,PASS_HEADER_DECLARED,QUARANTINE,EXPRESSION_CONTRADICTION|MISSING_REQUIRED_FIELD,,PASS_SUPPLIED,3cf05f6ed516693c04ad5bf3d72ce5b01861531b915a66c4f44498f1f3e2166e
1595,N163T,SINGLE,PRESENT,group_0379,true,,,,missing,,29.904499999999999,1353.29,45.253799999999998,kcat_div_KM,45.253724355866176,PASS_HEADER_DECLARED,QUARANTINE,MISSING_REQUIRED_FIELD,,PASS_SUPPLIED,3cf05f6ed516693c04ad5bf3d72ce5b01861531b915a66c4f44498f1f3e2166e
263,N163Q,SINGLE,PLACEHOLDER_UNKNOWN,UNKNOWN,true,7.01023,1.1146799999999999,0.15900700000000001,kcat_div_KM,0.1590076217185456,3.2528199999999998,617.50400000000002,189.83699999999999,kcat_div_KM,189.83651108883984,PASS_HEADER_DECLARED,ELIGIBLE,,MISSING_REQUIRED_FIELD,PASS_SUPPLIED,3eb277185e501f254f8d089ff8ffd3ee3387266534ece8eeab3872097039449d
349,N163S,SINGLE,PRESENT,group_0070,true,2.6676600000000001,1757.97,658.99400000000003,kcat_div_KM,658.99327500506058,2.98393,405.43900000000002,135.874,kcat_div_KM,135.87416594893313,PASS_HEADER_DECLARED,ELIGIBLE,,ID_JOIN_MISSING,PASS_REGENERATED,a91515847e2be47ef92a86123449715ea8aba62b5aa2b082f90de117a9a82a61
29,N163A,SINGLE,PLACEHOLDER_UNKNOWN,UNKNOWN,true,11.949999999999999,6.4944699999999997,0.649447,kcat_div_KM,0.5434702928870293,,,,missing,,PASS_HEADER_DECLARED,ELIGIBLE,,EFFICIENCY_COMPONENT_CONFLICT|MISSING_REQUIRED_FIELD,PASS_SUPPLIED,532123ee556546ac7636fc1cc8178ec5c87d7e1fc742852ccdb5122fe2966e64
30,N163D,SINGLE,PLACEHOLDER_UNKNOWN,UNKNOWN,true,15.19,10.8241,0.649447,kcat_div_KM,0.71258064516129027,,,,missing,,PASS_HEADER_DECLARED,ELIGIBLE,,MISSING_REQUIRED_FIELD,PASS_SUPPLIED,1d7e49df3b55c0ac89cb71c07ffda49c77e6df265c58ef4403d3c4dbdef34035
31,N163C,SINGLE,PLACEHOLDER_UNKNOWN,UNKNOWN,true,5.4199999999999999,21.648199999999999,3.8966799999999999,kcat_div_KM,3.9941328413284132,,,,missing,,PASS_HEADER_DECLARED,ELIGIBLE,,MISSING_REQUIRED_FIELD,PASS_SUPPLIED,c2a524383258862987770c3cfe1cdbe16cc812a151534c21db96b9ff7d1f45b2
32,N163E,SINGLE,PLACEHOLDER_UNKNOWN,UNKNOWN,false,,,,missing,,,,,missing,,PASS_HEADER_DECLARED,QUARANTINE,EXPRESSION_CONTRADICTION|MISSING_REQUIRED_FIELD,MISSING_REQUIRED_FIELD,PASS_SUPPLIED,62b4f481933f38df0ffcd5fb40efa2466b4e6e82ceae881e8caeddb6ecf5c9eb
33,N163K,SINGLE,PLACEHOLDER_UNKNOWN,UNKNOWN,false,,,,missing,,,,,missing,,PASS_HEADER_DECLARED,QUARANTINE,EXPRESSION_CONTRADICTION|MISSING_REQUIRED_FIELD,MISSING_REQUIRED_FIELD,PASS_SUPPLIED,240431fa9a74ea1dc387fd10dab58df3e26817f4106e5cd90769c41ac18d4a05
153,N163T,SINGLE,PLACEHOLDER_UNKNOWN,UNKNOWN,true,23.011500000000002,4.7889099999999996,0.20810899999999999,kcat_div_KM,0.20810942354909498,5.7009299999999996,707.70399999999995,124.13800000000001,kcat_div_KM,124.13834234063565,PASS_HEADER_DECLARED,ELIGIBLE,,MISSING_REQUIRED_FIELD,PASS_SUPPLIED,3cf05f6ed516693c04ad5bf3d72ce5b01861531b915a66c4f44498f1f3e2166e
2090,N163G,SINGLE,PRESENT,group_0100,true,9.6801899999999996,2.3900399999999999,0.24690000000000001,kcat_div_KM,0.2469001124977919,7.0274400000000004,381.95400000000001,54.351799999999997,kcat_div_KM,54.351798094327378,PASS_HEADER_DECLARED,ELIGIBLE,,,PASS_SUPPLIED,e5dac1af1d1d62a883761853e5bfb40644f80ccb81ead3fcb2e62a0213252bda
2500,N163H,SINGLE,PRESENT,group_0123,true,,,,missing,,4.26396,262.82400000000001,61.638399999999997,kcat_div_KM,61.638476908789016,PASS_HEADER_DECLARED,QUARANTINE,MISSING_REQUIRED_FIELD,,PASS_SUPPLIED,09b25ebf49544c946c778fde1f272591390024fb8d11805ba2656a7113d76c4a
34,E164A,SINGLE,PLACEHOLDER_UNKNOWN,UNKNOWN,true,1.01,,,missing,,,,,missing,,PASS_HEADER_DECLARED,QUARANTINE,MISSING_REQUIRED_FIELD,MISSING_REQUIRED_FIELD,PASS_SUPPLIED,931fe69b5aaf94bf1c203522c7b7d9c0fcf2f199463e052c949de592df9b58fa
35,E164G,SINGLE,PLACEHOLDER_UNKNOWN,UNKNOWN,false,,,,missing,,,,,missing,,PASS_HEADER_DECLARED,QUARANTINE,EXPRESSION_CONTRADICTION|MISSING_REQUIRED_FIELD,MISSING_REQUIRED_FIELD,PASS_SUPPLIED,1d96f5ae9f89dfea31785da484f8cb5372372cc6d1a4f3af60dd21ae57f6b4b9
36,E164R,SINGLE,PLACEHOLDER_UNKNOWN,UNKNOWN,false,,,,missing,,,,,missing,,PASS_HEADER_DECLARED,QUARANTINE,EXPRESSION_CONTRADICTION|MISSING_REQUIRED_FIELD,MISSING_REQUIRED_FIELD,PASS_SUPPLIED,8712e401143997e2761afa49e6af9012d180a9423e6a27caebd398949df2e098
4335,E164A,SINGLE,PRESENT,group_0380,true,0.32441579999999998,0.39206249999999998,1.208518,kcat_div_KM,1.2085185123535906,10.1264,1191.6600000000001,117.679,kcat_div_KM,117.67854321377786,PASS_HEADER_DECLARED,ELIGIBLE,,,PASS_SUPPLIED,931fe69b5aaf94bf1c203522c7b7d9c0fcf2f199463e052c949de592df9b58fa
343,P165A,SINGLE,PRESENT,group_0069,true,3.7285499999999998,554.70899999999995,148.774,kcat_div_KM,148.77338375507904,5.17204,571.59900000000005,110.517,kcat_div_KM,110.51712670435651,PASS_HEADER_DECLARED,ELIGIBLE,,,PASS_SUPPLIED,c11d0aefdacbcb16834152fcbdc199d3ea7ec366b2a6f227b0b0b94a7500d0f1
856,Y166F,SINGLE,PRESENT,group_0369,true,5.1622199999999996,5.8921099999999997,1.1413899999999999,kcat_div_KM,1.1413907194966506,,,,missing,,PASS_HEADER_DECLARED,ELIGIBLE,,WT_BASELINE_GLOBAL_ONLY,PASS_SUPPLIED,ee0e249e26a58d14bcd3581bd0c45f62da20d92990b2585de287ea3d069e4de2
857,Y166S,SINGLE,PRESENT,group_0035,true,6.66892,43.273299999999999,6.48881,kcat_div_KM,6.4888017849966708,2.4080599999999999,246.517,102.372,kcat_div_KM,102.3716186473759,PASS_HEADER_DECLARED,ELIGIBLE,,,PASS_SUPPLIED,1a2ca32251784a5137595184000284eea4fc637e0b66dccc438bd802656a9dfa
858,Y166F,SINGLE,PRESENT,group_0369,true,4.9490499999999997,8.6827799999999993,1.7544299999999999,kcat_div_KM,1.7544336791909558,,,,missing,,PASS_HEADER_DECLARED,ELIGIBLE,,WT_BASELINE_GLOBAL_ONLY,PASS_SUPPLIED,ee0e249e26a58d14bcd3581bd0c45f62da20d92990b2585de287ea3d069e4de2
1104,Y166K,SINGLE,PRESENT,group_0052,true,2.2436500000000001,1.8004500000000001,0.80246300000000004,kcat_div_KM,0.80246473380429206,3.2155399999999998,636.54600000000005,197.96000000000001,kcat_div_KM,197.95928522114485,PASS_HEADER_DECLARED,ELIGIBLE,,,PASS_SUPPLIED,0b6c11390a354cdc6f720372b7c9abe23b7a72c185a144b9feb6dbd952b98c2d
1136,Y166H,SINGLE,PRESENT,group_0052,true,22.3489,593.87199999999996,26.572700000000001,kcat_div_KM,26.572761970387802,4.3780099999999997,368.55900000000003,84.184100000000001,kcat_div_KM,84.184138455599708,PASS_HEADER_DECLARED,ELIGIBLE,,,PASS_SUPPLIED,6fba07b2311fa8486004784fb44c602ef45efcb6ceaad9f39a1c55104bf1f307
1142,Y166H,SINGLE,PRESENT,group_0052,true,14.384,534.26599999999996,37.143000000000001,kcat_div_KM,37.143075639599552,4.3780099999999997,368.55900000000003,84.184100000000001,kcat_div_KM,84.184138455599708,PASS_HEADER_DECLARED,ELIGIBLE,,,PASS_SUPPLIED,6fba07b2311fa8486004784fb44c602ef45efcb6ceaad9f39a1c55104bf1f307
37,Y166P,SINGLE,PLACEHOLDER_UNKNOWN,UNKNOWN,false,,,,missing,,,,,missing,,PASS_HEADER_DECLARED,QUARANTINE,EXPRESSION_CONTRADICTION|MISSING_REQUIRED_FIELD,MISSING_REQUIRED_FIELD,PASS_SUPPLIED,71393ef1d65ebf3c674ce86e48d644083ca1bad170277f213a6e4d8fbb2324c6
180,Y166W,SINGLE,PLACEHOLDER_UNKNOWN,UNKNOWN,true,7.5764399999999998,9.6663300000000003,1.2758400000000001,kcat_div_KM,1.2758406322758447,4.4234099999999996,666.71400000000006,150.72399999999999,kcat_div_KM,150.72398895874451,PASS_HEADER_DECLARED,ELIGIBLE,,MISSING_REQUIRED_FIELD,PASS_SUPPLIED,c06b3f208bbc984149da1355f5fd0e4b5530fc202dbaf65dc10d238a3bce67ee
1023,C167S,SINGLE,PRESENT,group_0045,true,71.464699999999993,16.968599999999999,0.23744000000000001,kcat_div_KM,0.23744030269489691,3.3849800000000001,231.13200000000001,68.281700000000001,kcat_div_KM,68.281644204692498,PASS_HEADER_DECLARED,ELIGIBLE,,,PASS_SUPPLIED,53c55cff0c4764f95de22f0d038cd090b1f1898ad9e293dc50db6389ee0e5dff
1190,C167H,SINGLE,PRESENT,group_0381,false,,,,missing,,,,,missing,,PASS_HEADER_DECLARED,QUARANTINE,EXPRESSION_CONTRADICTION|MISSING_REQUIRED_FIELD,,PASS_SUPPLIED,968ac9043d32dbe0ee1a4f841e4d917ff57f0b92f0b348dd8b3e045453bf4061
238,C167H,SINGLE,PLACEHOLDER_UNKNOWN,UNKNOWN,true,3.7279599999999999,168.19300000000001,45.116700000000002,kcat_div_KM,45.116632152705506,4.5038299999999998,352.49799999999999,78.266300000000001,kcat_div_KM,78.266275592107164,PASS_HEADER_DECLARED,ELIGIBLE,,MISSING_REQUIRED_FIELD,PASS_SUPPLIED,968ac9043d32dbe0ee1a4f841e4d917ff57f0b92f0b348dd8b3e045453bf4061
38,C167A,SINGLE,PLACEHOLDER_UNKNOWN,UNKNOWN,true,14.56,391.83300000000003,26.843800000000002,kcat_div_KM,26.911607142857143,,,,missing,,PASS_HEADER_DECLARED,ELIGIBLE,,MISSING_REQUIRED_FIELD,PASS_SUPPLIED,2796e7774aaa28a9128d7ceeb767d3d490cdb673752d24e31d99e2a4b8d5f1cc
39,C167Q,SINGLE,PLACEHOLDER_UNKNOWN,UNKNOWN,true,4.9199999999999999,413.48099999999999,83.995099999999994,kcat_div_KM,84.040853658536591,,,,missing,,PASS_HEADER_DECLARED,ELIGIBLE,,MISSING_REQUIRED_FIELD,PASS_SUPPLIED,b4b316b540c74e47e78607cca26b919becdae8c366e8db228c8296d928fa07a4
133,C167E,SINGLE,PLACEHOLDER_UNKNOWN,UNKNOWN,true,5.1428399999999996,183.50200000000001,35.680999999999997,kcat_div_KM,35.681063381322389,5.7009299999999996,707.70399999999995,124.13800000000001,kcat_div_KM,124.13834234063565,PASS_HEADER_DECLARED,ELIGIBLE,,MISSING_REQUIRED_FIELD,PASS_SUPPLIED,8bec09bf1394856bab950294653077bca08a406e93eed7b339867f751a923b26
157,C167N,SINGLE,PLACEHOLDER_UNKNOWN,UNKNOWN,true,37.362699999999997,487.42399999999998,13.0457,kcat_div_KM,13.045738129203725,5.7009299999999996,707.70399999999995,124.13800000000001,kcat_div_KM,124.13834234063565,PASS_HEADER_DECLARED,ELIGIBLE,,MISSING_REQUIRED_FIELD,PASS_SUPPLIED,9cd418a0b67e2f62bb8b14c3d635aeeac48c776d7e7697fd2f6ff4bb51da63de
2049,C167D,SINGLE,PRESENT,group_0097,true,57.522599999999997,87.605900000000005,1.52298,kcat_div_KM,1.52298227131597,6.0554699999999997,467.40199999999999,77.186700000000002,kcat_div_KM,77.18674190442691,PASS_HEADER_DECLARED,ELIGIBLE,,,PASS_SUPPLIED,5d06025cb54b48a52b0c84f43b56ef7d8674620f36318022e408544ab801a15e
2480,C167S,SINGLE,PRESENT,group_0100,true,,,0.115872,reported_kcatKM,0.115872,7.3484100000000003,302.27199999999999,41.134300000000003,kcat_div_KM,41.134340626067406,PASS_HEADER_DECLARED,ELIGIBLE,,,PASS_SUPPLIED,53c55cff0c4764f95de22f0d038cd090b1f1898ad9e293dc50db6389ee0e5dff
3284,C167N,SINGLE,PRESENT,group_0382,true,1.67313,232.25999999999999,138.81800000000001,kcat_div_KM,138.8176650947625,3.1236899999999999,264.13099999999997,84.557299999999998,kcat_div_KM,84.557366448015003,PASS_HEADER_DECLARED,ELIGIBLE,,,PASS_SUPPLIED,9cd418a0b67e2f62bb8b14c3d635aeeac48c776d7e7697fd2f6ff4bb51da63de
3735,C167N,SINGLE,PRESENT,group_0383,true,7.0888400000000003,438.02100000000002,61.790300000000002,kcat_div_KM,61.790222377709185,3.9996700000000001,264.63600000000002,66.164400000000001,kcat_div_KM,66.164458567831858,PASS_HEADER_DECLARED,ELIGIBLE,,,PASS_SUPPLIED,9cd418a0b67e2f62bb8b14c3d635aeeac48c776d7e7697fd2f6ff4bb51da63de
3756,C167T,SINGLE,PRESENT,group_0384,true,2.0601799999999999,344.53100000000001,167.233,kcat_div_KM,167.23344562125641,3.9996700000000001,264.63600000000002,66.164400000000001,kcat_div_KM,66.164458567831858,PASS_HEADER_DECLARED,ELIGIBLE,,,PASS_SUPPLIED,77f0b07503bbee5c7ab53a52ef9d533c34ce65eae1a75afcd69148d92a39c489
3818,C167T,SINGLE,PRESENT,group_0385,true,,,0.19067300000000001,reported_kcatKM,0.19067300000000001,3.9996700000000001,264.63600000000002,66.164400000000001,kcat_div_KM,66.164458567831858,PASS_HEADER_DECLARED,ELIGIBLE,,,PASS_SUPPLIED,77f0b07503bbee5c7ab53a52ef9d533c34ce65eae1a75afcd69148d92a39c489
155,A168N,SINGLE,PLACEHOLDER_UNKNOWN,UNKNOWN,true,7.3125900000000001,156.964,21.4649,kcat_div_KM,21.464898209799809,5.7009299999999996,707.70399999999995,124.13800000000001,kcat_div_KM,124.13834234063565,PASS_HEADER_DECLARED,ELIGIBLE,,MISSING_REQUIRED_FIELD,PASS_SUPPLIED,8533565a9c757beccacf3514237a90d9f9e8f80176b63dd08fa59d475ede2f40
1224,S169A,SINGLE,PRESENT,group_0059,true,4.3298800000000002,515.58000000000004,119.075,kcat_div_KM,119.07489353053664,4.8862800000000002,272.38099999999997,55.744,kcat_div_KM,55.744042502680969,PASS_HEADER_DECLARED,ELIGIBLE,,,PASS_SUPPLIED,1eff32e22fa086ac707247b1e7277a26ff36cd138414406cdb6d50100dd849bc
243,S169D,SINGLE,PLACEHOLDER_UNKNOWN,UNKNOWN,true,68.866,1.5516799999999999,0.022531900000000001,kcat_div_KM,0.022531873493451048,2.90747,272.73599999999999,93.805099999999996,kcat_div_KM,93.805267122274685,PASS_HEADER_DECLARED,ELIGIBLE,,MISSING_REQUIRED_FIELD,PASS_SUPPLIED,81f7ba55022e57a9023659eff2b10ea729a63afca5d6f8d3a15ff5dbc55101cc
244,S169N,SINGLE,PLACEHOLDER_UNKNOWN,UNKNOWN,true,10.1151,1.6457299999999999,0.16270000000000001,kcat_div_KM,0.16270031932457416,2.90747,272.73599999999999,93.805099999999996,kcat_div_KM,93.805267122274685,PASS_HEADER_DECLARED,ELIGIBLE,,MISSING_REQUIRED_FIELD,PASS_SUPPLIED,e49410d77c96b5e16e039249d112a43aa1ccdbb5dbe1e4ae2c42358cba4c87fd
4075,S169M,SINGLE,PRESENT,group_0229,true,5.0900730000000003,19.05078,3.7427329999999999,kcat_div_KM,3.7427321769255566,6.1299400000000004,1019.8200000000001,166.36699999999999,kcat_div_KM,166.36704437563827,PASS_HEADER_DECLARED,ELIGIBLE,,,PASS_SUPPLIED,ce78c13bfffbacee51878c2b71a952f800252b85bdd2b2818aa2f8397894b8d7
1993,I170Y,SINGLE,PRESENT,group_0386,true,4.8218399999999999,432.77100000000002,89.752300000000005,kcat_div_KM,89.752252252252262,4.7035600000000004,697.51700000000005,148.29499999999999,kcat_div_KM,148.29554635212477,PASS_HEADER_DECLARED,ELIGIBLE,,,PASS_SUPPLIED,1aaa1d16c9ad93a0edc4b05181390417ababd1338177c88a04a5f47828c00eb3
3723,I170A,SINGLE,PRESENT,group_0387,true,2.4090699999999998,253.53899999999999,105.244,kcat_div_KM,105.2435172078852,3.9996700000000001,264.63600000000002,66.164400000000001,kcat_div_KM,66.164458567831858,PASS_HEADER_DECLARED,ELIGIBLE,,,PASS_SUPPLIED,c825a52aba40245f14857d7ab1106eacf58f99ade79e84febb22157a84784abf
3757,I170A,SINGLE,PRESENT,group_0388,true,3.3845200000000002,673.51800000000003,198.999,kcat_div_KM,198.99956271494923,3.9996700000000001,264.63600000000002,66.164400000000001,kcat_div_KM,66.164458567831858,PASS_HEADER_DECLARED,ELIGIBLE,,,PASS_SUPPLIED,c825a52aba40245f14857d7ab1106eacf58f99ade79e84febb22157a84784abf
4371,I170V,SINGLE,PRESENT,group_0389,true,6.4088539999999998,527.97379999999998,82.38194,kcat_div_KM,82.381935990428246,6.8648999999999996,539.78800000000001,78.630099999999999,kcat_div_KM,78.630132995382311,PASS_HEADER_DECLARED,ELIGIBLE,,,PASS_SUPPLIED,b864ce72e8f913cacdbf93cc40cf758bb6a9f85c8ff629e38a46955653e6a8f7
4378,I170V,SINGLE,PRESENT,group_0390,true,5.4784670000000002,451.73689999999999,82.456819999999993,kcat_div_KM,82.456807716465207,3.9591699999999999,351.77999999999997,88.852000000000004,kcat_div_KM,88.851956344385314,PASS_HEADER_DECLARED,ELIGIBLE,,,PASS_SUPPLIED,b864ce72e8f913cacdbf93cc40cf758bb6a9f85c8ff629e38a46955653e6a8f7
4379,I170V,SINGLE,PRESENT,group_0389,true,3.2505139999999999,356.62529999999998,109.7135,kcat_div_KM,109.71350992489188,1.0908,155.482,142.53999999999999,kcat_div_KM,142.53942060872754,PASS_HEADER_DECLARED,ELIGIBLE,,,PASS_SUPPLIED,b864ce72e8f913cacdbf93cc40cf758bb6a9f85c8ff629e38a46955653e6a8f7
1235,L171F,SINGLE,PRESENT,group_0061,true,1.5865899999999999,261.36500000000001,164.733,kcat_div_KM,164.73380016261291,4.2851400000000002,226.14400000000001,52.774000000000001,kcat_div_KM,52.774005050010032,PASS_HEADER_DECLARED,ELIGIBLE,,,PASS_SUPPLIED,168903b612385f7c9853495945fb1cf98361651fb4cb238bfed917632d8adb5c
317,L171Y,SINGLE,PRESENT,group_0066,true,1.09734,410.37900000000002,373.976,kcat_div_KM,373.97616053365414,3.8553899999999999,425.96600000000001,110.486,kcat_div_KM,110.48583930549179,PASS_HEADER_DECLARED,ELIGIBLE,,,PASS_SUPPLIED,95c919756a287d6e3926d2929ac48667ca354496d6bafe69b62e69160393ef4b
40,L171A,SINGLE,PLACEHOLDER_UNKNOWN,UNKNOWN,true,11.09,662.43600000000004,59.749099999999999,kcat_div_KM,59.732732191163215,,,,missing,,PASS_HEADER_DECLARED,ELIGIBLE,,MISSING_REQUIRED_FIELD,PASS_SUPPLIED,6790993c0a7a9d3c6dfc4d634b607c7a3f013f352c6f945268c059d85f20ab64
41,L171R,SINGLE,PLACEHOLDER_UNKNOWN,UNKNOWN,true,3.3599999999999999,331.21800000000002,98.499399999999994,kcat_div_KM,98.57678571428572,,,,missing,,PASS_HEADER_DECLARED,ELIGIBLE,,MISSING_REQUIRED_FIELD,PASS_SUPPLIED,e834ffc04bcf622643eb9e7e75a3d4a653f578acf965649fdccc1ecfc8f998bc
173,L171Q,SINGLE,PLACEHOLDER_UNKNOWN,UNKNOWN,true,7.9877200000000004,77.133600000000001,9.6565200000000004,kcat_div_KM,9.6565227624403462,4.4234099999999996,666.71400000000006,150.72399999999999,kcat_div_KM,150.72398895874451,PASS_HEADER_DECLARED,ELIGIBLE,,MISSING_REQUIRED_FIELD,PASS_SUPPLIED,9f4027b24dbdb215809df8316827ee3076b663ab0d1be41d504f3ee57626e003
187,L171I,SINGLE,PLACEHOLDER_UNKNOWN,UNKNOWN,true,18.690200000000001,427.79199999999997,22.888500000000001,kcat_div_KM,22.888572620945734,6.6269799999999996,384.20299999999997,57.975499999999997,kcat_div_KM,57.975578619522011,PASS_HEADER_DECLARED,ELIGIBLE,,MISSING_REQUIRED_FIELD,PASS_SUPPLIED,3fe5220bf592f08af6667aebb1109883edeeff52fdb8bb62fe308c42142000ed
3287,L171Q,SINGLE,PRESENT,group_0138,true,2.7538399999999998,554.66499999999996,201.41499999999999,kcat_div_KM,201.4151148941115,3.1236899999999999,264.13099999999997,84.557299999999998,kcat_div_KM,84.557366448015003,PASS_HEADER_DECLARED,ELIGIBLE,,,PASS_SUPPLIED,9f4027b24dbdb215809df8316827ee3076b663ab0d1be41d504f3ee57626e003
2865,L171F,SINGLE,PRESENT,group_0155,true,5.6476800000000003,362.85199999999998,64.248000000000005,kcat_div_KM,64.247974389483815,4.9260599999999997,353.67399999999998,71.796400000000006,kcat_div_KM,71.796527041895558,PASS_HEADER_DECLARED,ELIGIBLE,,,PASS_SUPPLIED,168903b612385f7c9853495945fb1cf98361651fb4cb238bfed917632d8adb5c
2891,L171F,SINGLE,PRESENT,group_0156,true,3,63.734400000000001,21.244800000000001,kcat_div_KM,21.244800000000001,3.78057,401.24000000000001,106.13200000000001,kcat_div_KM,106.13214409467356,PASS_HEADER_DECLARED,ELIGIBLE,,,PASS_SUPPLIED,168903b612385f7c9853495945fb1cf98361651fb4cb238bfed917632d8adb5c
3282,L171Y,SINGLE,PRESENT,group_0138,true,1.67187,255.09,152.577,kcat_div_KM,152.57765256868058,3.1236899999999999,264.13099999999997,84.557299999999998,kcat_div_KM,84.557366448015003,PASS_HEADER_DECLARED,ELIGIBLE,,,PASS_SUPPLIED,95c919756a287d6e3926d2929ac48667ca354496d6bafe69b62e69160393ef4b
3357,L171I,SINGLE,PRESENT,group_0025,true,5.1162900000000002,207.21899999999999,40.501899999999999,kcat_div_KM,40.501808927953654,4.8565300000000002,278.334,57.311399999999999,kcat_div_KM,57.311290159846635,PASS_HEADER_DECLARED,ELIGIBLE,,,PASS_SUPPLIED,3fe5220bf592f08af6667aebb1109883edeeff52fdb8bb62fe308c42142000ed
3365,L171I,SINGLE,PRESENT,group_0025,true,7.8438100000000004,334.14400000000001,42.599800000000002,kcat_div_KM,42.59970601021697,5.0710300000000004,284.548,56.112499999999997,kcat_div_KM,56.112466303689779,PASS_HEADER_DECLARED,ELIGIBLE,,,PASS_SUPPLIED,3fe5220bf592f08af6667aebb1109883edeeff52fdb8bb62fe308c42142000ed
3376,L171H,SINGLE,PRESENT,group_0180,true,7.2316399999999996,256.55399999999997,35.476500000000001,kcat_div_KM,35.476600051993735,7.4385599999999998,623.22799999999995,83.7834,kcat_div_KM,83.783420446968222,PASS_HEADER_DECLARED,ELIGIBLE,,,PASS_SUPPLIED,129ee2913e528f7793c3fe06ccdeede8e19ffd5ebf1c9a5fdcb74241ec71b3d7
3384,L171M,SINGLE,PRESENT,group_0100,true,3.4192100000000001,247.93600000000001,72.512600000000006,kcat_div_KM,72.512656432333785,5.1725599999999998,344.904,66.679500000000004,kcat_div_KM,66.679555191239928,PASS_HEADER_DECLARED,ELIGIBLE,,,PASS_SUPPLIED,6b757a933b58a4cd8aad291a8937014cccf8674509ab04229bc6b4b8226d548d
3124,Y173L,SINGLE,PRESENT,group_0391,true,1.2823500000000001,193.654,151.01400000000001,kcat_div_KM,151.01493352048971,1.5535600000000001,1355.71,872.649,kcat_div_KM,872.64733901490774,PASS_HEADER_DECLARED,ELIGIBLE,,,PASS_SUPPLIED,462d38b6247736f3e1cc556b892120bc9fd455c03a050793ccf48a3606aab9ff
3169,Y173L,SINGLE,PRESENT,group_0170,true,,,,missing,,,,,missing,,PASS_HEADER_DECLARED,QUARANTINE,MISSING_REQUIRED_FIELD,,PASS_SUPPLIED,462d38b6247736f3e1cc556b892120bc9fd455c03a050793ccf48a3606aab9ff
3366,Y173L,SINGLE,PRESENT,group_0025,true,2.8953199999999999,97.093900000000005,33.534799999999997,kcat_div_KM,33.534773358385259,5.0710300000000004,284.548,56.112499999999997,kcat_div_KM,56.112466303689779,PASS_HEADER_DECLARED,ELIGIBLE,,,PASS_SUPPLIED,462d38b6247736f3e1cc556b892120bc9fd455c03a050793ccf48a3606aab9ff
1319,T175H,SINGLE,PRESENT,group_0392,true,4.89384,362.27800000000002,74.027299999999997,kcat_div_KM,74.027348666895534,7.9390599999999996,1050.8699999999999,132.36600000000001,kcat_div_KM,132.36705604945672,PASS_HEADER_DECLARED,ELIGIBLE,,,PASS_SUPPLIED,d847102b5dd0b6a1e12d3c2707ab16d1352dac47f76956a23b865c143a5fa835
1357,T175H,SINGLE,PRESENT,group_0393,true,0.20400099999999999,36.944000000000003,181.09700000000001,kcat_div_KM,181.09715148455157,8.85731,1067.6700000000001,120.541,kcat_div_KM,120.5411123693311,PASS_HEADER_DECLARED,ELIGIBLE,,,PASS_SUPPLIED,d847102b5dd0b6a1e12d3c2707ab16d1352dac47f76956a23b865c143a5fa835
42,T175R,SINGLE,PLACEHOLDER_UNKNOWN,UNKNOWN,true,3.5899999999999999,655.94100000000003,182.71100000000001,kcat_div_KM,182.71337047353762,,,,missing,,PASS_HEADER_DECLARED,ELIGIBLE,,MISSING_REQUIRED_FIELD,PASS_SUPPLIED,4ade7fb158c882d845cd248637db50b8146bb0503d5fa8cb8f273fa2d304de5a
137,T175K,SINGLE,PLACEHOLDER_UNKNOWN,UNKNOWN,true,6.2069700000000001,708.495,114.145,kcat_div_KM,114.14506595005292,5.7009299999999996,707.70399999999995,124.13800000000001,kcat_div_KM,124.13834234063565,PASS_HEADER_DECLARED,ELIGIBLE,,MISSING_REQUIRED_FIELD,PASS_SUPPLIED,5c4a68be474f73027a8f7ee6cd09b484409126c85982f138bccd0ae093ddf589
150,T175A,SINGLE,PLACEHOLDER_UNKNOWN,UNKNOWN,true,10.598000000000001,425.01299999999998,40.103099999999998,kcat_div_KM,40.103132666540851,5.7009299999999996,707.70399999999995,124.13800000000001,kcat_div_KM,124.13834234063565,PASS_HEADER_DECLARED,ELIGIBLE,,MISSING_REQUIRED_FIELD,PASS_SUPPLIED,5e0ee74cdb4611134ab7df241ab890d1738d27175eb39c201052a1a4be31731b
152,T175C,SINGLE,PLACEHOLDER_UNKNOWN,UNKNOWN,true,14.1441,2190.5799999999999,154.876,kcat_div_KM,154.87588464448072,5.7009299999999996,707.70399999999995,124.13800000000001,kcat_div_KM,124.13834234063565,PASS_HEADER_DECLARED,ELIGIBLE,,ID_JOIN_MISSING|MISSING_REQUIRED_FIELD,PASS_REGENERATED,a7d03f714d3fabca31c0b143b61d1a4b5f28c3ed34f28976a458b055409bb520
3250,T175M,SINGLE,PRESENT,group_0025,true,5.0381200000000002,283.66199999999998,56.303100000000001,kcat_div_KM,56.303144823862866,2.8230400000000002,209.744,74.297300000000007,kcat_div_KM,74.297211516662884,PASS_HEADER_DECLARED,ELIGIBLE,,,PASS_SUPPLIED,3625b60f9ce1bd12e2a84e8ebfa8ec1a61f73fcbb4af5761d71f6d2f8752632b
2546,E177A,SINGLE,PRESENT,group_0394,true,6.0860099999999999,325.00200000000001,53.401499999999999,kcat_div_KM,53.401489645925658,6.2298200000000001,455.928,73.184799999999996,kcat_div_KM,73.184779014481961,PASS_HEADER_DECLARED,ELIGIBLE,,,PASS_SUPPLIED,61880f908832035df180bf06a6a1165768539430630768e26e9d9ef511d209fd
627,E177D,SINGLE,PRESENT,group_0395,true,,,,missing,,2.4726599999999999,333.904,135.03800000000001,kcat_div_KM,135.03837972062476,PASS_HEADER_DECLARED,QUARANTINE,MISSING_REQUIRED_FIELD,,PASS_SUPPLIED,ee1a792d38792670cc8737a28552e63366c5c36af136e95efcb8e1ee925d301f
635,E177D,SINGLE,PRESENT,group_0084,true,5.0408200000000001,404.09800000000001,80.165099999999995,kcat_div_KM,80.165131863466655,4.1949699999999996,719.97500000000002,171.62799999999999,kcat_div_KM,171.62816420618029,PASS_HEADER_DECLARED,ELIGIBLE,,,PASS_SUPPLIED,ee1a792d38792670cc8737a28552e63366c5c36af136e95efcb8e1ee925d301f
43,E177L,SINGLE,PLACEHOLDER_UNKNOWN,UNKNOWN,true,7.4800000000000004,549.86500000000001,73.603999999999999,kcat_div_KM,73.51136363636364,,,,missing,,PASS_HEADER_DECLARED,ELIGIBLE,,MISSING_REQUIRED_FIELD,PASS_SUPPLIED,6f03f4a1a979ddbf91c2ca001e851ba5936a542077290ab2037ee93410c01ed0
44,E177K,SINGLE,PLACEHOLDER_UNKNOWN,UNKNOWN,true,6.1900000000000004,454.613,73.387500000000003,kcat_div_KM,73.443134087237482,,,,missing,,PASS_HEADER_DECLARED,ELIGIBLE,,MISSING_REQUIRED_FIELD,PASS_SUPPLIED,7e809e266ad73f0166587ae1da9896e741220d7ce9fc30ef4f2f39aa7b2c52b7
45,E177A,SINGLE,PLACEHOLDER_UNKNOWN,UNKNOWN,true,5.9800000000000004,807.47900000000004,135.08500000000001,kcat_div_KM,135.02993311036789,,,,missing,,PASS_HEADER_DECLARED,ELIGIBLE,,MISSING_REQUIRED_FIELD,PASS_SUPPLIED,61880f908832035df180bf06a6a1165768539430630768e26e9d9ef511d209fd
131,E177T,SINGLE,PLACEHOLDER_UNKNOWN,UNKNOWN,true,8.7141999999999999,504.88900000000001,57.938600000000001,kcat_div_KM,57.93865185559202,5.7009299999999996,707.70399999999995,124.13800000000001,kcat_div_KM,124.13834234063565,PASS_HEADER_DECLARED,ELIGIBLE,,MISSING_REQUIRED_FIELD,PASS_SUPPLIED,1c830764323f074730ad0a0640d889c234ab9f1d8e2edad3b296f343abd0f6fe
172,E177Q,SINGLE,PLACEHOLDER_UNKNOWN,UNKNOWN,true,8.1732600000000009,799.39099999999996,97.805700000000002,kcat_div_KM,97.805649153458944,4.4234099999999996,666.71400000000006,150.72399999999999,kcat_div_KM,150.72398895874451,PASS_HEADER_DECLARED,ELIGIBLE,,MISSING_REQUIRED_FIELD,PASS_SUPPLIED,47621f23f0a5164df9fd821bb5ba21b3f0c9a50672e1b124a1c6a4b6cba60102
175,E177C,SINGLE,PLACEHOLDER_UNKNOWN,UNKNOWN,true,6.1289100000000003,70.789100000000005,11.550000000000001,kcat_div_KM,11.550030919037805,4.4234099999999996,666.71400000000006,150.72399999999999,kcat_div_KM,150.72398895874451,PASS_HEADER_DECLARED,ELIGIBLE,,MISSING_REQUIRED_FIELD,PASS_SUPPLIED,4137233457b44704ad0cc115ca1c02b165967fa7e825f1400c5ec709bc7e0e36
2058,E177I,SINGLE,PRESENT,group_0295,false,,,,missing,,,,,missing,,PASS_HEADER_DECLARED,QUARANTINE,EXPRESSION_CONTRADICTION|MISSING_REQUIRED_FIELD,,PASS_SUPPLIED,4464d643797e13005cbfb864122b8506b4d20285116b45c43eafc47cb4314408
3341,E177A,SINGLE,PRESENT,group_0100,true,9.4078700000000008,261.21499999999997,27.765499999999999,kcat_div_KM,27.765583495520236,6.0304200000000003,364.79199999999997,60.491900000000001,kcat_div_KM,60.491972366767151,PASS_HEADER_DECLARED,ELIGIBLE,,,PASS_SUPPLIED,61880f908832035df180bf06a6a1165768539430630768e26e9d9ef511d209fd
3418,E177T,SINGLE,PRESENT,group_0183,true,6.45662,259.19499999999999,40.143999999999998,kcat_div_KM,40.14406918790327,3.7438199999999999,363.94799999999998,97.212999999999994,kcat_div_KM,97.213007035594657,PASS_HEADER_DECLARED,ELIGIBLE,,,PASS_SUPPLIED,1c830764323f074730ad0a0640d889c234ab9f1d8e2edad3b296f343abd0f6fe
3800,E177W,SINGLE,PRESENT,group_0396,true,5.6625199999999998,101.274,17.884899999999998,kcat_div_KM,17.88496994271102,3.9996700000000001,264.63600000000002,66.164400000000001,kcat_div_KM,66.164458567831858,PASS_HEADER_DECLARED,ELIGIBLE,,,PASS_SUPPLIED,da9d571eeac485ac096aaf80c3be2e5403928f31d0c4d8103b98c26fc598b282
3817,E177W,SINGLE,PRESENT,group_0397,true,14.970599999999999,20.8065,1.3898200000000001,kcat_div_KM,1.3898240551480903,3.9996700000000001,264.63600000000002,66.164400000000001,kcat_div_KM,66.164458567831858,PASS_HEADER_DECLARED,ELIGIBLE,,,PASS_SUPPLIED,da9d571eeac485ac096aaf80c3be2e5403928f31d0c4d8103b98c26fc598b282
1322,H178N,SINGLE,PRESENT,group_0398,true,1.39561,273.13099999999997,195.708,kcat_div_KM,195.70725345906089,6.4769899999999998,867.697,133.96600000000001,kcat_div_KM,133.96608609863532,PASS_HEADER_DECLARED,ELIGIBLE,,,PASS_SUPPLIED,63607750563c55c046867d226a46f4a0fe025aa6d9c84f1142a389b03e5f213c
1604,H178C,SINGLE,PRESENT,group_0399,true,0.98771299999999995,73.518699999999995,74.433300000000003,kcat_div_KM,74.433261483852093,29.904499999999999,1353.29,45.253799999999998,kcat_div_KM,45.253724355866176,PASS_HEADER_DECLARED,ELIGIBLE,,,PASS_SUPPLIED,3a6058c862df94be53e9f9825fffc5261ea49cd360a154d6c57adc2529861e44
237,H178R,SINGLE,PLACEHOLDER_UNKNOWN,UNKNOWN,true,4.9629599999999998,48.865900000000003,9.8461200000000009,kcat_div_KM,9.8461200573851091,4.5038299999999998,352.49799999999999,78.266300000000001,kcat_div_KM,78.266275592107164,PASS_HEADER_DECLARED,ELIGIBLE,,MISSING_REQUIRED_FIELD,PASS_SUPPLIED,323d8626d37988e55945c7fd3a61902e535de7fe910c3ea3434302a83c3c7ec1
668,H178N,SINGLE,PRESENT,group_0086,true,7.3616799999999998,121.14400000000001,16.456,kcat_div_KM,16.456026341813281,2.9773200000000002,240.44999999999999,80.760499999999993,kcat_div_KM,80.760549756156536,PASS_HEADER_DECLARED,ELIGIBLE,,,PASS_SUPPLIED,63607750563c55c046867d226a46f4a0fe025aa6d9c84f1142a389b03e5f213c
46,H178A,SINGLE,PLACEHOLDER_UNKNOWN,UNKNOWN,true,7.6699999999999999,93.087400000000002,12.122999999999999,kcat_div_KM,12.136558018252934,,,,missing,,PASS_HEADER_DECLARED,ELIGIBLE,,MISSING_REQUIRED_FIELD,PASS_SUPPLIED,1ba161c2da1fec3837d32a6f9427a8f58e4635d31806bb684ee48d05b5cf2f9d
47,H178R,SINGLE,PLACEHOLDER_UNKNOWN,UNKNOWN,false,,,,missing,,,,,missing,,PASS_HEADER_DECLARED,QUARANTINE,EXPRESSION_CONTRADICTION|MISSING_REQUIRED_FIELD,MISSING_REQUIRED_FIELD,PASS_SUPPLIED,323d8626d37988e55945c7fd3a61902e535de7fe910c3ea3434302a83c3c7ec1
156,H178S,SINGLE,PLACEHOLDER_UNKNOWN,UNKNOWN,true,14.8574,50.983400000000003,3.4315000000000002,kcat_div_KM,3.4315156083837013,5.7009299999999996,707.70399999999995,124.13800000000001,kcat_div_KM,124.13834234063565,PASS_HEADER_DECLARED,ELIGIBLE,,MISSING_REQUIRED_FIELD,PASS_SUPPLIED,189f93240a68345e0b1a1be975082fdcb23d59f067894821503c38f090b4e032
2029,H178N,SINGLE,PRESENT,group_0400,true,5.6364999999999998,626.83500000000004,111.20999999999999,kcat_div_KM,111.2099707265147,5.3997799999999998,752.88800000000003,139.429,kcat_div_KM,139.42938416009542,PASS_HEADER_DECLARED,ELIGIBLE,,,PASS_SUPPLIED,63607750563c55c046867d226a46f4a0fe025aa6d9c84f1142a389b03e5f213c
2176,H178F,SINGLE,PRESENT,group_0108,true,6.0682099999999997,66.0244,10.8804,kcat_div_KM,10.880374937584561,6.6340500000000002,723.15700000000004,109.00700000000001,kcat_div_KM,109.00686609235686,PASS_HEADER_DECLARED,ELIGIBLE,,,PASS_SUPPLIED,04c480c5222c1fff00c710770eb59604ee24b7961cb9260cf91e66e000bee322
2204,H178Q,SINGLE,PRESENT,group_0108,true,8.7314799999999995,231.43700000000001,26.506,kcat_div_KM,26.506044794238779,6.6340500000000002,723.15700000000004,109.00700000000001,kcat_div_KM,109.00686609235686,PASS_HEADER_DECLARED,ELIGIBLE,,,PASS_SUPPLIED,95ef04f5490df033a16fd037536ba9608b7d96648ab86b204c1fba941812a5c7
2205,H178C,SINGLE,PRESENT,group_0108,true,6.8077300000000003,113.157,16.6219,kcat_div_KM,16.621840172862317,6.6340500000000002,723.15700000000004,109.00700000000001,kcat_div_KM,109.00686609235686,PASS_HEADER_DECLARED,ELIGIBLE,,,PASS_SUPPLIED,3a6058c862df94be53e9f9825fffc5261ea49cd360a154d6c57adc2529861e44
2206,H178Y,SINGLE,PRESENT,group_0108,true,4.7303699999999997,3.9765899999999998,0.84065100000000004,kcat_div_KM,0.84065094273809449,6.6340500000000002,723.15700000000004,109.00700000000001,kcat_div_KM,109.00686609235686,PASS_HEADER_DECLARED,ELIGIBLE,,,PASS_SUPPLIED,b5fa5fc895730fba086a43cb1bd98bd9a3063ddf226720f575bdbbec07b6d20f
2477,H178K,SINGLE,PRESENT,group_0100,true,25.146799999999999,22.525099999999998,0.89574299999999996,kcat_div_KM,0.89574419011564088,7.3484100000000003,302.27199999999999,41.134300000000003,kcat_div_KM,41.134340626067406,PASS_HEADER_DECLARED,ELIGIBLE,,,PASS_SUPPLIED,9d1f82c76dec38b326dfae9e3472b29fb8614cd161a63e5fcbcacfa4140ed13e
2330,H178W,SINGLE,PRESENT,group_0100,true,10.3056,2.74377,0.26623999999999998,kcat_div_KM,0.26624068467629253,7.3484100000000003,302.27199999999999,41.134300000000003,kcat_div_KM,41.134340626067406,PASS_HEADER_DECLARED,ELIGIBLE,,,PASS_SUPPLIED,14cbdf8a6fd9d8debf1bd01c9797f26162d612c91fa51f971c22aab7824b2512
3439,H178F,SINGLE,PRESENT,group_0113,true,3.37812,276.41800000000001,81.826099999999997,kcat_div_KM,81.82598605141321,4.2658199999999997,262.89499999999998,61.628300000000003,kcat_div_KM,61.62824497986319,PASS_HEADER_DECLARED,ELIGIBLE,,,PASS_SUPPLIED,04c480c5222c1fff00c710770eb59604ee24b7961cb9260cf91e66e000bee322
2449,H178W,SINGLE,PRESENT,group_0126,true,3.6985600000000001,660.60599999999999,178.61199999999999,kcat_div_KM,178.61167589548364,4.2853199999999996,723.322,168.78999999999999,kcat_div_KM,168.79066207424418,PASS_HEADER_DECLARED,ELIGIBLE,,,PASS_SUPPLIED,14cbdf8a6fd9d8debf1bd01c9797f26162d612c91fa51f971c22aab7824b2512
3910,A179S,SINGLE,PRESENT,group_0025,true,2.4911300000000001,124.49299999999999,49.974600000000002,kcat_div_KM,49.974509559918587,2.94103,292.99200000000002,99.622100000000003,kcat_div_KM,99.622241187611152,PASS_HEADER_DECLARED,ELIGIBLE,,,PASS_SUPPLIED,e5e13b087734d1e979ac991ec1fb17309a18e3e6b0bd168f8fbf65f975205e14
2542,H182S,SINGLE,PRESENT,group_0156,true,4.2586500000000003,333.93400000000003,78.412999999999997,kcat_div_KM,78.413112136475178,3.78057,401.24000000000001,106.13200000000001,kcat_div_KM,106.13214409467356,PASS_HEADER_DECLARED,ELIGIBLE,,,PASS_SUPPLIED,301d9721d67a21ecdd7a572c7cb1a31c76cd65574c1c75bbfff9d713877f8619
2543,H182V,SINGLE,PRESENT,group_0401,false,,,,missing,,,,,missing,,PASS_HEADER_DECLARED,QUARANTINE,EXPRESSION_CONTRADICTION|MISSING_REQUIRED_FIELD,,PASS_SUPPLIED,c7d7b10a3ecc6aaf6fecd18fd9287f328ee827ebe5e8d222c6c26a8c21dc10a4
2545,H182Y,SINGLE,PRESENT,group_0402,true,8.3291699999999995,528.01599999999996,63.393599999999999,kcat_div_KM,63.393591438282563,5.2105899999999998,376.09500000000003,72.179100000000005,kcat_div_KM,72.178966297482631,PASS_HEADER_DECLARED,ELIGIBLE,,,PASS_SUPPLIED,e72f1a7da4bae6c04dffd5d74b51b5aaabee8ad6d509fa917c6fcf2752ed231b
148,H182R,SINGLE,PLACEHOLDER_UNKNOWN,UNKNOWN,true,10.044499999999999,720.01400000000001,71.682400000000001,kcat_div_KM,71.682413260988611,5.7009299999999996,707.70399999999995,124.13800000000001,kcat_div_KM,124.13834234063565,PASS_HEADER_DECLARED,ELIGIBLE,,MISSING_REQUIRED_FIELD,PASS_SUPPLIED,324d89b0d206f7e352201911a012a9b43a5fb3e8b7cc86a24f769f0a4e900d45
2852,H182Q,SINGLE,PRESENT,group_0403,true,5.8058500000000004,412.32900000000001,71.019599999999997,kcat_div_KM,71.019575083751732,6.2298200000000001,455.928,73.184799999999996,kcat_div_KM,73.184779014481961,PASS_HEADER_DECLARED,ELIGIBLE,,,PASS_SUPPLIED,df5dcc45fb78c4574d128438a6a53b106d13aee05df98dbd65c77945a6652b24
2857,H182K,SINGLE,PRESENT,group_0404,true,4.4309700000000003,377.15899999999999,85.118899999999996,kcat_div_KM,85.118834025055449,3.78057,401.24000000000001,106.13200000000001,kcat_div_KM,106.13214409467356,PASS_HEADER_DECLARED,ELIGIBLE,,,PASS_SUPPLIED,b96391bdc4f544e8830710ec3e907a3e4f89bf7ccbe51da3b2990c661cdf5717
2858,H182T,SINGLE,PRESENT,group_0405,true,3.7182200000000001,190.976,51.362099999999998,kcat_div_KM,51.362210950401,6.2809799999999996,484.17899999999997,77.086600000000004,kcat_div_KM,77.086537451162087,PASS_HEADER_DECLARED,ELIGIBLE,,,PASS_SUPPLIED,820510df1cc6744ddb920a753d9121b22797a549913c0077cd2ca6678774338e
161,E183T,SINGLE,PLACEHOLDER_UNKNOWN,UNKNOWN,true,4.5002599999999999,581.29999999999995,129.16999999999999,kcat_div_KM,129.1703146040451,4.4234099999999996,666.71400000000006,150.72399999999999,kcat_div_KM,150.72398895874451,PASS_HEADER_DECLARED,ELIGIBLE,,MISSING_REQUIRED_FIELD,PASS_SUPPLIED,06e5ffea6df45d3d7ec562929252c5265d7d8c270105ee5696186a3d7c745eaa
213,E183H,SINGLE,PLACEHOLDER_UNKNOWN,UNKNOWN,true,6.3954500000000003,355.87299999999999,55.644799999999996,kcat_div_KM,55.644716165398833,4.4234099999999996,666.71400000000006,150.72399999999999,kcat_div_KM,150.72398895874451,PASS_HEADER_DECLARED,ELIGIBLE,,MISSING_REQUIRED_FIELD,PASS_SUPPLIED,1af825558c705af520be830442c6d7e8cd449c8fc69a84d3197b9f38c482dd6a
2073,E183D,SINGLE,PRESENT,group_0406,false,1.0882099999999999,885.31399999999996,813.55100000000004,kcat_div_KM,813.55069334043981,3.72323,917.226,246.35300000000001,kcat_div_KM,246.35222642705392,PASS_HEADER_DECLARED,QUARANTINE,EXPRESSION_CONTRADICTION,,PASS_SUPPLIED,749475bb19e25ca8fe1587d7e87b0bfaba8389edf4f0e1d23a02b18a4a36b81c
3559,N184D,SINGLE,PRESENT,group_0407,true,3.84172,1109.4300000000001,288.78500000000003,kcat_div_KM,288.78471101485792,3.2098399999999998,1319.6199999999999,411.11799999999999,kcat_div_KM,411.11706502504796,PASS_HEADER_DECLARED,ELIGIBLE,,,PASS_SUPPLIED,a5bf8cfb5bd19d4348e3b09b688249ea942f0b774be766a36d3256c3912e073f
3899,N184D,SINGLE,PRESENT,group_0025,true,2.76275,264.69099999999997,95.807000000000002,kcat_div_KM,95.807076282689337,3.00983,213.839,71.046899999999994,kcat_div_KM,71.04686975676367,PASS_HEADER_DECLARED,ELIGIBLE,,,PASS_SUPPLIED,a5bf8cfb5bd19d4348e3b09b688249ea942f0b774be766a36d3256c3912e073f
4264,W185Y,SINGLE,PRESENT,group_0408,true,6.0250180000000002,673.91129999999998,111.8522,kcat_div_KM,111.8521637611705,5.36869,1176.8199999999999,219.20099999999999,kcat_div_KM,219.20058710784193,PASS_HEADER_DECLARED,ELIGIBLE,,,PASS_SUPPLIED,21be20127a8c493e008dd216b73022d2a0e183918cab4752d173b076c9bb566d
4274,W185Q,SINGLE,PRESENT,group_0409,true,,,,missing,,4.3822999999999999,944.54200000000003,215.535,kcat_div_KM,215.53567761221277,PASS_HEADER_DECLARED,QUARANTINE,MISSING_REQUIRED_FIELD,,PASS_SUPPLIED,967966707ee6d995107bb2da95791cf6af6d7369535b56a7616181a2a8831de4
4417,W185V,SINGLE,PRESENT,group_0242,true,2.2432400000000001,199.52780000000001,88.946240000000003,kcat_div_KM,88.946256307840443,2.1082800000000002,244.66900000000001,116.051,kcat_div_KM,116.05147323884873,PASS_HEADER_DECLARED,ELIGIBLE,,,PASS_SUPPLIED,dc19331d728d000c219c24ccb3dcfccc7b6b5405bceb5e4a6b2d9c0495b9d504
2550,E187T,SINGLE,PRESENT,group_0151,true,6.1527399999999997,404.923,65.811800000000005,kcat_div_KM,65.811817174137062,5.2105899999999998,376.09500000000003,72.179100000000005,kcat_div_KM,72.178966297482631,PASS_HEADER_DECLARED,ELIGIBLE,,,PASS_SUPPLIED,deb338a953312bcf32a1a34fdb2d2cda556086ca7a3981d851c56271a2a5de02
2549,E187A,SINGLE,PRESENT,group_0155,true,5.9362500000000002,384.40899999999999,64.756100000000004,kcat_div_KM,64.756201305537999,4.9260599999999997,353.67399999999998,71.796400000000006,kcat_div_KM,71.796527041895558,PASS_HEADER_DECLARED,ELIGIBLE,,,PASS_SUPPLIED,20407d12f3a4ddaffb46219b16fedd0adf319d1b1b1cd162e4761bb8228b3da9
2551,E187F,SINGLE,PRESENT,group_0410,true,5.3178799999999997,40.888399999999997,7.6888399999999999,kcat_div_KM,7.6888534528797186,4.9260599999999997,353.67399999999998,71.796400000000006,kcat_div_KM,71.796527041895558,PASS_HEADER_DECLARED,ELIGIBLE,,,PASS_SUPPLIED,20ffa0a03a27b1d016c6a0233a17923a1350aacf0f42cc73a63253aa53965d2d
48,A192S,SINGLE,PLACEHOLDER_UNKNOWN,UNKNOWN,true,5.0899999999999999,775.00599999999997,152.18700000000001,kcat_div_KM,152.26051080550099,,,,missing,,PASS_HEADER_DECLARED,ELIGIBLE,,MISSING_REQUIRED_FIELD,PASS_SUPPLIED,1979e2574fb4efe61028ce31f6a194f6661bdc78cc67469ff84d9004f772726c
1634,H194L,SINGLE,PRESENT,group_0005,true,3.9061699999999999,130.46899999999999,33.400700000000001,kcat_div_KM,33.400748047320008,4.1676099999999998,177.327,42.5488,kcat_div_KM,42.548846941052545,PASS_HEADER_DECLARED,ELIGIBLE,,,PASS_SUPPLIED,de8f8a0f16b3b2c726d74ab6f2f8011e773e502f84d51283e378b8e92349ba78
1635,H194Q,SINGLE,PRESENT,group_0411,true,6.0822500000000002,78.830299999999994,12.960699999999999,kcat_div_KM,12.960713551728389,4.1676099999999998,177.327,42.5488,kcat_div_KM,42.548846941052545,PASS_HEADER_DECLARED,ELIGIBLE,,,PASS_SUPPLIED,d73286dbfbbaae62431671fec0b6f0cdaadd8cc64bac08830e68452edc9d9ec1
1636,H194Y,SINGLE,PRESENT,group_0412,true,4.8498000000000001,185.86500000000001,38.324199999999998,kcat_div_KM,38.324260794259558,4.1676099999999998,177.327,42.5488,kcat_div_KM,42.548846941052545,PASS_HEADER_DECLARED,ELIGIBLE,,,PASS_SUPPLIED,b1d6f0fc6a4ce331a145f325d131ddd0fd0a69bd95f94efa824aff66d1d9d226
1639,H194N,SINGLE,PRESENT,group_0413,true,4.3086399999999996,158.821,36.8611,kcat_div_KM,36.861051283003455,4.0367499999999996,181.81,45.038600000000002,kcat_div_KM,45.038706880535088,PASS_HEADER_DECLARED,ELIGIBLE,,,PASS_SUPPLIED,9fc2c941b78fb0b316bf16643512833aef966e15769adb6fb4caac4fabf0c2a9
1644,H194N,SINGLE,PRESENT,group_0414,true,4.7063300000000003,178.72300000000001,37.975099999999998,kcat_div_KM,37.975025125734916,4.0367499999999996,181.81,45.038600000000002,kcat_div_KM,45.038706880535088,PASS_HEADER_DECLARED,ELIGIBLE,,,PASS_SUPPLIED,9fc2c941b78fb0b316bf16643512833aef966e15769adb6fb4caac4fabf0c2a9
1726,H194Y,SINGLE,PRESENT,group_0415,true,6.3815400000000002,187.649,29.405000000000001,kcat_div_KM,29.404971213844934,3.7582900000000001,174.99100000000001,46.561199999999999,kcat_div_KM,46.561335075260295,PASS_HEADER_DECLARED,ELIGIBLE,,,PASS_SUPPLIED,b1d6f0fc6a4ce331a145f325d131ddd0fd0a69bd95f94efa824aff66d1d9d226
1377,H194L,SINGLE,PRESENT,group_0416,true,1.63863,136.084,83.047600000000003,kcat_div_KM,83.047423762533342,4.0764199999999997,243.95500000000001,59.845300000000002,kcat_div_KM,59.845403564892734,PASS_HEADER_DECLARED,ELIGIBLE,,,PASS_SUPPLIED,de8f8a0f16b3b2c726d74ab6f2f8011e773e502f84d51283e378b8e92349ba78
1379,H194V,SINGLE,PRESENT,group_0417,true,4.2705200000000003,194.40199999999999,45.521799999999999,kcat_div_KM,45.521856823056673,4.5601200000000004,349.62799999999999,76.6708,kcat_div_KM,76.670789365192135,PASS_HEADER_DECLARED,ELIGIBLE,,,PASS_SUPPLIED,aba4b793db2e5b38808809525638af50a962382b65a6289e9af7e483eb03a58e
1252,H194G,SINGLE,PRESENT,group_0012,true,1.5888500000000001,91.456900000000005,57.561799999999998,kcat_div_KM,57.561695565975391,4.0764199999999997,243.95500000000001,59.845300000000002,kcat_div_KM,59.845403564892734,PASS_HEADER_DECLARED,ELIGIBLE,,,PASS_SUPPLIED,ca8d2578a1f5de79729be6145252543dcb721d1bc4bb0a344c51319d9b58a4f4
3023,C198N,SINGLE,PRESENT,group_0023,false,,,,missing,,2.9147799999999999,112.06100000000001,38.445700000000002,kcat_div_KM,38.445783215199775,PASS_HEADER_DECLARED,QUARANTINE,EXPRESSION_CONTRADICTION|MISSING_REQUIRED_FIELD,,PASS_SUPPLIED,6adb3168c6889f8e94817b85ebf8685724893293dd498d5d70a92e76809184cf
2228,C198M,SINGLE,PRESENT,group_0418,true,4.9286700000000003,80.926000000000002,16.419499999999999,kcat_div_KM,16.419439727147484,6.3596199999999996,100.364,15.781499999999999,kcat_div_KM,15.781446061242654,PASS_HEADER_DECLARED,ELIGIBLE,,,PASS_SUPPLIED,f2e55d1c4e5c18fd076d0932c40dde230a691aa9e02d3cc584a889bca23ec586
2216,C198Q,SINGLE,PRESENT,group_0419,false,1.5697700000000001,2.7918699999999999,1.7785200000000001,kcat_div_KM,1.7785216942609425,6.3596199999999996,100.364,15.781499999999999,kcat_div_KM,15.781446061242654,PASS_HEADER_DECLARED,QUARANTINE,EXPRESSION_CONTRADICTION,,PASS_SUPPLIED,c5dc4e0b8d0657c3cdbd671d03fd1132febc472b9eb28446a21919fab20c9066
2218,C198A,SINGLE,PRESENT,group_0420,true,4.7297500000000001,82.859899999999996,17.518899999999999,kcat_div_KM,17.518875204820549,2.9147799999999999,112.06100000000001,38.445700000000002,kcat_div_KM,38.445783215199775,PASS_HEADER_DECLARED,ELIGIBLE,,,PASS_SUPPLIED,0c9a9df58995503e9a0b78f19e7efd11323673f950de134b88fcf9f88795e5d6
2220,C198T,SINGLE,PRESENT,group_0421,true,2.27407,132.06700000000001,58.075099999999999,kcat_div_KM,58.075169190042523,6.3596199999999996,100.364,15.781499999999999,kcat_div_KM,15.781446061242654,PASS_HEADER_DECLARED,ELIGIBLE,,,PASS_SUPPLIED,453134fbbd9c66bf7b1f3f102cb137075fb71801d9761dbb5e1f13e5319d0cde
2221,C198S,SINGLE,PRESENT,group_0109,true,2.7469700000000001,113.14700000000001,41.189700000000002,kcat_div_KM,41.189747248786844,2.9147799999999999,112.06100000000001,38.445700000000002,kcat_div_KM,38.445783215199775,PASS_HEADER_DECLARED,ELIGIBLE,,,PASS_SUPPLIED,477cd059ddaa4be37002499b78a51240219b4a8ace4be7854aa735132a7d1221
2224,C198L,SINGLE,PRESENT,group_0422,true,,,,missing,,6.3596199999999996,100.364,15.781499999999999,kcat_div_KM,15.781446061242654,PASS_HEADER_DECLARED,QUARANTINE,MISSING_REQUIRED_FIELD,,PASS_SUPPLIED,4213fc4fc92464443e30f2f80bb1bbf513e376dae9cb48439b56f4871cbccd7e
2226,C198K,SINGLE,PRESENT,group_0110,true,4.9561900000000003,84.922799999999995,17.134699999999999,kcat_div_KM,17.134694190497132,6.3596199999999996,100.364,15.781499999999999,kcat_div_KM,15.781446061242654,PASS_HEADER_DECLARED,ELIGIBLE,,,PASS_SUPPLIED,37cd7898f153f3f2239dcec6f0547e900163050c81f95e4b253c808f6c5e56ec
2229,C198G,SINGLE,PRESENT,group_0423,true,1.5895999999999999,18.012799999999999,11.3317,kcat_div_KM,11.331655762455963,2.9147799999999999,112.06100000000001,38.445700000000002,kcat_div_KM,38.445783215199775,PASS_HEADER_DECLARED,ELIGIBLE,,,PASS_SUPPLIED,d2356d4095159f730f47b50110355008b514fba1cc454a48d1ed0cc994d495a3
2234,C198F,SINGLE,PRESENT,group_0424,false,,,,missing,,2.9147799999999999,112.06100000000001,38.445700000000002,kcat_div_KM,38.445783215199775,PASS_HEADER_DECLARED,QUARANTINE,EXPRESSION_CONTRADICTION|MISSING_REQUIRED_FIELD,,PASS_SUPPLIED,d090d557c7ae4dca11e2b3fe12451ecf71dfc7fafa9698b3a96c95251a283c9d
2233,C198D,SINGLE,PRESENT,group_0425,false,,,,missing,,2.9147799999999999,112.06100000000001,38.445700000000002,kcat_div_KM,38.445783215199775,PASS_HEADER_DECLARED,QUARANTINE,EXPRESSION_CONTRADICTION|MISSING_REQUIRED_FIELD,,PASS_SUPPLIED,16b7c141e89500267eb30db6ed656955e8d4b416b29a782a9a83894be4d0b4fc
2405,H199D,SINGLE,PRESENT,group_0426,true,,,,missing,,,,,missing,,PASS_HEADER_DECLARED,QUARANTINE,MISSING_REQUIRED_FIELD,,PASS_SUPPLIED,14ede6790f7487fe9a81385b89740cce15c863c0189ec4ff85b57296e4f5854e
3416,I201T,SINGLE,PRESENT,group_0213,true,6.4337239999999998,714.35509999999999,111.0329,kcat_div_KM,111.03291033311345,4.6072800000000003,728.63300000000004,158.148,kcat_div_KM,158.14819155770866,PASS_HEADER_DECLARED,ELIGIBLE,,,PASS_SUPPLIED,5afcdb21244dc3ca1372fe31c50079b797b216a8b511728dd5268e5915b136cd
3547,S203V,SINGLE,PRESENT,group_0427,true,3.0527500000000001,1281.51,419.78899999999999,kcat_div_KM,419.78871509294896,3.4832000000000001,1310.8199999999999,376.327,kcat_div_KM,376.32636655948551,PASS_HEADER_DECLARED,ELIGIBLE,,,PASS_SUPPLIED,b1e38600334ea19ca88261c039f082ab72bb9d66203bf2f051398895b53570ca
3841,S203T,SINGLE,PRESENT,group_0428,true,4.8950810000000002,724.77110000000005,148.06110000000001,kcat_div_KM,148.0611046068492,4.6072800000000003,728.63300000000004,158.148,kcat_div_KM,158.14819155770866,PASS_HEADER_DECLARED,ELIGIBLE,,,PASS_SUPPLIED,bea3d2f27a99a17ccf4536150948940ca67c3584024b6e134cc04a294d3e21c1
3900,S203V,SINGLE,PRESENT,group_0025,true,2.5049100000000002,305.41500000000002,121.926,kcat_div_KM,121.9265362827407,3.00983,213.839,71.046899999999994,kcat_div_KM,71.04686975676367,PASS_HEADER_DECLARED,ELIGIBLE,,,PASS_SUPPLIED,b1e38600334ea19ca88261c039f082ab72bb9d66203bf2f051398895b53570ca
3588,H206Q,SINGLE,PRESENT,group_0429,true,6.79495,668.18849999999998,98.336060000000003,kcat_div_KM,98.336043679497266,4.6072800000000003,728.63300000000004,158.148,kcat_div_KM,158.14819155770866,PASS_HEADER_DECLARED,ELIGIBLE,,,PASS_SUPPLIED,652d482fa3087de67db5d186ec847ad826d060a9ebf64538b1fa8127dd7ddf80
2094,T212E,SINGLE,PRESENT,group_0012,true,4.9874099999999997,406.74900000000002,81.555099999999996,kcat_div_KM,81.555155882512182,4.3125200000000001,451.10700000000003,104.604,kcat_div_KM,104.60403661896061,PASS_HEADER_DECLARED,ELIGIBLE,,,PASS_SUPPLIED,2284c9b23a0db915e0039fdf1cd1c9770f3cdcebd7d2b64f6b8e95c87b0eedf3
2103,T212E,SINGLE,PRESENT,group_0100,true,4.8677999999999999,361.49799999999999,74.263199999999998,kcat_div_KM,74.26311680841448,8.4216800000000003,489.11799999999999,58.078400000000002,kcat_div_KM,58.078435656543583,PASS_HEADER_DECLARED,ELIGIBLE,,,PASS_SUPPLIED,2284c9b23a0db915e0039fdf1cd1c9770f3cdcebd7d2b64f6b8e95c87b0eedf3
3943,T212K,SINGLE,PRESENT,group_0212,true,4.465713,811.67110000000002,181.75620000000001,kcat_div_KM,181.75621675642836,4.5257100000000001,952.77200000000005,210.524,kcat_div_KM,210.52431552176344,PASS_HEADER_DECLARED,ELIGIBLE,,,PASS_SUPPLIED,f2ccb07f60c31fbe215ef89520c9d4f8e875594f839d914914cd6819f298a823
3942,T212Q,SINGLE,PRESENT,group_0430,true,3.4711569999999998,747.82690000000002,215.4402,kcat_div_KM,215.44024081883938,4.5257100000000001,952.77200000000005,210.524,kcat_div_KM,210.52431552176344,PASS_HEADER_DECLARED,ELIGIBLE,,,PASS_SUPPLIED,0b3605a87c6eeb119969f15bac14952b98cca61dadbc9c770cc731da36932756
3937,K214Y,SINGLE,PRESENT,group_0211,true,4.214645,1059.2380000000001,251.32310000000001,kcat_div_KM,251.32318380314356,4.7734699999999997,978.65599999999995,205.02000000000001,kcat_div_KM,205.01982834290359,PASS_HEADER_DECLARED,ELIGIBLE,,,PASS_SUPPLIED,473c859a29f24fb2217404f19d201489d56e7f2e526dd5e971927e756e206f89
3938,K214T,SINGLE,PRESENT,group_0095,true,5.0776500000000002,374.25020000000001,73.705389999999994,kcat_div_KM,73.705395212352173,4.7734699999999997,978.65599999999995,205.02000000000001,kcat_div_KM,205.01982834290359,PASS_HEADER_DECLARED,ELIGIBLE,,,PASS_SUPPLIED,66fc36f2b8d16c927f4aa9e01a5170efa330aa52c5d6ef811148343c9d4c64d6
3940,K214H,SINGLE,PRESENT,group_0431,true,4.9773050000000003,878.25930000000005,176.4528,kcat_div_KM,176.45277916462825,4.7734699999999997,978.65599999999995,205.02000000000001,kcat_div_KM,205.01982834290359,PASS_HEADER_DECLARED,ELIGIBLE,,,PASS_SUPPLIED,94395bc425cab43f9538328c37ffebbc855b87f87bf3a6f70aa28e089db15f17
3950,I215F,SINGLE,PRESENT,group_0432,true,4.3574809999999999,334.6891,76.807910000000007,kcat_div_KM,76.807931004174208,4.7928699999999997,498.43200000000002,103.994,kcat_div_KM,103.99447512659431,PASS_HEADER_DECLARED,ELIGIBLE,,,PASS_SUPPLIED,9e4f7c6a73ccbb403005595f31446bf737bde9a86c1cebc76785d234c03e9f3d
3117,I217S,SINGLE,PRESENT,group_0433,true,5.4550599999999996,1280.4100000000001,234.72,kcat_div_KM,234.71969144244062,2.2602899999999999,1091.99,483.12,kcat_div_KM,483.11942272894186,PASS_HEADER_DECLARED,ELIGIBLE,,,PASS_SUPPLIED,6f4d8c69a58d7b6840f4fe9e6aec4299fb29b0674781130f0d394edc6ea38b78
3941,I217T,SINGLE,PRESENT,group_0210,true,4.9795790000000002,656.16690000000006,131.77160000000001,kcat_div_KM,131.77156141111527,4.7928699999999997,498.43200000000002,103.994,kcat_div_KM,103.99447512659431,PASS_HEADER_DECLARED,ELIGIBLE,,,PASS_SUPPLIED,844a03e92c4cb392a564ce85b85d1982bcd8cf3fb5b8d6ff6cdea151f3fd238d
3958,I217Q,SINGLE,PRESENT,group_0386,true,4.1642029999999997,589.56290000000001,141.5788,kcat_div_KM,141.57880871801879,4.7928699999999997,498.43200000000002,103.994,kcat_div_KM,103.99447512659431,PASS_HEADER_DECLARED,ELIGIBLE,,,PASS_SUPPLIED,90e9d4da32b76cc0531115cedc959ccc8671af4bdfcd67a94b6e89489a6f3e58
812,T218Q,SINGLE,PRESENT,group_0034,true,,,0.061347699999999998,reported_kcatKM,0.061347699999999998,3.69543,356.15699999999998,96.377600000000001,kcat_div_KM,96.377688117485647,PASS_HEADER_DECLARED,ELIGIBLE,,,PASS_SUPPLIED,5a7a1bfaa913a4fb301bf06c52997605b771adf73ab2aef2d4b40d6f71e7fff4
310,T218S,SINGLE,PRESENT,group_0434,true,14.394600000000001,378.28100000000001,26.279399999999999,kcat_div_KM,26.279368652133439,3.69299,401.024,108.59099999999999,kcat_div_KM,108.59060002870304,PASS_HEADER_DECLARED,ELIGIBLE,,,PASS_SUPPLIED,92dc4e55d087af892898f32c0acdef797e8d099cbdb7ab25b0ebc6c84ad0a605
49,T218A,SINGLE,PLACEHOLDER_UNKNOWN,UNKNOWN,true,6.5099999999999998,381.00900000000001,58.450200000000002,kcat_div_KM,58.52672811059908,,,,missing,,PASS_HEADER_DECLARED,ELIGIBLE,,MISSING_REQUIRED_FIELD,PASS_SUPPLIED,5f29186e7aeea2c98ff0a5c39bbd7fb528412e802b6d10354cbc957e722a1981
3336,T218S,SINGLE,PRESENT,group_0100,true,30.635999999999999,327.09300000000002,10.6768,kcat_div_KM,10.676752839796318,6.7487199999999996,372.33100000000002,55.1706,kcat_div_KM,55.170610130513644,PASS_HEADER_DECLARED,ELIGIBLE,,,PASS_SUPPLIED,92dc4e55d087af892898f32c0acdef797e8d099cbdb7ab25b0ebc6c84ad0a605
3426,T218Q,SINGLE,PRESENT,group_0184,true,5.4939600000000004,376.93000000000001,68.608000000000004,kcat_div_KM,68.608071409329511,5,324.03100000000001,64.806200000000004,kcat_div_KM,64.806200000000004,PASS_HEADER_DECLARED,ELIGIBLE,,,PASS_SUPPLIED,5a7a1bfaa913a4fb301bf06c52997605b771adf73ab2aef2d4b40d6f71e7fff4
3856,T218G,SINGLE,PRESENT,group_0169,true,6.6571400000000001,141.96899999999999,21.325900000000001,kcat_div_KM,21.325824603358196,5.9114300000000002,348.06999999999999,58.880800000000001,kcat_div_KM,58.880846089694032,PASS_HEADER_DECLARED,ELIGIBLE,,,PASS_SUPPLIED,c1366e53945c442db5ffc67200ebdb79791d13c7b99ee5c834c88fb4b7dd8377
169,L219Q,SINGLE,PLACEHOLDER_UNKNOWN,UNKNOWN,true,7.1480499999999996,1265.96,177.10599999999999,kcat_div_KM,177.10564419666903,4.4234099999999996,666.71400000000006,150.72399999999999,kcat_div_KM,150.72398895874451,PASS_HEADER_DECLARED,ELIGIBLE,,MISSING_REQUIRED_FIELD,PASS_SUPPLIED,d1e40e38adfb15604831671f55aeed5c4db2985f5c8a63a433bb7368393c10a8
2809,L219V,SINGLE,PRESENT,group_0130,true,3.4645299999999999,225.364,65.049000000000007,kcat_div_KM,65.048938817097849,3.2776000000000001,343.70299999999997,104.864,kcat_div_KM,104.86422992433486,PASS_HEADER_DECLARED,ELIGIBLE,,,PASS_SUPPLIED,8740a6b9053eefac6dc4510c60af42bf14c0ac2d8eacbee1284717bc1939fa49
3197,L219Q,SINGLE,PRESENT,group_0170,true,5.5770299999999997,173.06800000000001,31.032299999999999,kcat_div_KM,31.032287794758144,1.3701300000000001,670.70100000000002,489.51600000000002,kcat_div_KM,489.51632326859493,PASS_HEADER_DECLARED,ELIGIBLE,,,PASS_SUPPLIED,d1e40e38adfb15604831671f55aeed5c4db2985f5c8a63a433bb7368393c10a8
3385,L219M,SINGLE,PRESENT,group_0100,true,5.5785600000000004,248.48099999999999,44.542200000000001,kcat_div_KM,44.542139907072787,5.1725599999999998,344.904,66.679500000000004,kcat_div_KM,66.679555191239928,PASS_HEADER_DECLARED,ELIGIBLE,,,PASS_SUPPLIED,b73cf871a789336128bb73d7f21e76e14f3f181de695fd4b9c688b7c30da73b0
3488,L219R,SINGLE,PRESENT,group_0130,true,2.78898,278.92500000000001,100.009,kcat_div_KM,100.00968095863004,4.0299399999999999,340.50200000000001,84.492999999999995,kcat_div_KM,84.493069375722726,PASS_HEADER_DECLARED,ELIGIBLE,,,PASS_SUPPLIED,62d83a5ec202a6292dfe1a52ab0bcb696709fa0cc8d92b37ada0f95f81e4188d
1926,N220A,SINGLE,PRESENT,group_0435,true,29.1587,71.256699999999995,2.4437500000000001,kcat_div_KM,2.4437543511884958,8.4970999999999997,564.17899999999997,66.396600000000007,kcat_div_KM,66.396652975721125,PASS_HEADER_DECLARED,ELIGIBLE,,,PASS_SUPPLIED,a8998d69f8af47d2df9af3f6bdfd5fdae1dd26b7aed9db2d00b90c4253acfa6c
1781,N220S,SINGLE,PRESENT,group_0023,true,28.8719,7.2775600000000003,0.25206400000000001,kcat_div_KM,0.25206377134861235,,,,missing,,PASS_HEADER_DECLARED,ELIGIBLE,,,PASS_SUPPLIED,762b0411a65c252c23dc6fabddeb1b6943d7b4daed62c623da83d9ac67f8a5b4
1386,N220P,SINGLE,PRESENT,group_0436,true,9.4520599999999995,77.070999999999998,8.1538799999999991,kcat_div_KM,8.1538839152523366,5.4586699999999997,169.16800000000001,30.9907,kcat_div_KM,30.99069919962189,PASS_HEADER_DECLARED,ELIGIBLE,,,PASS_SUPPLIED,c98f65668d02979db1b82475c6ba341bd2104c388f38e484f6026b0697a66dd7
1300,N220A,SINGLE,PRESENT,group_0437,true,10.728899999999999,83.804100000000005,7.8110299999999997,kcat_div_KM,7.8110617118250714,2.1977600000000002,123.761,56.312399999999997,kcat_div_KM,56.312336196854972,PASS_HEADER_DECLARED,ELIGIBLE,,,PASS_SUPPLIED,a8998d69f8af47d2df9af3f6bdfd5fdae1dd26b7aed9db2d00b90c4253acfa6c
1301,N220V,SINGLE,PRESENT,group_0438,true,2.9757500000000001,112.136,37.683300000000003,kcat_div_KM,37.683273124422414,2.1977600000000002,123.761,56.312399999999997,kcat_div_KM,56.312336196854972,PASS_HEADER_DECLARED,ELIGIBLE,,,PASS_SUPPLIED,b45efc4694cd480a6dbe2c64c7b15fe46d59f8d48857497fb1644ac1835e981e
1302,N220M,SINGLE,PRESENT,group_0439,true,1.4227099999999999,100.654,70.747900000000001,kcat_div_KM,70.748079369653695,5.4586699999999997,169.16800000000001,30.9907,kcat_div_KM,30.99069919962189,PASS_HEADER_DECLARED,ELIGIBLE,,,PASS_SUPPLIED,da33c93ff3168e8c7dd721456f1706d3d320c4d52daa54add57479cac8f0d647
1307,N220R,SINGLE,PRESENT,group_0440,true,11.263400000000001,2.85975,0.25389699999999998,kcat_div_KM,0.25389757977164973,5.4586699999999997,169.16800000000001,30.9907,kcat_div_KM,30.99069919962189,PASS_HEADER_DECLARED,ELIGIBLE,,,PASS_SUPPLIED,7e730dc63c68e5bb3b34ccac83ccf677cdd3ef2c1ed52b804f41016698ab0dc7
1314,N220G,SINGLE,PRESENT,group_0441,true,30.2819,13.910399999999999,0.45936199999999999,kcat_div_KM,0.45936351417843657,,,,missing,,PASS_HEADER_DECLARED,ELIGIBLE,,WT_BASELINE_GLOBAL_ONLY,PASS_SUPPLIED,109149d92111ed7536ab14df1de530bd91cf3c2c44330edbfe86c710c686e283
1315,N220H,SINGLE,PRESENT,group_0442,true,4.4761800000000003,15.769399999999999,3.5229499999999998,kcat_div_KM,3.5229593090537015,2.1977600000000002,123.761,56.312399999999997,kcat_div_KM,56.312336196854972,PASS_HEADER_DECLARED,ELIGIBLE,,,PASS_SUPPLIED,30ae915efe5e5c9461d5f8933345e7a8d0e957c8297e5d509db66eff42d79dca
1326,N220Q,SINGLE,PRESENT,group_0443,true,4.4564899999999996,123.551,27.723700000000001,kcat_div_KM,27.723836472201221,7.9390599999999996,1050.8699999999999,132.36600000000001,kcat_div_KM,132.36705604945672,PASS_HEADER_DECLARED,ELIGIBLE,,,PASS_SUPPLIED,59f12cdcae73ee16da8b1b0748f70e8e1f672f5ed25e73e1806b01e2922bee2c
1167,N220Y,SINGLE,PRESENT,group_0056,true,5.9028200000000002,447.93599999999998,75.885099999999994,kcat_div_KM,75.885085433741835,5.91716,424.435,71.729500000000002,kcat_div_KM,71.729512130819515,PASS_HEADER_DECLARED,ELIGIBLE,,,PASS_SUPPLIED,787280ba88e8aa8f0bf3973f8a4a1defee97f6d4b2cd659de4ed9d5b2bf9b60b
1293,N220Y,SINGLE,PRESENT,group_0444,true,0.32050200000000001,85.938699999999997,268.137,kcat_div_KM,268.13779633200414,2.1977600000000002,123.761,56.312399999999997,kcat_div_KM,56.312336196854972,PASS_HEADER_DECLARED,ELIGIBLE,,,PASS_SUPPLIED,787280ba88e8aa8f0bf3973f8a4a1defee97f6d4b2cd659de4ed9d5b2bf9b60b
1294,N220V,SINGLE,PRESENT,group_0445,true,2.9757500000000001,112.136,37.683300000000003,kcat_div_KM,37.683273124422414,2.1977600000000002,123.761,56.312399999999997,kcat_div_KM,56.312336196854972,PASS_HEADER_DECLARED,ELIGIBLE,,,PASS_SUPPLIED,b45efc4694cd480a6dbe2c64c7b15fe46d59f8d48857497fb1644ac1835e981e
1298,N220E,SINGLE,PRESENT,group_0446,true,30.2819,32.8108,1.08351,kcat_div_KM,1.0835119328707907,2.1977600000000002,123.761,56.312399999999997,kcat_div_KM,56.312336196854972,PASS_HEADER_DECLARED,ELIGIBLE,,,PASS_SUPPLIED,ed119312c72e3d3908ab4594c592203632ac763f225f6817624cf19d3793f39c
262,N220W,SINGLE,PLACEHOLDER_UNKNOWN,UNKNOWN,true,1.1738,277.65699999999998,236.54599999999999,kcat_div_KM,236.54540807633327,3.2528199999999998,617.50400000000002,189.83699999999999,kcat_div_KM,189.83651108883984,PASS_HEADER_DECLARED,ELIGIBLE,,MISSING_REQUIRED_FIELD,PASS_SUPPLIED,a8f1e5a359be4767ee09f30e7603795488869ec9d71d3ae4f595f6bf34739171
308,N220D,SINGLE,PRESENT,group_0065,true,1.4814499999999999,100.273,67.685500000000005,kcat_div_KM,67.685713321408073,1.21522,317.45600000000002,261.23399999999998,kcat_div_KM,261.23335692302629,PASS_HEADER_DECLARED,ELIGIBLE,,,PASS_SUPPLIED,5e9b8d0e801d6b56f3380e1934325d97d64f46d8296124356b9fa4ccc78fe965
328,N220S,SINGLE,PRESENT,group_0447,true,,,6.0015599999999996,reported_kcatKM,6.0015599999999996,,,,missing,,PASS_HEADER_DECLARED,ELIGIBLE,,WT_BASELINE_GLOBAL_ONLY,PASS_SUPPLIED,762b0411a65c252c23dc6fabddeb1b6943d7b4daed62c623da83d9ac67f8a5b4
346,N220L,SINGLE,PRESENT,group_0448,true,8.1250300000000006,641.08799999999997,78.902900000000002,kcat_div_KM,78.902847127949059,2.98393,405.43900000000002,135.874,kcat_div_KM,135.87416594893313,PASS_HEADER_DECLARED,ELIGIBLE,,,PASS_SUPPLIED,65e0db80d2686a7b363af0cd0f40a1f08a649f811fbacf838c8d74ce6eb377f5
350,N220F,SINGLE,PRESENT,group_0449,true,4.54711,607.90499999999997,133.69,kcat_div_KM,133.69040995269523,5.17204,571.59900000000005,110.517,kcat_div_KM,110.51712670435651,PASS_HEADER_DECLARED,ELIGIBLE,,,PASS_SUPPLIED,a41577639472b8375958c48948c78eefa404950e59dfaf92939c65450c329f28
436,N220K,SINGLE,PRESENT,group_0073,true,2.2086999999999999,351.59899999999999,159.18799999999999,kcat_div_KM,159.18821025942862,4.09314,361.05099999999999,88.208799999999997,kcat_div_KM,88.208807907865349,PASS_HEADER_DECLARED,ELIGIBLE,,,PASS_SUPPLIED,1c3a98eb117538214905177ab683ce6e280c0ea49ffa100d0932f91f198d95e9
455,N220L,SINGLE,PRESENT,group_0450,true,19.5303,8.2258200000000006,0.42118299999999997,kcat_div_KM,0.42118247031535616,10.970800000000001,339.83999999999997,30.976800000000001,kcat_div_KM,30.976774711051149,PASS_HEADER_DECLARED,ELIGIBLE,,,PASS_SUPPLIED,65e0db80d2686a7b363af0cd0f40a1f08a649f811fbacf838c8d74ce6eb377f5
477,N220F,SINGLE,PRESENT,group_0074,true,1.6572199999999999,94.591499999999996,57.078600000000002,kcat_div_KM,57.078420487322141,11.329700000000001,304.57400000000001,26.8828,kcat_div_KM,26.882794778325991,PASS_HEADER_DECLARED,ELIGIBLE,,,PASS_SUPPLIED,a41577639472b8375958c48948c78eefa404950e59dfaf92939c65450c329f28
478,N220F,SINGLE,PRESENT,group_0451,true,1.4918499999999999,134.59899999999999,90.222999999999999,kcat_div_KM,90.222877635150979,11.329700000000001,304.57400000000001,26.8828,kcat_div_KM,26.882794778325991,PASS_HEADER_DECLARED,ELIGIBLE,,,PASS_SUPPLIED,a41577639472b8375958c48948c78eefa404950e59dfaf92939c65450c329f28
483,N220L,SINGLE,PRESENT,group_0452,true,3.8743500000000002,456.54899999999998,117.839,kcat_div_KM,117.83886329319756,11.329700000000001,304.57400000000001,26.8828,kcat_div_KM,26.882794778325991,PASS_HEADER_DECLARED,ELIGIBLE,,,PASS_SUPPLIED,65e0db80d2686a7b363af0cd0f40a1f08a649f811fbacf838c8d74ce6eb377f5
484,N220C,SINGLE,PRESENT,group_0453,true,5.8664800000000001,140.15199999999999,23.8904,kcat_div_KM,23.890305600632743,11.329700000000001,304.57400000000001,26.8828,kcat_div_KM,26.882794778325991,PASS_HEADER_DECLARED,ELIGIBLE,,,PASS_SUPPLIED,8d6ff12df11108b4b2a68dc9a9c2e5da044047a8f707fcefecaae501025a4c24
485,N220C,SINGLE,PRESENT,group_0454,true,4.8160400000000001,151.90299999999999,31.541,kcat_div_KM,31.541058629081153,11.329700000000001,304.57400000000001,26.8828,kcat_div_KM,26.882794778325991,PASS_HEADER_DECLARED,ELIGIBLE,,,PASS_SUPPLIED,8d6ff12df11108b4b2a68dc9a9c2e5da044047a8f707fcefecaae501025a4c24
486,N220F,SINGLE,PRESENT,group_0455,true,1.14375,81.524900000000002,71.278499999999994,kcat_div_KM,71.278601092896167,10.970800000000001,339.83999999999997,30.976800000000001,kcat_div_KM,30.976774711051149,PASS_HEADER_DECLARED,ELIGIBLE,,,PASS_SUPPLIED,a41577639472b8375958c48948c78eefa404950e59dfaf92939c65450c329f28
609,N220F,SINGLE,PRESENT,group_0456,true,0.51631300000000002,279.11700000000002,540.596,kcat_div_KM,540.59649863551761,1.5918099999999999,507.27800000000002,318.67899999999997,kcat_div_KM,318.67999321527071,PASS_HEADER_DECLARED,ELIGIBLE,,,PASS_SUPPLIED,a41577639472b8375958c48948c78eefa404950e59dfaf92939c65450c329f28
616,N220F,SINGLE,PRESENT,group_0035,true,0.51820500000000003,329.86700000000002,636.55799999999999,kcat_div_KM,636.5569610482338,,,,missing,,PASS_HEADER_DECLARED,ELIGIBLE,,,PASS_SUPPLIED,a41577639472b8375958c48948c78eefa404950e59dfaf92939c65450c329f28
693,N220F,SINGLE,PRESENT,group_0064,true,0.51820500000000003,329.86700000000002,636.55799999999999,kcat_div_KM,636.5569610482338,2.9011800000000001,480.81299999999999,165.72999999999999,kcat_div_KM,165.73015117986475,PASS_HEADER_DECLARED,ELIGIBLE,,,PASS_SUPPLIED,a41577639472b8375958c48948c78eefa404950e59dfaf92939c65450c329f28
743,N220C,SINGLE,PRESENT,group_0073,true,1.76166,380.31700000000001,215.886,kcat_div_KM,215.8855851866989,5.0017100000000001,324.72500000000002,64.922700000000006,kcat_div_KM,64.92279640362996,PASS_HEADER_DECLARED,ELIGIBLE,,,PASS_SUPPLIED,8d6ff12df11108b4b2a68dc9a9c2e5da044047a8f707fcefecaae501025a4c24
50,N220R,SINGLE,PLACEHOLDER_UNKNOWN,UNKNOWN,true,12.5,12.988899999999999,1.0824100000000001,kcat_div_KM,1.039112,,,,missing,,PASS_HEADER_DECLARED,ELIGIBLE,,MISSING_REQUIRED_FIELD,PASS_SUPPLIED,7e730dc63c68e5bb3b34ccac83ccf677cdd3ef2c1ed52b804f41016698ab0dc7
51,N220G,SINGLE,PLACEHOLDER_UNKNOWN,UNKNOWN,true,33.299999999999997,171.02099999999999,5.19557,kcat_div_KM,5.1357657657657656,,,,missing,,PASS_HEADER_DECLARED,ELIGIBLE,,MISSING_REQUIRED_FIELD,PASS_SUPPLIED,109149d92111ed7536ab14df1de530bd91cf3c2c44330edbfe86c710c686e283
52,N220H,SINGLE,PLACEHOLDER_UNKNOWN,UNKNOWN,true,5.1399999999999997,101.747,19.6999,kcat_div_KM,19.795136186770428,,,,missing,,PASS_HEADER_DECLARED,ELIGIBLE,,MISSING_REQUIRED_FIELD,PASS_SUPPLIED,30ae915efe5e5c9461d5f8933345e7a8d0e957c8297e5d509db66eff42d79dca
53,N220A,SINGLE,PLACEHOLDER_UNKNOWN,UNKNOWN,true,10.27,331.21800000000002,32.255899999999997,kcat_div_KM,32.251022395326196,,,,missing,,PASS_HEADER_DECLARED,ELIGIBLE,,MISSING_REQUIRED_FIELD,PASS_SUPPLIED,a8998d69f8af47d2df9af3f6bdfd5fdae1dd26b7aed9db2d00b90c4253acfa6c
54,N220Y,SINGLE,PLACEHOLDER_UNKNOWN,UNKNOWN,true,0.40000000000000002,515.22799999999995,1288.0699999999999,kcat_div_KM,1288.0699999999997,,,,missing,,PASS_HEADER_DECLARED,ELIGIBLE,,MISSING_REQUIRED_FIELD,PASS_SUPPLIED,787280ba88e8aa8f0bf3973f8a4a1defee97f6d4b2cd659de4ed9d5b2bf9b60b
199,N220W,SINGLE,PLACEHOLDER_UNKNOWN,UNKNOWN,true,0.51591200000000004,53.0062,102.74299999999999,kcat_div_KM,102.74271581199893,6.6269799999999996,384.20299999999997,57.975499999999997,kcat_div_KM,57.975578619522011,PASS_HEADER_DECLARED,ELIGIBLE,,MISSING_REQUIRED_FIELD,PASS_SUPPLIED,a8f1e5a359be4767ee09f30e7603795488869ec9d71d3ae4f595f6bf34739171
2026,N220A,SINGLE,PRESENT,group_0092,true,11.2369,133.012,11.8371,kcat_div_KM,11.837072502202565,2.6228699999999998,246.68299999999999,94.050600000000003,kcat_div_KM,94.050791690018954,PASS_HEADER_DECLARED,ELIGIBLE,,,PASS_SUPPLIED,a8998d69f8af47d2df9af3f6bdfd5fdae1dd26b7aed9db2d00b90c4253acfa6c
2340,N220F,SINGLE,PRESENT,group_0457,true,1.2198500000000001,678.70500000000004,556.38400000000001,kcat_div_KM,556.38398163708655,3.5856499999999998,761.97299999999996,212.506,kcat_div_KM,212.50624015171587,PASS_HEADER_DECLARED,ELIGIBLE,,,PASS_SUPPLIED,a41577639472b8375958c48948c78eefa404950e59dfaf92939c65450c329f28
3340,N220F,SINGLE,PRESENT,group_0436,true,0.249002,84.597899999999996,339.74799999999999,kcat_div_KM,339.74787351105613,5.6865500000000004,241.874,42.534399999999998,kcat_div_KM,42.534401350555257,PASS_HEADER_DECLARED,ELIGIBLE,,,PASS_SUPPLIED,a41577639472b8375958c48948c78eefa404950e59dfaf92939c65450c329f28
2377,N220F,SINGLE,PRESENT,group_0458,false,,,,missing,,,,,missing,,PASS_HEADER_DECLARED,QUARANTINE,EXPRESSION_CONTRADICTION|MISSING_REQUIRED_FIELD,,PASS_SUPPLIED,a41577639472b8375958c48948c78eefa404950e59dfaf92939c65450c329f28
3257,N220F,SINGLE,PRESENT,group_0177,true,0.187773,224.238,1194.2,kcat_div_KM,1194.1972488057388,2.3719800000000002,223.37299999999999,94.171199999999999,kcat_div_KM,94.171536016323898,PASS_HEADER_DECLARED,ELIGIBLE,,,PASS_SUPPLIED,a41577639472b8375958c48948c78eefa404950e59dfaf92939c65450c329f28
3039,N220M,SINGLE,PRESENT,group_0158,true,1.62036,352.51100000000002,217.55099999999999,kcat_div_KM,217.5510380409292,6.0631700000000004,914.21799999999996,150.78200000000001,kcat_div_KM,150.78218159807491,PASS_HEADER_DECLARED,ELIGIBLE,,,PASS_SUPPLIED,da33c93ff3168e8c7dd721456f1706d3d320c4d52daa54add57479cac8f0d647
3154,N220T,SINGLE,PRESENT,group_0459,true,11.901400000000001,0.422348,0.035487100000000001,kcat_div_KM,0.035487253600416754,,,,missing,,PASS_HEADER_DECLARED,ELIGIBLE,,WT_BASELINE_GLOBAL_ONLY,PASS_SUPPLIED,dc59804d531a45fc1fb5d16482514f08152ce92ae51956afc22a5f537ad2e37d
3160,N220T,SINGLE,PRESENT,group_0459,true,,,,missing,,,,,missing,,PASS_HEADER_DECLARED,QUARANTINE,MISSING_REQUIRED_FIELD,,PASS_SUPPLIED,dc59804d531a45fc1fb5d16482514f08152ce92ae51956afc22a5f537ad2e37d
3199,N220D,SINGLE,PRESENT,group_0459,true,4.9336700000000002,8.9634300000000007,1.8167899999999999,kcat_div_KM,1.8167875030149969,,,,missing,,PASS_HEADER_DECLARED,ELIGIBLE,,WT_BASELINE_GLOBAL_ONLY,PASS_SUPPLIED,5e9b8d0e801d6b56f3380e1934325d97d64f46d8296124356b9fa4ccc78fe965
3200,N220I,SINGLE,PRESENT,group_0459,true,,,,missing,,,,,missing,,PASS_HEADER_DECLARED,QUARANTINE,MISSING_REQUIRED_FIELD,,PASS_SUPPLIED,2ce112b446cb14c98eb2bd5fc25c1ebfa2054c069c365a1e9c755a6fae459b86
3201,N220K,SINGLE,PRESENT,group_0459,true,,,,missing,,,,,missing,,PASS_HEADER_DECLARED,QUARANTINE,MISSING_REQUIRED_FIELD,,PASS_SUPPLIED,1c3a98eb117538214905177ab683ce6e280c0ea49ffa100d0932f91f198d95e9
3202,N220Q,SINGLE,PRESENT,group_0459,true,6.10832,42.677599999999998,6.9867999999999997,kcat_div_KM,6.9867983340754902,,,,missing,,PASS_HEADER_DECLARED,ELIGIBLE,,WT_BASELINE_GLOBAL_ONLY,PASS_SUPPLIED,59f12cdcae73ee16da8b1b0748f70e8e1f672f5ed25e73e1806b01e2922bee2c
3343,N220S,SINGLE,PRESENT,group_0100,true,36.763399999999997,130.53700000000001,3.5507399999999998,kcat_div_KM,3.5507325220191825,6.0304200000000003,364.79199999999997,60.491900000000001,kcat_div_KM,60.491972366767151,PASS_HEADER_DECLARED,ELIGIBLE,,,PASS_SUPPLIED,762b0411a65c252c23dc6fabddeb1b6943d7b4daed62c623da83d9ac67f8a5b4
3412,N220F,SINGLE,PRESENT,group_0182,true,0.38457599999999997,140.72,365.91000000000003,kcat_div_KM,365.90946912963892,4.5095400000000003,167.941,37.241199999999999,kcat_div_KM,37.241270728278273,PASS_HEADER_DECLARED,ELIGIBLE,,,PASS_SUPPLIED,a41577639472b8375958c48948c78eefa404950e59dfaf92939c65450c329f28
3736,N220R,SINGLE,PRESENT,group_0460,true,6.3267499999999997,419.38999999999999,66.288399999999996,kcat_div_KM,66.288378709447983,3.9996700000000001,264.63600000000002,66.164400000000001,kcat_div_KM,66.164458567831858,PASS_HEADER_DECLARED,ELIGIBLE,,,PASS_SUPPLIED,7e730dc63c68e5bb3b34ccac83ccf677cdd3ef2c1ed52b804f41016698ab0dc7
3802,N220E,SINGLE,PRESENT,group_0461,true,73.695400000000006,371.495,5.0409600000000001,kcat_div_KM,5.040952352521324,3.9996700000000001,264.63600000000002,66.164400000000001,kcat_div_KM,66.164458567831858,PASS_HEADER_DECLARED,ELIGIBLE,,,PASS_SUPPLIED,ed119312c72e3d3908ab4594c592203632ac763f225f6817624cf19d3793f39c
4057,N220E,SINGLE,PRESENT,group_0226,true,27.44763,0.27399319999999999,0.0099824019999999996,kcat_div_KM,0.0099823992089663107,6.6764900000000003,1014.52,151.95400000000001,kcat_div_KM,151.95409564007434,PASS_HEADER_DECLARED,ELIGIBLE,,,PASS_SUPPLIED,ed119312c72e3d3908ab4594c592203632ac763f225f6817624cf19d3793f39c
1140,M221K,SINGLE,PRESENT,group_0052,true,7.5410599999999999,101.697,13.485799999999999,kcat_div_KM,13.485769905026615,4.3780099999999997,368.55900000000003,84.184100000000001,kcat_div_KM,84.184138455599708,PASS_HEADER_DECLARED,ELIGIBLE,,,PASS_SUPPLIED,50da78557fa5d61067581fe2245138008c9f3e2fce521e02e8f64b3b284ace8d
1141,M221K,SINGLE,PRESENT,group_0052,true,11.4093,126.792,11.113,kcat_div_KM,11.113039362625226,4.3780099999999997,368.55900000000003,84.184100000000001,kcat_div_KM,84.184138455599708,PASS_HEADER_DECLARED,ELIGIBLE,,,PASS_SUPPLIED,50da78557fa5d61067581fe2245138008c9f3e2fce521e02e8f64b3b284ace8d
1175,M221N,SINGLE,PRESENT,group_0057,true,5.5897199999999998,246.321,44.066800000000001,kcat_div_KM,44.066786887357509,3.0653800000000002,388.21499999999997,126.645,kcat_div_KM,126.64498365618617,PASS_HEADER_DECLARED,ELIGIBLE,,,PASS_SUPPLIED,da9f76c5cd61d7d2fc6206cce9e88ca0605ce44b8c8f31309367505aa793cd3e
55,M221A,SINGLE,PLACEHOLDER_UNKNOWN,UNKNOWN,true,6.25,448.11799999999999,71.655600000000007,kcat_div_KM,71.698880000000003,,,,missing,,PASS_HEADER_DECLARED,ELIGIBLE,,MISSING_REQUIRED_FIELD,PASS_SUPPLIED,05a2387911307dfe51a79c64674d198aa488dd4e6a679cccb192a39dbded974c
170,M221Q,SINGLE,PLACEHOLDER_UNKNOWN,UNKNOWN,true,8.0325699999999998,1008.55,125.55800000000001,kcat_div_KM,125.55757372796005,4.4234099999999996,666.71400000000006,150.72399999999999,kcat_div_KM,150.72398895874451,PASS_HEADER_DECLARED,ELIGIBLE,,MISSING_REQUIRED_FIELD,PASS_SUPPLIED,e8ea2c21532115c60505a01524f3b2d9395153bccb5968ab4029d3c434b0d0db
2047,M221R,SINGLE,PRESENT,group_0096,true,14.980499999999999,25.0779,1.67404,kcat_div_KM,1.6740362471212578,6.1248800000000001,366.73200000000003,59.875799999999998,kcat_div_KM,59.875785321508346,PASS_HEADER_DECLARED,ELIGIBLE,,,PASS_SUPPLIED,8af027653cba5db8d49e9da5686494646fdab5b849b73830b0f5dcce9678c722
56,E222Y,SINGLE,PLACEHOLDER_UNKNOWN,UNKNOWN,true,18.43,10.8241,0.649447,kcat_div_KM,0.58730873575691811,,,,missing,,PASS_HEADER_DECLARED,ELIGIBLE,,MISSING_REQUIRED_FIELD,PASS_SUPPLIED,80d5597519266ac3a6cefb314778c45bb919fb5053f5670e791817191fd31fe3
57,E222K,SINGLE,PLACEHOLDER_UNKNOWN,UNKNOWN,true,7.2199999999999998,88.7577,12.339499999999999,kcat_div_KM,12.29331024930748,,,,missing,,PASS_HEADER_DECLARED,ELIGIBLE,,MISSING_REQUIRED_FIELD,PASS_SUPPLIED,1855089bc313b902d6c246a6b7197f4f41075e9b667cb28ca24808dd3ec9de4a
58,E222R,SINGLE,PLACEHOLDER_UNKNOWN,UNKNOWN,true,2.48,34.6372,14.071300000000001,kcat_div_KM,13.966612903225807,,,,missing,,PASS_HEADER_DECLARED,ELIGIBLE,,MISSING_REQUIRED_FIELD,PASS_SUPPLIED,ce72acc23c88ab11a079cbb99440981e11de68d51d41b1d254bf183723893a0d
59,E222H,SINGLE,PLACEHOLDER_UNKNOWN,UNKNOWN,true,8.5399999999999991,132.054,15.370200000000001,kcat_div_KM,15.462997658079628,,,,missing,,PASS_HEADER_DECLARED,ELIGIBLE,,MISSING_REQUIRED_FIELD,PASS_SUPPLIED,ea0fa1a3ac6ef5593a13faa414bc9f346d72225fafdda4e15fdd43ed04b898dd
60,E222Q,SINGLE,PLACEHOLDER_UNKNOWN,UNKNOWN,true,12.16,547.70000000000005,45.028300000000002,kcat_div_KM,45.041118421052637,,,,missing,,PASS_HEADER_DECLARED,ELIGIBLE,,MISSING_REQUIRED_FIELD,PASS_SUPPLIED,91eddc508d97695cb1d67a5804ead5844791a5f7d6cd570a085399708514a6a1
61,E222A,SINGLE,PLACEHOLDER_UNKNOWN,UNKNOWN,true,0.63,73.603999999999999,116.90000000000001,kcat_div_KM,116.83174603174604,,,,missing,,PASS_HEADER_DECLARED,ELIGIBLE,,MISSING_REQUIRED_FIELD,PASS_SUPPLIED,851c59575ef6050bb33e7d708599e2eb2718a488d81d4a04d622fe62238d5d94
1354,H223A,SINGLE,PRESENT,group_0462,true,7.38971,778.03300000000002,105.286,kcat_div_KM,105.28599904461745,6.4769899999999998,867.697,133.96600000000001,kcat_div_KM,133.96608609863532,PASS_HEADER_DECLARED,ELIGIBLE,,,PASS_SUPPLIED,ebc04fe3df7929eaa46a1a08e10ee4f34eb8f2bcbfd2f78389ef461a26da7ed2
671,H223A,SINGLE,PRESENT,group_0086,true,4.7537900000000004,269.209,56.630499999999998,kcat_div_KM,56.630393854166883,2.9773200000000002,240.44999999999999,80.760499999999993,kcat_div_KM,80.760549756156536,PASS_HEADER_DECLARED,ELIGIBLE,,,PASS_SUPPLIED,ebc04fe3df7929eaa46a1a08e10ee4f34eb8f2bcbfd2f78389ef461a26da7ed2
2018,H223A,SINGLE,PRESENT,group_0094,true,3.1633200000000001,236.46600000000001,74.752600000000001,kcat_div_KM,74.752475247524757,2.6228699999999998,246.68299999999999,94.050600000000003,kcat_div_KM,94.050791690018954,PASS_HEADER_DECLARED,ELIGIBLE,,,PASS_SUPPLIED,ebc04fe3df7929eaa46a1a08e10ee4f34eb8f2bcbfd2f78389ef461a26da7ed2
2615,H223A,SINGLE,PRESENT,group_0136,true,8.0202600000000004,168.11699999999999,20.961600000000001,kcat_div_KM,20.961539900202734,5.3585200000000004,282.41899999999998,52.704700000000003,kcat_div_KM,52.704664720855753,PASS_HEADER_DECLARED,ELIGIBLE,,,PASS_SUPPLIED,ebc04fe3df7929eaa46a1a08e10ee4f34eb8f2bcbfd2f78389ef461a26da7ed2
3427,H223S,SINGLE,PRESENT,group_0184,true,6.4935299999999998,248.12899999999999,38.211799999999997,kcat_div_KM,38.211727673545823,5,324.03100000000001,64.806200000000004,kcat_div_KM,64.806200000000004,PASS_HEADER_DECLARED,ELIGIBLE,,,PASS_SUPPLIED,4969db453f03a313087f43f1b96f59394cb7dcc0e7dac58d90692cee46fa1d53
3911,A226P,SINGLE,PRESENT,group_0025,true,3.1266099999999999,323.79500000000002,103.56100000000001,kcat_div_KM,103.56104534943599,2.94103,292.99200000000002,99.622100000000003,kcat_div_KM,99.622241187611152,PASS_HEADER_DECLARED,ELIGIBLE,,,PASS_SUPPLIED,5430e476de71d83103396da1241cb5163f362ed2f35176872136688918dafe23
1203,P231K,SINGLE,PRESENT,group_0010,true,4.5702600000000002,349.76299999999998,76.530100000000004,kcat_div_KM,76.530219287305314,6.7725,216.48699999999999,31.965699999999998,kcat_div_KM,31.965596160944997,PASS_HEADER_DECLARED,ELIGIBLE,,,PASS_SUPPLIED,f1d325b35fae08d0338cccc97f5d2ac863cb28ef7d4126b187001163369bef0e
3358,D233I,SINGLE,PRESENT,group_0025,true,3.9431500000000002,33.721600000000002,8.5519499999999997,kcat_div_KM,8.5519445113678145,4.8565300000000002,278.334,57.311399999999999,kcat_div_KM,57.311290159846635,PASS_HEADER_DECLARED,ELIGIBLE,,,PASS_SUPPLIED,ec970aad08a9da609aa1dc0c36b5387944052e929abb7e533b14a569c4dad3f8
628,A236V,SINGLE,PRESENT,group_0463,true,0.52458300000000002,1.8987700000000001,3.6195900000000001,kcat_div_KM,3.6195797423858571,4.7449399999999997,698.03899999999999,147.11199999999999,kcat_div_KM,147.11229225237832,PASS_HEADER_DECLARED,ELIGIBLE,,,PASS_SUPPLIED,6a8dcc2a5e2ebdad426be03b50b4384fd0236aed76efc8d4ab95c51d8f9da3b2
684,A236V,SINGLE,PRESENT,group_0064,true,0.38487199999999999,0.53607899999999997,1.3928799999999999,kcat_div_KM,1.3928760730840384,4.7449399999999997,698.03899999999999,147.11199999999999,kcat_div_KM,147.11229225237832,PASS_HEADER_DECLARED,ELIGIBLE,,,PASS_SUPPLIED,6a8dcc2a5e2ebdad426be03b50b4384fd0236aed76efc8d4ab95c51d8f9da3b2
62,A236E,SINGLE,PLACEHOLDER_UNKNOWN,UNKNOWN,false,,,,missing,,,,,missing,,PASS_HEADER_DECLARED,QUARANTINE,EXPRESSION_CONTRADICTION|MISSING_REQUIRED_FIELD,MISSING_REQUIRED_FIELD,PASS_SUPPLIED,c63c4e2eb6358d8e6bc9a4b756011b39363d3af24b24cb5f9a78b4e8cdfdb967
3214,A236S,SINGLE,PRESENT,group_0100,true,,,0.0073208500000000003,reported_kcatKM,0.0073208500000000003,7.3568499999999997,383.20800000000003,52.0886,kcat_div_KM,52.088597701461907,PASS_HEADER_DECLARED,ELIGIBLE,,,PASS_SUPPLIED,c906673f3aff5dd9e54a000cea2306651f345aff8cffe6e12a00f6d397139b21
3209,A236C,SINGLE,PRESENT,group_0100,true,3.88727,202.47399999999999,52.086399999999998,kcat_div_KM,52.086425692066669,5.8927399999999999,377.76600000000002,64.106999999999999,kcat_div_KM,64.107019824394087,PASS_HEADER_DECLARED,ELIGIBLE,,,PASS_SUPPLIED,ae986264f7abb30d85fab55cafd5b54af09a544a3ea2041534bc64a972a79100
2847,A236D,SINGLE,PRESENT,group_0031,false,,,,missing,,,,,missing,,PASS_HEADER_DECLARED,QUARANTINE,EXPRESSION_CONTRADICTION|MISSING_REQUIRED_FIELD,,PASS_SUPPLIED,fd97753d0c9543a7b33344561b1873be105b8afdfb02d641ba721c609047983b
2848,A236D,SINGLE,PRESENT,group_0031,false,,,,missing,,,,,missing,,PASS_HEADER_DECLARED,QUARANTINE,EXPRESSION_CONTRADICTION|MISSING_REQUIRED_FIELD,,PASS_SUPPLIED,fd97753d0c9543a7b33344561b1873be105b8afdfb02d641ba721c609047983b
2850,A236D,SINGLE,PRESENT,group_0031,false,,,,missing,,,,,missing,,PASS_HEADER_DECLARED,QUARANTINE,EXPRESSION_CONTRADICTION|MISSING_REQUIRED_FIELD,,PASS_SUPPLIED,fd97753d0c9543a7b33344561b1873be105b8afdfb02d641ba721c609047983b
3223,A236E,SINGLE,PRESENT,group_0100,true,,,,missing,,6.3402599999999998,399.04500000000002,62.938200000000002,kcat_div_KM,62.938270670287977,PASS_HEADER_DECLARED,QUARANTINE,MISSING_REQUIRED_FIELD,,PASS_SUPPLIED,c63c4e2eb6358d8e6bc9a4b756011b39363d3af24b24cb5f9a78b4e8cdfdb967
3413,A236C,SINGLE,PRESENT,group_0182,true,8.9745200000000001,84.017600000000002,9.3618000000000006,kcat_div_KM,9.3617931655397726,4.5095400000000003,167.941,37.241199999999999,kcat_div_KM,37.241270728278273,PASS_HEADER_DECLARED,ELIGIBLE,,,PASS_SUPPLIED,ae986264f7abb30d85fab55cafd5b54af09a544a3ea2041534bc64a972a79100
4453,I238K,SINGLE,PRESENT,group_0012,true,3.0030749999999999,388.43189999999998,129.34469999999999,kcat_div_KM,129.34472166029821,1.8355300000000001,390.00099999999998,212.47300000000001,kcat_div_KM,212.47323661285839,PASS_HEADER_DECLARED,ELIGIBLE,,,PASS_SUPPLIED,76a3ec583384741bdb3939f5cc7ad4e5e4e1fbc72828b1352597e46d875736e0
4454,I238G,SINGLE,PRESENT,group_0012,true,2.6328969999999998,353.99759999999998,134.45179999999999,kcat_div_KM,134.45174649824889,1.8355300000000001,390.00099999999998,212.47300000000001,kcat_div_KM,212.47323661285839,PASS_HEADER_DECLARED,ELIGIBLE,,,PASS_SUPPLIED,ec43360064c0663ab1656e956388fa5178f7dee37f077d23e4a04f591559cb9e
4455,I238A,SINGLE,PRESENT,group_0012,true,4.2050710000000002,374.92320000000001,89.159769999999995,kcat_div_KM,89.159778752843891,1.8355300000000001,390.00099999999998,212.47300000000001,kcat_div_KM,212.47323661285839,PASS_HEADER_DECLARED,ELIGIBLE,,,PASS_SUPPLIED,79fda2c6e7e7a1cc3bbff94b4d1257ab554b862f37c626f2538ff1550ace6a3e
3217,R239C,SINGLE,PRESENT,group_0100,true,6.5162300000000002,161.31800000000001,24.7563,kcat_div_KM,24.756339171576204,6.3402599999999998,399.04500000000002,62.938200000000002,kcat_div_KM,62.938270670287977,PASS_HEADER_DECLARED,ELIGIBLE,,,PASS_SUPPLIED,9982be985a728da6ac4b30fd1fe6213c82028e3b67f5cfb037c3066cd4d74969
1280,R240G,SINGLE,PRESENT,group_0464,false,,,,missing,,,,,missing,,PASS_HEADER_DECLARED,QUARANTINE,EXPRESSION_CONTRADICTION|MISSING_REQUIRED_FIELD,,PASS_SUPPLIED,c51ee3789eb726b20821e7f9cd4b76e4a6eb409864afb1f1ccaedf1f7563baa4
239,R240G,SINGLE,PLACEHOLDER_UNKNOWN,UNKNOWN,true,23.6553,456.66500000000002,19.305,kcat_div_KM,19.304976051878437,4.5038299999999998,352.49799999999999,78.266300000000001,kcat_div_KM,78.266275592107164,PASS_HEADER_DECLARED,ELIGIBLE,,MISSING_REQUIRED_FIELD,PASS_SUPPLIED,c51ee3789eb726b20821e7f9cd4b76e4a6eb409864afb1f1ccaedf1f7563baa4
63,R240D,SINGLE,PLACEHOLDER_UNKNOWN,UNKNOWN,true,10.82,231.636,21.431699999999999,kcat_div_KM,21.408133086876155,,,,missing,,PASS_HEADER_DECLARED,ELIGIBLE,,MISSING_REQUIRED_FIELD,PASS_SUPPLIED,8005e96674c2c439b2f8f0b885555f796046d140489c3a58cf505b7c5ba02fc7
64,R240K,SINGLE,PLACEHOLDER_UNKNOWN,UNKNOWN,true,17.670000000000002,736.03999999999996,41.564599999999999,kcat_div_KM,41.654782116581771,,,,missing,,PASS_HEADER_DECLARED,ELIGIBLE,,MISSING_REQUIRED_FIELD,PASS_SUPPLIED,0a1f2be12dee55f834cd4b6b30cd9f89aa51ced3d6cfc509b1d2936eed8841d6
66,R240E,SINGLE,PLACEHOLDER_UNKNOWN,UNKNOWN,false,,,,missing,,,,,missing,,PASS_HEADER_DECLARED,QUARANTINE,EXPRESSION_CONTRADICTION|MISSING_REQUIRED_FIELD,MISSING_REQUIRED_FIELD,PASS_SUPPLIED,a623cd1122522e82db899a72f75a312e0d413f0f9923a3e0bc92f0fd51835275
2343,R240A,SINGLE,PRESENT,group_0465,true,14.4971,685.75400000000002,47.302900000000001,kcat_div_KM,47.302839878320491,4.3962899999999996,402.66500000000002,91.591899999999995,kcat_div_KM,91.592001437575789,PASS_HEADER_DECLARED,ELIGIBLE,,,PASS_SUPPLIED,eb96bbb6eb8003221a23a3625931517109f82ab6ff17b03259de99aa3613aabb
2349,R240A,SINGLE,PRESENT,group_0466,true,10.927199999999999,570.69799999999998,52.2273,kcat_div_KM,52.227286038509412,4.3962899999999996,402.66500000000002,91.591899999999995,kcat_div_KM,91.592001437575789,PASS_HEADER_DECLARED,ELIGIBLE,,,PASS_SUPPLIED,eb96bbb6eb8003221a23a3625931517109f82ab6ff17b03259de99aa3613aabb
2375,R240A,SINGLE,PRESENT,group_0467,true,10.1365,1.30166,8.2812199999999994,kcat_div_KM,0.12841316036107139,2.0735600000000001,251.804,121.435,kcat_div_KM,121.43559868053011,PASS_HEADER_DECLARED,ELIGIBLE,,EFFICIENCY_COMPONENT_CONFLICT,PASS_SUPPLIED,eb96bbb6eb8003221a23a3625931517109f82ab6ff17b03259de99aa3613aabb
2462,R240K,SINGLE,PRESENT,group_0468,true,8.1699199999999994,716.51400000000001,87.701499999999996,kcat_div_KM,87.701470761035608,5.3814299999999999,846.26499999999999,157.25700000000001,kcat_div_KM,157.25652846919871,PASS_HEADER_DECLARED,ELIGIBLE,,,PASS_SUPPLIED,0a1f2be12dee55f834cd4b6b30cd9f89aa51ced3d6cfc509b1d2936eed8841d6
3867,R240A,SINGLE,PRESENT,group_0170,true,14.972799999999999,450.94200000000001,30.1174,kcat_div_KM,30.117412908741187,4.0737800000000002,524.67100000000005,128.792,kcat_div_KM,128.79217827177709,PASS_HEADER_DECLARED,ELIGIBLE,,,PASS_SUPPLIED,eb96bbb6eb8003221a23a3625931517109f82ab6ff17b03259de99aa3613aabb
4478,R240A,SINGLE,PRESENT,group_0469,true,4.4227489999999996,202.64599999999999,45.819009999999999,kcat_div_KM,45.819014373187358,9.5815900000000003,219.22900000000001,22.880199999999999,kcat_div_KM,22.880231777815581,PASS_HEADER_DECLARED,ELIGIBLE,,,PASS_SUPPLIED,eb96bbb6eb8003221a23a3625931517109f82ab6ff17b03259de99aa3613aabb
4461,R240A,SINGLE,PRESENT,group_0239,true,19.979030000000002,417.45209999999997,20.89452,kcat_div_KM,20.894512896772262,2.2996400000000001,310.298,134.934,kcat_div_KM,134.93329390687236,PASS_HEADER_DECLARED,ELIGIBLE,,,PASS_SUPPLIED,eb96bbb6eb8003221a23a3625931517109f82ab6ff17b03259de99aa3613aabb
159,D241H,SINGLE,PLACEHOLDER_UNKNOWN,UNKNOWN,true,9.9672300000000007,100.18600000000001,10.051500000000001,kcat_div_KM,10.051538892952204,4.4234099999999996,666.71400000000006,150.72399999999999,kcat_div_KM,150.72398895874451,PASS_HEADER_DECLARED,ELIGIBLE,,MISSING_REQUIRED_FIELD,PASS_SUPPLIED,194e39d76b14f10d96cb23b4d9830f0ac18caf323f347d3407b8d1c0f22c7926
3095,D241R,SINGLE,PRESENT,group_0470,true,2.4159899999999999,5.0744600000000002,2.1003599999999998,kcat_div_KM,2.1003646538272096,10.325100000000001,1191.5,115.399,kcat_div_KM,115.39839807846896,PASS_HEADER_DECLARED,ELIGIBLE,,,PASS_SUPPLIED,3c712aa83a6cdb3d514e590666af9c9811d0539d8e55df8a2e91ace3f9b48ac7
2575,F243H,SINGLE,PRESENT,group_0471,true,0.61244299999999996,234.304,382.57299999999998,kcat_div_KM,382.57274554529977,2.1389200000000002,509.88299999999998,238.38300000000001,kcat_div_KM,238.38338974809716,PASS_HEADER_DECLARED,ELIGIBLE,,ID_JOIN_MISSING,PASS_REGENERATED,d2c3d0c9e33354da4ba05460549056d5a56d5c62cf4969e55031ea49984bab66
2571,F243H,SINGLE,PRESENT,group_0472,true,1.8775299999999999,558.66499999999996,297.55200000000002,kcat_div_KM,297.55316825829681,2.1389200000000002,509.88299999999998,238.38300000000001,kcat_div_KM,238.38338974809716,PASS_HEADER_DECLARED,ELIGIBLE,,,PASS_SUPPLIED,d2c3d0c9e33354da4ba05460549056d5a56d5c62cf4969e55031ea49984bab66
1221,F243H,SINGLE,PRESENT,group_0046,true,37.307400000000001,868.53200000000004,23.2804,kcat_div_KM,23.280421578560823,7.2265199999999998,488.57600000000002,67.608699999999999,kcat_div_KM,67.608752207148115,PASS_HEADER_DECLARED,ELIGIBLE,,ID_JOIN_MISSING,PASS_REGENERATED,d2c3d0c9e33354da4ba05460549056d5a56d5c62cf4969e55031ea49984bab66
2031,F243H,SINGLE,PRESENT,group_0095,true,4.8208700000000002,236.39500000000001,49.035800000000002,kcat_div_KM,49.035754957092806,5.3997799999999998,752.88800000000003,139.429,kcat_div_KM,139.42938416009542,PASS_HEADER_DECLARED,ELIGIBLE,,,PASS_SUPPLIED,d2c3d0c9e33354da4ba05460549056d5a56d5c62cf4969e55031ea49984bab66
2576,F243H,SINGLE,PRESENT,group_0473,true,3.4219499999999998,598.36800000000005,174.86199999999999,kcat_div_KM,174.86170166133348,2.1389200000000002,509.88299999999998,238.38300000000001,kcat_div_KM,238.38338974809716,PASS_HEADER_DECLARED,ELIGIBLE,,,PASS_SUPPLIED,d2c3d0c9e33354da4ba05460549056d5a56d5c62cf4969e55031ea49984bab66
2717,F243H,SINGLE,PRESENT,group_0473,true,,,,missing,,,,,missing,,PASS_HEADER_DECLARED,QUARANTINE,MISSING_REQUIRED_FIELD,,PASS_SUPPLIED,d2c3d0c9e33354da4ba05460549056d5a56d5c62cf4969e55031ea49984bab66
3240,F243H,SINGLE,PRESENT,group_0025,true,8.5963899999999995,351.78300000000002,40.922199999999997,kcat_div_KM,40.922177797889582,1.18483,195.32400000000001,164.85400000000001,kcat_div_KM,164.85402969202332,PASS_HEADER_DECLARED,ELIGIBLE,,,PASS_SUPPLIED,d2c3d0c9e33354da4ba05460549056d5a56d5c62cf4969e55031ea49984bab66
2719,F243H,SINGLE,PRESENT,group_0474,true,,,,missing,,,,,missing,,PASS_HEADER_DECLARED,QUARANTINE,MISSING_REQUIRED_FIELD,,PASS_SUPPLIED,d2c3d0c9e33354da4ba05460549056d5a56d5c62cf4969e55031ea49984bab66
2722,F243H,SINGLE,PRESENT,group_0475,true,,,,missing,,,,,missing,,PASS_HEADER_DECLARED,QUARANTINE,MISSING_REQUIRED_FIELD,,PASS_SUPPLIED,d2c3d0c9e33354da4ba05460549056d5a56d5c62cf4969e55031ea49984bab66
3344,F243H,SINGLE,PRESENT,group_0100,true,17.8142,546.22900000000004,30.662500000000001,kcat_div_KM,30.662561327480329,6.0304200000000003,364.79199999999997,60.491900000000001,kcat_div_KM,60.491972366767151,PASS_HEADER_DECLARED,ELIGIBLE,,,PASS_SUPPLIED,d2c3d0c9e33354da4ba05460549056d5a56d5c62cf4969e55031ea49984bab66
3402,F243H,SINGLE,PRESENT,group_0181,true,2.3073399999999999,427.93900000000002,185.46899999999999,kcat_div_KM,185.46854819835829,,,,missing,,PASS_HEADER_DECLARED,ELIGIBLE,,,PASS_SUPPLIED,d2c3d0c9e33354da4ba05460549056d5a56d5c62cf4969e55031ea49984bab66
1923,I244A,SINGLE,PRESENT,group_0476,true,8.4970999999999997,451.34300000000002,53.1173,kcat_div_KM,53.117298843134719,8.4970999999999997,564.17899999999997,66.396600000000007,kcat_div_KM,66.396652975721125,PASS_HEADER_DECLARED,ELIGIBLE,,,PASS_SUPPLIED,3d7e46e7b4c371cddd0c9bdb545647c77f0ae34f17aa4d1594c55467e2f64f36
1775,I244V,SINGLE,PRESENT,group_0477,true,2.0365500000000001,518.15599999999995,254.429,kcat_div_KM,254.42832240799387,,,,missing,,PASS_HEADER_DECLARED,ELIGIBLE,,WT_BASELINE_GLOBAL_ONLY,PASS_SUPPLIED,6a06c0b8928b3924892d83070c47869f56085bb95c6e26683a0b9372b8170ba1
854,I244M,SINGLE,PRESENT,group_0035,true,4.8001100000000001,293.08800000000002,61.058500000000002,kcat_div_KM,61.058600740399704,2.4080599999999999,246.517,102.372,kcat_div_KM,102.3716186473759,PASS_HEADER_DECLARED,ELIGIBLE,,,PASS_SUPPLIED,5b73f645c8300444af2f904cd03b7f0b46b493bc02d64be9bda5ea86eaf59902
1222,I244K,SINGLE,PRESENT,group_0046,true,14.0746,134.43600000000001,9.5516500000000004,kcat_div_KM,9.5516746479473671,7.2265199999999998,488.57600000000002,67.608699999999999,kcat_div_KM,67.608752207148115,PASS_HEADER_DECLARED,ELIGIBLE,,,PASS_SUPPLIED,e5262c8fe6dd40e474277ff2142229751e93c8326c6811d149535d0d0e066f37
809,I244M,SINGLE,PRESENT,group_0035,true,0.63762700000000005,179.001,280.73000000000002,kcat_div_KM,280.72995654199082,2.4080599999999999,246.517,102.372,kcat_div_KM,102.3716186473759,PASS_HEADER_DECLARED,ELIGIBLE,,,PASS_SUPPLIED,5b73f645c8300444af2f904cd03b7f0b46b493bc02d64be9bda5ea86eaf59902
67,I244E,SINGLE,PLACEHOLDER_UNKNOWN,UNKNOWN,true,5.9699999999999998,406.98700000000002,68.191900000000004,kcat_div_KM,68.172026800670025,,,,missing,,PASS_HEADER_DECLARED,ELIGIBLE,,MISSING_REQUIRED_FIELD,PASS_SUPPLIED,882097221353df9981238c5df4614f7b492e3c342450242dc2258bdbdb099253
68,I244N,SINGLE,PLACEHOLDER_UNKNOWN,UNKNOWN,true,2.1499999999999999,222.977,103.69499999999999,kcat_div_KM,103.71023255813954,,,,missing,,PASS_HEADER_DECLARED,ELIGIBLE,,MISSING_REQUIRED_FIELD,PASS_SUPPLIED,4b0c06733ca7ad97f8bf980623c1ea3c8bc4a049eccc7c9b91fc8d23c595ee56
132,I244Q,SINGLE,PLACEHOLDER_UNKNOWN,UNKNOWN,true,14.7288,1166.55,79.202299999999994,kcat_div_KM,79.20197164738471,5.7009299999999996,707.70399999999995,124.13800000000001,kcat_div_KM,124.13834234063565,PASS_HEADER_DECLARED,ELIGIBLE,,MISSING_REQUIRED_FIELD,PASS_SUPPLIED,706ce938192645ea9b58cb5acbb37ecc2ae1e9aacfac8043b720b0fa7588864b
160,I244T,SINGLE,PLACEHOLDER_UNKNOWN,UNKNOWN,true,4.2168099999999997,681.76099999999997,161.67699999999999,kcat_div_KM,161.67695485449903,4.4234099999999996,666.71400000000006,150.72399999999999,kcat_div_KM,150.72398895874451,PASS_HEADER_DECLARED,ELIGIBLE,,MISSING_REQUIRED_FIELD,PASS_SUPPLIED,c236ed069a47bcf1b09ee3d0b6e30f0e273db6663be52c1bc3391a6b6cbe0d6c
2567,R246K,SINGLE,PRESENT,group_0478,true,0.52554299999999998,557.35599999999999,1060.53,kcat_div_KM,1060.5335814576542,1.4007700000000001,568.68899999999996,405.98399999999998,kcat_div_KM,405.98313784561344,PASS_HEADER_DECLARED,ELIGIBLE,,,PASS_SUPPLIED,7a90eb7cf4e33c753179d975b3d81a19e394b89043cb30adc3e83a109eb93f96
2566,R246K,SINGLE,PRESENT,group_0479,true,0.49517099999999997,804.31700000000001,1624.3199999999999,kcat_div_KM,1624.3216989686391,1.4007700000000001,568.68899999999996,405.98399999999998,kcat_div_KM,405.98313784561344,PASS_HEADER_DECLARED,ELIGIBLE,,,PASS_SUPPLIED,7a90eb7cf4e33c753179d975b3d81a19e394b89043cb30adc3e83a109eb93f96
2565,R246K,SINGLE,PRESENT,group_0480,true,0.44692900000000002,598.95699999999999,1340.1600000000001,kcat_div_KM,1340.1614126628613,1.4007700000000001,568.68899999999996,405.98399999999998,kcat_div_KM,405.98313784561344,PASS_HEADER_DECLARED,ELIGIBLE,,,PASS_SUPPLIED,7a90eb7cf4e33c753179d975b3d81a19e394b89043cb30adc3e83a109eb93f96
3208,R246K,SINGLE,PRESENT,group_0100,true,6.4270100000000001,280.46800000000002,43.6389,kcat_div_KM,43.638954972841184,5.8927399999999999,377.76600000000002,64.106999999999999,kcat_div_KM,64.107019824394087,PASS_HEADER_DECLARED,ELIGIBLE,,,PASS_SUPPLIED,7a90eb7cf4e33c753179d975b3d81a19e394b89043cb30adc3e83a109eb93f96
2586,R246K,SINGLE,PRESENT,group_0481,true,2.4564900000000001,333.00400000000002,135.56100000000001,kcat_div_KM,135.56090193731708,2.9787400000000002,325.89699999999999,109.408,kcat_div_KM,109.40766901441548,PASS_HEADER_DECLARED,ELIGIBLE,,,PASS_SUPPLIED,7a90eb7cf4e33c753179d975b3d81a19e394b89043cb30adc3e83a109eb93f96
2590,R246K,SINGLE,PRESENT,group_0482,true,3.1253799999999998,391.43200000000002,125.24299999999999,kcat_div_KM,125.2430104499293,2.9787400000000002,325.89699999999999,109.408,kcat_div_KM,109.40766901441548,PASS_HEADER_DECLARED,ELIGIBLE,,,PASS_SUPPLIED,7a90eb7cf4e33c753179d975b3d81a19e394b89043cb30adc3e83a109eb93f96
2591,R246K,SINGLE,PRESENT,group_0483,true,1.55863,309.529,198.59,kcat_div_KM,198.59042877398741,2.9787400000000002,325.89699999999999,109.408,kcat_div_KM,109.40766901441548,PASS_HEADER_DECLARED,ELIGIBLE,,,PASS_SUPPLIED,7a90eb7cf4e33c753179d975b3d81a19e394b89043cb30adc3e83a109eb93f96
2791,R246K,SINGLE,PRESENT,group_0484,true,,,,missing,,,,,missing,,PASS_HEADER_DECLARED,QUARANTINE,MISSING_REQUIRED_FIELD,,PASS_SUPPLIED,7a90eb7cf4e33c753179d975b3d81a19e394b89043cb30adc3e83a109eb93f96
2702,R246K,SINGLE,PRESENT,group_0485,true,,,,missing,,,,,missing,,PASS_HEADER_DECLARED,QUARANTINE,MISSING_REQUIRED_FIELD,,PASS_SUPPLIED,7a90eb7cf4e33c753179d975b3d81a19e394b89043cb30adc3e83a109eb93f96
2708,R246K,SINGLE,PRESENT,group_0486,true,,,,missing,,,,,missing,,PASS_HEADER_DECLARED,QUARANTINE,MISSING_REQUIRED_FIELD,,PASS_SUPPLIED,7a90eb7cf4e33c753179d975b3d81a19e394b89043cb30adc3e83a109eb93f96
2781,R246K,SINGLE,PRESENT,group_0487,true,,,,missing,,,,,missing,,PASS_HEADER_DECLARED,QUARANTINE,MISSING_REQUIRED_FIELD,,PASS_SUPPLIED,7a90eb7cf4e33c753179d975b3d81a19e394b89043cb30adc3e83a109eb93f96
2783,R246K,SINGLE,PRESENT,group_0481,true,,,,missing,,,,,missing,,PASS_HEADER_DECLARED,QUARANTINE,MISSING_REQUIRED_FIELD,,PASS_SUPPLIED,7a90eb7cf4e33c753179d975b3d81a19e394b89043cb30adc3e83a109eb93f96
2784,R246K,SINGLE,PRESENT,group_0488,true,,,,missing,,2.9787400000000002,325.89699999999999,109.408,kcat_div_KM,109.40766901441548,PASS_HEADER_DECLARED,QUARANTINE,MISSING_REQUIRED_FIELD,,PASS_SUPPLIED,7a90eb7cf4e33c753179d975b3d81a19e394b89043cb30adc3e83a109eb93f96
242,W247V,SINGLE,PLACEHOLDER_UNKNOWN,UNKNOWN,true,7.6207000000000003,4.2062099999999996,0.55194500000000002,kcat_div_KM,0.55194535935019085,2.90747,272.73599999999999,93.805099999999996,kcat_div_KM,93.805267122274685,PASS_HEADER_DECLARED,ELIGIBLE,,MISSING_REQUIRED_FIELD,PASS_SUPPLIED,ce94b00a68478cdcd3c2beb90030b9ce14c35f653be62f58c57d4500f44cb323
1138,F248N,SINGLE,PRESENT,group_0052,true,8.98977,8.1497600000000006,0.906559,kcat_div_KM,0.9065593446773389,4.3780099999999997,368.55900000000003,84.184100000000001,kcat_div_KM,84.184138455599708,PASS_HEADER_DECLARED,ELIGIBLE,,,PASS_SUPPLIED,cbb21c7763f59f255daba359726cf31a6028eb904ed7a0e10f81de09f7e45f96
69,A249E,SINGLE,PLACEHOLDER_UNKNOWN,UNKNOWN,false,,,,missing,,,,,missing,,PASS_HEADER_DECLARED,QUARANTINE,EXPRESSION_CONTRADICTION|MISSING_REQUIRED_FIELD,MISSING_REQUIRED_FIELD,PASS_SUPPLIED,7221823a1d860425725fe2d6493ac588fcebdedfd28ac2c3de169e7d4c614aad
3912,E250D,SINGLE,PRESENT,group_0025,true,2.7828300000000001,320.98500000000001,115.345,kcat_div_KM,115.34481085801144,2.94103,292.99200000000002,99.622100000000003,kcat_div_KM,99.622241187611152,PASS_HEADER_DECLARED,ELIGIBLE,,,PASS_SUPPLIED,2f56e75e14d98a07071e33135ad60dca0170498ebf7221b523b8b5e5a0407c8b
3566,E250D,SINGLE,PRESENT,group_0489,true,1.20743,729.53899999999999,604.20699999999999,kcat_div_KM,604.20811144331344,2.7378200000000001,1622.27,592.54100000000005,kcat_div_KM,592.54078062107806,PASS_HEADER_DECLARED,ELIGIBLE,,,PASS_SUPPLIED,2f56e75e14d98a07071e33135ad60dca0170498ebf7221b523b8b5e5a0407c8b
3577,E250D,SINGLE,PRESENT,group_0195,true,4.0351100000000004,903.31600000000003,223.864,kcat_div_KM,223.864033446424,2.53769,899.90899999999999,354.61799999999999,kcat_div_KM,354.61738825467256,PASS_HEADER_DECLARED,ELIGIBLE,,,PASS_SUPPLIED,2f56e75e14d98a07071e33135ad60dca0170498ebf7221b523b8b5e5a0407c8b
3682,P251T,SINGLE,PRESENT,group_0490,true,2.5144199999999999,155.31999999999999,61.771700000000003,kcat_div_KM,61.77170082961478,1.7705200000000001,253.89500000000001,143.40100000000001,kcat_div_KM,143.40137360775364,PASS_HEADER_DECLARED,ELIGIBLE,,,PASS_SUPPLIED,856f03cb88cfa6272914669974e6206a17ef5fd3cdd45a8164d4c11d94d24966
3672,P251G,SINGLE,PRESENT,group_0491,true,2.43466,206.06899999999999,84.639799999999994,kcat_div_KM,84.639744358555191,1.7705200000000001,253.89500000000001,143.40100000000001,kcat_div_KM,143.40137360775364,PASS_HEADER_DECLARED,ELIGIBLE,,,PASS_SUPPLIED,722f3df786f17e8a34d381797ff75817d567d61a672106db83782fbdf6aed8ec
3683,P251W,SINGLE,PRESENT,group_0203,true,1.4580200000000001,2.6240299999999999,1.79972,kcat_div_KM,1.7997215401709166,1.7705200000000001,253.89500000000001,143.40100000000001,kcat_div_KM,143.40137360775364,PASS_HEADER_DECLARED,ELIGIBLE,,,PASS_SUPPLIED,821f43151857f3e009022a7362af032ebb8fecfd4b46c0d4340b9f579592a699
3685,P251S,SINGLE,PRESENT,group_0492,true,3.34944,228.68700000000001,68.276200000000003,kcat_div_KM,68.276189452565205,3.0674399999999999,230.72999999999999,75.218900000000005,kcat_div_KM,75.219075189734767,PASS_HEADER_DECLARED,ELIGIBLE,,,PASS_SUPPLIED,b67625740aa473a0b5fb57f6c2d9a1ac22ad0403d701eb9cf8eaef9bcbcc894e
3662,P251L,SINGLE,PRESENT,group_0493,true,3.8014600000000001,56.742800000000003,14.926600000000001,kcat_div_KM,14.926580839993056,3.0674399999999999,230.72999999999999,75.218900000000005,kcat_div_KM,75.219075189734767,PASS_HEADER_DECLARED,ELIGIBLE,,,PASS_SUPPLIED,7aa1c6813c4973111f6015c3f2fbdf2cff58185eb8defa653a48601a59cf776d
3684,P251S,SINGLE,PRESENT,group_0494,true,2.34802,181.33799999999999,77.230199999999996,kcat_div_KM,77.230176915017751,2.1505800000000002,208.25700000000001,96.837800000000001,kcat_div_KM,96.837597299333197,PASS_HEADER_DECLARED,ELIGIBLE,,,PASS_SUPPLIED,b67625740aa473a0b5fb57f6c2d9a1ac22ad0403d701eb9cf8eaef9bcbcc894e
3686,P251F,SINGLE,PRESENT,group_0495,true,2.5883699999999998,8.5614699999999999,3.3076599999999998,kcat_div_KM,3.3076685327059114,3.0674399999999999,230.72999999999999,75.218900000000005,kcat_div_KM,75.219075189734767,PASS_HEADER_DECLARED,ELIGIBLE,,,PASS_SUPPLIED,cb0d0c18496719a25db99ad0758ab9e2a075831e6cc7bfb6385443f3cd6d81f9
3688,P251M,SINGLE,PRESENT,group_0496,true,2.4895399999999999,84.114199999999997,33.786999999999999,kcat_div_KM,33.78704499626437,2.1505800000000002,208.25700000000001,96.837800000000001,kcat_div_KM,96.837597299333197,PASS_HEADER_DECLARED,ELIGIBLE,,,PASS_SUPPLIED,5283985caa33a1e59da070167db92667d57fa3116cf9c155cf0ae85dd40e406e
3691,P251N,SINGLE,PRESENT,group_0198,true,1.6880599999999999,9.7601499999999994,5.7818699999999996,kcat_div_KM,5.7818738670426404,2.1505800000000002,208.25700000000001,96.837800000000001,kcat_div_KM,96.837597299333197,PASS_HEADER_DECLARED,ELIGIBLE,,,PASS_SUPPLIED,5bfc450683b27856111a3b5a57b08199bee74692a37638e3fe83ee2028dc9238
3693,P251S,SINGLE,PRESENT,group_0201,true,3.31853,206.56899999999999,62.246899999999997,kcat_div_KM,62.247139546727013,3.5247999999999999,247.92400000000001,70.337100000000007,kcat_div_KM,70.33704039945529,PASS_HEADER_DECLARED,ELIGIBLE,,,PASS_SUPPLIED,b67625740aa473a0b5fb57f6c2d9a1ac22ad0403d701eb9cf8eaef9bcbcc894e
3694,P251A,SINGLE,PRESENT,group_0497,true,2.3528099999999998,187.119,79.529899999999998,kcat_div_KM,79.53000879799049,3.5247999999999999,247.92400000000001,70.337100000000007,kcat_div_KM,70.33704039945529,PASS_HEADER_DECLARED,ELIGIBLE,,,PASS_SUPPLIED,b17e32974a087b1cf9c8c9f4d4c92e026350856048c926faa2c84ef596a9f149
3696,P251D,SINGLE,PRESENT,group_0498,true,2.7751100000000002,37.835599999999999,13.633900000000001,kcat_div_KM,13.633910007170886,3.5247999999999999,247.92400000000001,70.337100000000007,kcat_div_KM,70.33704039945529,PASS_HEADER_DECLARED,ELIGIBLE,,,PASS_SUPPLIED,5923fbb1610bf48a84bf51ba39d9a8956ab4be4b8344bfb54b123d2993a13cf3
1525,F253Y,SINGLE,PRESENT,group_0499,true,6.1351899999999997,271.23599999999999,44.209800000000001,kcat_div_KM,44.209877770696586,,,,missing,,PASS_HEADER_DECLARED,ELIGIBLE,,WT_BASELINE_GLOBAL_ONLY,PASS_SUPPLIED,bd8d79ad711a1571b3ce6c9fb0cecbd81400292186500bcd38b8ebcc19faaa46
1570,F253M,SINGLE,PRESENT,group_0044,true,,,,missing,,19.8444,395.30500000000001,19.920200000000001,kcat_div_KM,19.920229384612284,PASS_HEADER_DECLARED,QUARANTINE,MISSING_REQUIRED_FIELD,,PASS_SUPPLIED,53ba2676e22544aecbef7daef40b0c17ab7ca556f8f72291289ad953ed5563de
1578,F253H,SINGLE,PRESENT,group_0044,true,64.811400000000006,297.94200000000001,4.5970700000000004,kcat_div_KM,4.5970616280469176,19.8444,395.30500000000001,19.920200000000001,kcat_div_KM,19.920229384612284,PASS_HEADER_DECLARED,ELIGIBLE,,,PASS_SUPPLIED,abbe3e95c9b3ca8c3fe84e1e7fae3f78c862365e67c346b28ba7c60e12465ada
1580,F253I,SINGLE,PRESENT,group_0044,true,24.224299999999999,57.767899999999997,2.3847100000000001,kcat_div_KM,2.3847087428738911,19.8444,395.30500000000001,19.920200000000001,kcat_div_KM,19.920229384612284,PASS_HEADER_DECLARED,ELIGIBLE,,,PASS_SUPPLIED,8dadaa2675e0762d24e47aad76757f7168c684c952e60c807c4d887374e2e267
2040,F253M,SINGLE,PRESENT,group_0096,true,5.9852400000000001,448.46800000000002,74.929000000000002,kcat_div_KM,74.928991986954571,6.1248800000000001,366.73200000000003,59.875799999999998,kcat_div_KM,59.875785321508346,PASS_HEADER_DECLARED,ELIGIBLE,,,PASS_SUPPLIED,53ba2676e22544aecbef7daef40b0c17ab7ca556f8f72291289ad953ed5563de
2041,F253I,SINGLE,PRESENT,group_0096,true,5.6768999999999998,442.839,78.007199999999997,kcat_div_KM,78.007187021085457,6.1248800000000001,366.73200000000003,59.875799999999998,kcat_div_KM,59.875785321508346,PASS_HEADER_DECLARED,ELIGIBLE,,,PASS_SUPPLIED,8dadaa2675e0762d24e47aad76757f7168c684c952e60c807c4d887374e2e267
2611,F253I,SINGLE,PRESENT,group_0136,true,6.7915799999999997,446.71699999999998,65.775199999999998,kcat_div_KM,65.775121547563302,5.3585200000000004,282.41899999999998,52.704700000000003,kcat_div_KM,52.704664720855753,PASS_HEADER_DECLARED,ELIGIBLE,,,PASS_SUPPLIED,8dadaa2675e0762d24e47aad76757f7168c684c952e60c807c4d887374e2e267
3386,F253Y,SINGLE,PRESENT,group_0100,true,7.5940000000000003,279.88,36.855400000000003,kcat_div_KM,36.85541216750066,6.8379899999999996,363.51400000000001,53.161000000000001,kcat_div_KM,53.160943493628977,PASS_HEADER_DECLARED,ELIGIBLE,,,PASS_SUPPLIED,bd8d79ad711a1571b3ce6c9fb0cecbd81400292186500bcd38b8ebcc19faaa46
1778,D260E,SINGLE,PRESENT,group_0500,true,10.5562,1349.3800000000001,127.828,kcat_div_KM,127.82819575225935,4.1197999999999997,666.22500000000002,161.71299999999999,kcat_div_KM,161.71294723044809,PASS_HEADER_DECLARED,ELIGIBLE,,,PASS_SUPPLIED,ab0934c47f558215e621c2b021ed8e10b95896deedfc082e3b64fb3339a1e9a1
70,M261D,SINGLE,PLACEHOLDER_UNKNOWN,UNKNOWN,false,,,,missing,,,,,missing,,PASS_HEADER_DECLARED,QUARANTINE,EXPRESSION_CONTRADICTION|MISSING_REQUIRED_FIELD,MISSING_REQUIRED_FIELD,PASS_SUPPLIED,a7f946b7e770dd5c8fd3164c5d285c01f5b263ca790a7a65f6e4b822a38e6229
861,W264Y,SINGLE,PRESENT,group_0369,true,4.6574400000000002,24.380500000000001,5.2347400000000004,kcat_div_KM,5.2347426912638699,,,,missing,,PASS_HEADER_DECLARED,ELIGIBLE,,WT_BASELINE_GLOBAL_ONLY,PASS_SUPPLIED,4d336f24f216b334f9d2da3dd27650d3881c01549b99e7ce211e1d4f77744629
1147,W264H,SINGLE,PRESENT,group_0053,true,10.3668,123.965,11.957800000000001,kcat_div_KM,11.957884786047769,,,,missing,,PASS_HEADER_DECLARED,ELIGIBLE,,,PASS_SUPPLIED,00286d5ec86249132f985e5ca0f808e04aad398805ed93841e2ebc64a77dc61c
3414,W264H,SINGLE,PRESENT,group_0182,true,3.79013,252.006,66.490099999999998,kcat_div_KM,66.49006762301029,4.5095400000000003,167.941,37.241199999999999,kcat_div_KM,37.241270728278273,PASS_HEADER_DECLARED,ELIGIBLE,,,PASS_SUPPLIED,00286d5ec86249132f985e5ca0f808e04aad398805ed93841e2ebc64a77dc61c
4261,W264R,SINGLE,PRESENT,group_0501,true,5.4066460000000003,65.271349999999998,12.072430000000001,kcat_div_KM,12.072429006818645,5.3524700000000003,132.25200000000001,24.708500000000001,kcat_div_KM,24.708592481601954,PASS_HEADER_DECLARED,ELIGIBLE,,,PASS_SUPPLIED,179df9ce3300efcd58cd00c16374db05e6834a603fbf91e9025514a7744df2c2
4457,W264K,SINGLE,PRESENT,group_0012,true,1.0202659999999999,222.0916,217.68020000000001,kcat_div_KM,217.680095190862,3.7775300000000001,468.05900000000003,123.90600000000001,kcat_div_KM,123.90609737050401,PASS_HEADER_DECLARED,ELIGIBLE,,,PASS_SUPPLIED,467bad3e1efeb210e4ce80e41dbc525858857531a90ede9b3e805d9cf81f9bda
1229,Y265F,SINGLE,PRESENT,group_0058,true,11.193300000000001,5.5081800000000003,0.49209399999999998,kcat_div_KM,0.4920961646699365,3.0203199999999999,389.90100000000001,129.09299999999999,kcat_div_KM,129.09261270328972,PASS_HEADER_DECLARED,ELIGIBLE,,,PASS_SUPPLIED,81c6432a57747dba68d85a8324ed0865167f44117ffb521cf0bf51cd67a950ce
1132,T267E,SINGLE,PRESENT,group_0051,true,4.5830000000000002,422.50299999999999,92.188999999999993,kcat_div_KM,92.189177394719607,4.2211400000000001,295.59199999999998,70.026600000000002,kcat_div_KM,70.026580497211654,PASS_HEADER_DECLARED,ELIGIBLE,,,PASS_SUPPLIED,767b93a45f13d2f45e23f3c6081550dafaa14dea062232edb661cf38c4f68065
3913,Y268K,SINGLE,PRESENT,group_0025,true,2.2471000000000001,312.38900000000001,139.018,kcat_div_KM,139.01873525877798,2.94103,292.99200000000002,99.622100000000003,kcat_div_KM,99.622241187611152,PASS_HEADER_DECLARED,ELIGIBLE,,,PASS_SUPPLIED,0a33b7f4a2d3dc1f594eb04180ecbf1c076731878271ef5b8ab2fdb9a9510941
3568,Y268K,SINGLE,PRESENT,group_0194,true,3.03329,1237.5799999999999,407.99700000000001,kcat_div_KM,407.99923515390878,3.6019299999999999,1326.5899999999999,368.30000000000001,kcat_div_KM,368.29977262189993,PASS_HEADER_DECLARED,ELIGIBLE,,,PASS_SUPPLIED,0a33b7f4a2d3dc1f594eb04180ecbf1c076731878271ef5b8ab2fdb9a9510941
1517,L269I,SINGLE,PRESENT,group_0502,true,3.7715800000000002,176.87200000000001,46.895899999999997,kcat_div_KM,46.895995842591169,4.1164300000000003,162.31800000000001,39.431800000000003,kcat_div_KM,39.431740610188925,PASS_HEADER_DECLARED,ELIGIBLE,,,PASS_SUPPLIED,b8a3f0ef70d49537081ba172cf33aaf3f849ff54b02ead970953ad32542120d7
3914,L269V,SINGLE,PRESENT,group_0025,true,1.8961399999999999,312.649,164.887,kcat_div_KM,164.88708639657409,2.94103,292.99200000000002,99.622100000000003,kcat_div_KM,99.622241187611152,PASS_HEADER_DECLARED,ELIGIBLE,,,PASS_SUPPLIED,1a6d2c3b790e9c72262ac6ab0602b5a646410407d04e7ec87a0fd1e914deecaa
3549,L269V,SINGLE,PRESENT,group_0503,true,4.1673400000000003,898.72699999999998,215.66,kcat_div_KM,215.65962940388832,3.74858,1109.3299999999999,295.93299999999999,kcat_div_KM,295.93339344498446,PASS_HEADER_DECLARED,ELIGIBLE,,,PASS_SUPPLIED,1a6d2c3b790e9c72262ac6ab0602b5a646410407d04e7ec87a0fd1e914deecaa
3586,L269V,SINGLE,PRESENT,group_0264,true,,,,missing,,3.6019299999999999,1326.5899999999999,368.30000000000001,kcat_div_KM,368.29977262189993,PASS_HEADER_DECLARED,QUARANTINE,MISSING_REQUIRED_FIELD,,PASS_SUPPLIED,1a6d2c3b790e9c72262ac6ab0602b5a646410407d04e7ec87a0fd1e914deecaa
2564,N270W,SINGLE,PRESENT,group_0504,true,1.0156700000000001,448.60599999999999,441.68599999999998,kcat_div_KM,441.68479919658938,2.1197400000000002,387.53399999999999,182.822,kcat_div_KM,182.8214781058054,PASS_HEADER_DECLARED,ELIGIBLE,,,PASS_SUPPLIED,63fe836634c59b7027cfd7d316e17ebdef57806b032829ad2ed1a65621dd4c4b
2578,N270W,SINGLE,PRESENT,group_0505,true,2.3216600000000001,344.37200000000001,148.33000000000001,kcat_div_KM,148.33007417106725,3.2734100000000002,419.15100000000001,128.047,kcat_div_KM,128.047204597041,PASS_HEADER_DECLARED,ELIGIBLE,,,PASS_SUPPLIED,63fe836634c59b7027cfd7d316e17ebdef57806b032829ad2ed1a65621dd4c4b
2581,N270W,SINGLE,PRESENT,group_0506,true,4.1986699999999999,271.24799999999999,64.603200000000001,kcat_div_KM,64.603314859229229,3.6313499999999999,308.54899999999998,84.968199999999996,kcat_div_KM,84.968124802070847,PASS_HEADER_DECLARED,ELIGIBLE,,,PASS_SUPPLIED,63fe836634c59b7027cfd7d316e17ebdef57806b032829ad2ed1a65621dd4c4b
2704,N270W,SINGLE,PRESENT,group_0507,true,,,,missing,,2.1197400000000002,387.53399999999999,182.822,kcat_div_KM,182.8214781058054,PASS_HEADER_DECLARED,QUARANTINE,MISSING_REQUIRED_FIELD,,PASS_SUPPLIED,63fe836634c59b7027cfd7d316e17ebdef57806b032829ad2ed1a65621dd4c4b
2723,N270W,SINGLE,PRESENT,group_0508,true,,,,missing,,,,,missing,,PASS_HEADER_DECLARED,QUARANTINE,MISSING_REQUIRED_FIELD,,PASS_SUPPLIED,63fe836634c59b7027cfd7d316e17ebdef57806b032829ad2ed1a65621dd4c4b
2780,N270W,SINGLE,PRESENT,group_0509,true,,,,missing,,,,,missing,,PASS_HEADER_DECLARED,QUARANTINE,MISSING_REQUIRED_FIELD,,PASS_SUPPLIED,63fe836634c59b7027cfd7d316e17ebdef57806b032829ad2ed1a65621dd4c4b
3221,N270W,SINGLE,PRESENT,group_0100,true,5.6528999999999998,318.10000000000002,56.271999999999998,kcat_div_KM,56.27200198128395,6.3402599999999998,399.04500000000002,62.938200000000002,kcat_div_KM,62.938270670287977,PASS_HEADER_DECLARED,ELIGIBLE,,,PASS_SUPPLIED,63fe836634c59b7027cfd7d316e17ebdef57806b032829ad2ed1a65621dd4c4b
3915,N270G,SINGLE,PRESENT,group_0025,true,3.3955199999999999,228.84100000000001,67.394800000000004,kcat_div_KM,67.394979266798615,2.94103,292.99200000000002,99.622100000000003,kcat_div_KM,99.622241187611152,PASS_HEADER_DECLARED,ELIGIBLE,,,PASS_SUPPLIED,c8bd697ff4d09aa64c0252cfd4a4c17ee890539702258f4ae6534adabdfc2faa
3561,N270G,SINGLE,PRESENT,group_0510,true,11.699400000000001,1717.53,146.80500000000001,kcat_div_KM,146.8049643571465,3.2098399999999998,1319.6199999999999,411.11799999999999,kcat_div_KM,411.11706502504796,PASS_HEADER_DECLARED,ELIGIBLE,,,PASS_SUPPLIED,c8bd697ff4d09aa64c0252cfd4a4c17ee890539702258f4ae6534adabdfc2faa
3576,N270G,SINGLE,PRESENT,group_0511,true,2.5954000000000002,896.649,345.476,kcat_div_KM,345.47622717114893,3.16201,768.34699999999998,242.99299999999999,kcat_div_KM,242.99322266532997,PASS_HEADER_DECLARED,ELIGIBLE,,,PASS_SUPPLIED,c8bd697ff4d09aa64c0252cfd4a4c17ee890539702258f4ae6534adabdfc2faa
4358,N270W,SINGLE,PRESENT,group_0240,true,6.4325700000000001,367.18540000000002,57.082230000000003,kcat_div_KM,57.082223745719055,6.0263900000000001,373.20999999999998,61.929400000000001,kcat_div_KM,61.929281045534715,PASS_HEADER_DECLARED,ELIGIBLE,,,PASS_SUPPLIED,63fe836634c59b7027cfd7d316e17ebdef57806b032829ad2ed1a65621dd4c4b
3916,G271D,SINGLE,PRESENT,group_0025,true,3.8621799999999999,285.99400000000003,74.049800000000005,kcat_div_KM,74.049888922836331,2.94103,292.99200000000002,99.622100000000003,kcat_div_KM,99.622241187611152,PASS_HEADER_DECLARED,ELIGIBLE,,,PASS_SUPPLIED,7b4401166b0f6b26da83f8d50c5154482c5ab2d124ac58a206420921819db45d
3560,G271D,SINGLE,PRESENT,group_0512,true,2.4728300000000001,938.81500000000005,379.65199999999999,kcat_div_KM,379.65205857256666,1.9583600000000001,898.98000000000002,459.048,kcat_div_KM,459.04736616352454,PASS_HEADER_DECLARED,ELIGIBLE,,,PASS_SUPPLIED,7b4401166b0f6b26da83f8d50c5154482c5ab2d124ac58a206420921819db45d
3578,G271D,SINGLE,PRESENT,group_0513,true,1.2733300000000001,766.23000000000002,601.75199999999995,kcat_div_KM,601.75288416985381,1.6796599999999999,607.60699999999997,361.74400000000003,kcat_div_KM,361.74404343736234,PASS_HEADER_DECLARED,ELIGIBLE,,,PASS_SUPPLIED,7b4401166b0f6b26da83f8d50c5154482c5ab2d124ac58a206420921819db45d
3579,G271D,SINGLE,PRESENT,group_0514,true,0.48062300000000002,70.866500000000002,147.447,kcat_div_KM,147.44716753047607,1.6796599999999999,607.60699999999997,361.74400000000003,kcat_div_KM,361.74404343736234,PASS_HEADER_DECLARED,ELIGIBLE,,,PASS_SUPPLIED,7b4401166b0f6b26da83f8d50c5154482c5ab2d124ac58a206420921819db45d
3917,L272F,SINGLE,PRESENT,group_0025,true,10.9825,1.20339,0.109574,kcat_div_KM,0.10957341224675619,2.94103,292.99200000000002,99.622100000000003,kcat_div_KM,99.622241187611152,PASS_HEADER_DECLARED,ELIGIBLE,,,PASS_SUPPLIED,384f0b4ba55f11a49bce4242e246323869e89ffb29aa620cc1ed9d3cc5ba60f7
3556,L272F,SINGLE,PRESENT,group_0515,true,0.80135900000000004,2.4094699999999998,3.0067300000000001,kcat_div_KM,3.0067298177221442,3.74858,1109.3299999999999,295.93299999999999,kcat_div_KM,295.93339344498446,PASS_HEADER_DECLARED,ELIGIBLE,,,PASS_SUPPLIED,384f0b4ba55f11a49bce4242e246323869e89ffb29aa620cc1ed9d3cc5ba60f7
3267,F274N,SINGLE,PRESENT,group_0174,true,1.9649099999999999,156.52099999999999,79.657899999999998,kcat_div_KM,79.658101388867678,2.3786499999999999,223.28399999999999,93.870199999999997,kcat_div_KM,93.87005234061337,PASS_HEADER_DECLARED,ELIGIBLE,,,PASS_SUPPLIED,cf7d37ac634fa2004498294e2d8d63e4a71174dae0a8c1f3ab9cc0bf8e785d0b
4356,F274N,SINGLE,PRESENT,group_0240,true,4.8350010000000001,214.13059999999999,44.287599999999998,kcat_div_KM,44.287602008768971,6.0263900000000001,373.20999999999998,61.929400000000001,kcat_div_KM,61.929281045534715,PASS_HEADER_DECLARED,ELIGIBLE,,,PASS_SUPPLIED,cf7d37ac634fa2004498294e2d8d63e4a71174dae0a8c1f3ab9cc0bf8e785d0b
2078,Q276K,SINGLE,PRESENT,group_0516,true,3.4782099999999998,424.137,121.941,kcat_div_KM,121.94117088962427,3.72323,917.226,246.35300000000001,kcat_div_KM,246.35222642705392,PASS_HEADER_DECLARED,ELIGIBLE,,,PASS_SUPPLIED,b937e693d5e98886d559239f62394e10d5a31ac3d84b096c5b748e2a71476489
425,G278V,SINGLE,PRESENT,group_0517,true,5.1581999999999999,462.99400000000003,89.758899999999997,kcat_div_KM,89.75883059982165,,,,missing,,PASS_HEADER_DECLARED,ELIGIBLE,,WT_BASELINE_GLOBAL_ONLY,PASS_SUPPLIED,35b965ab5c12fd486a338a0cb135c738f7cf85bf2e67e8eaf5ec2a82d56a836d
224,M280I,SINGLE,PLACEHOLDER_UNKNOWN,UNKNOWN,true,5.7037500000000003,451.66000000000003,79.186499999999995,kcat_div_KM,79.18650010957704,6.2188800000000004,625.34699999999998,100.556,kcat_div_KM,100.55620947823401,PASS_HEADER_DECLARED,ELIGIBLE,,MISSING_REQUIRED_FIELD,PASS_SUPPLIED,34425e468006f8ab92161196276e6650eb97bdbef62b5630f773e6cc3f9c6861
146,D288E,SINGLE,PLACEHOLDER_UNKNOWN,UNKNOWN,true,5.3814099999999998,772.81200000000001,143.608,kcat_div_KM,143.60771619333968,5.7009299999999996,707.70399999999995,124.13800000000001,kcat_div_KM,124.13834234063565,PASS_HEADER_DECLARED,ELIGIBLE,,MISSING_REQUIRED_FIELD,PASS_SUPPLIED,93d1bae219512f0fc26e567bc8ef7e63b216b10f62438750726de8387bda61c2
3196,D288E,SINGLE,PRESENT,group_0168,true,3.1473900000000001,267.70100000000002,85.0548,kcat_div_KM,85.05491851978941,2.3860000000000001,227.845,95.492699999999999,kcat_div_KM,95.492455993294215,PASS_HEADER_DECLARED,ELIGIBLE,,,PASS_SUPPLIED,93d1bae219512f0fc26e567bc8ef7e63b216b10f62438750726de8387bda61c2
3706,F289A,SINGLE,PRESENT,group_0518,false,,,,missing,,,,,missing,,PASS_HEADER_DECLARED,QUARANTINE,EXPRESSION_CONTRADICTION|MISSING_REQUIRED_FIELD,,PASS_SUPPLIED,d7513ae53914a4e56357afdde8632d8a4e93190308cef9b038b9606a3d443336
3885,L290V,SINGLE,PRESENT,group_0206,true,3.6516600000000001,1461.28,400.16899999999998,kcat_div_KM,400.1686904038163,3.5194999999999999,1050.72,298.541,kcat_div_KM,298.54240659184546,PASS_HEADER_DECLARED,ELIGIBLE,,,PASS_SUPPLIED,54a24b275379631c7c77aba7dc804f84c238128bf7229153d096969eaa45a0d5
4331,L290V,SINGLE,PRESENT,group_0519,true,1.38707,882.43769999999995,636.18849999999998,kcat_div_KM,636.18829619269388,2.4898600000000002,1217.0699999999999,488.81,kcat_div_KM,488.81061585791969,PASS_HEADER_DECLARED,ELIGIBLE,,,PASS_SUPPLIED,54a24b275379631c7c77aba7dc804f84c238128bf7229153d096969eaa45a0d5
1723,N293A,SINGLE,PRESENT,group_0010,true,13.7811,7.8634000000000004,0.57059300000000002,kcat_div_KM,0.57059305860925469,5.7357100000000001,401.18000000000001,69.944299999999998,kcat_div_KM,69.944261477654905,PASS_HEADER_DECLARED,ELIGIBLE,,,PASS_SUPPLIED,359bc771c52f2cb3cab2da12332e3ebdd606989758695afe0cdd45c8485822d7
1746,N293H,SINGLE,PRESENT,group_0010,true,,,,missing,,6.7725,216.48699999999999,31.965699999999998,kcat_div_KM,31.965596160944997,PASS_HEADER_DECLARED,QUARANTINE,MISSING_REQUIRED_FIELD,,PASS_SUPPLIED,591115f0cddae56a946951fecf2246834f15ba0e4ae6d29e777a7c6d5f155b87
1752,N293M,SINGLE,PRESENT,group_0520,true,,,,missing,,,,,missing,,PASS_HEADER_DECLARED,QUARANTINE,MISSING_REQUIRED_FIELD,,PASS_SUPPLIED,f3c439e083176761b71e6b3620dbd95f2b49bdf85f72065e94cfa2f93a281cde
1109,N293Y,SINGLE,PRESENT,group_0048,true,48.849600000000002,0.64536300000000002,0.013211199999999999,kcat_div_KM,0.013211223838066227,5.9941199999999997,275.74000000000001,46.001800000000003,kcat_div_KM,46.00174838007915,PASS_HEADER_DECLARED,ELIGIBLE,,,PASS_SUPPLIED,c3d06dcbe610e3d899b1463460ab5bf77072f74d797f9b70c41d27bc488796a3
1198,N293S,SINGLE,PRESENT,group_0019,true,0.45470500000000003,2.2332900000000002,4.9115200000000003,kcat_div_KM,4.9115140585654435,6.5375300000000003,353.524,54.076099999999997,kcat_div_KM,54.076080721618098,PASS_HEADER_DECLARED,ELIGIBLE,,,PASS_SUPPLIED,e6f337937a26e73c25df7a799ab31a9b6b1397e814b14bfa958b55916666a512
260,N293G,SINGLE,PLACEHOLDER_UNKNOWN,UNKNOWN,true,24.316600000000001,1.26494,0.052019700000000002,kcat_div_KM,0.05201960800440851,3.2528199999999998,617.50400000000002,189.83699999999999,kcat_div_KM,189.83651108883984,PASS_HEADER_DECLARED,ELIGIBLE,,MISSING_REQUIRED_FIELD,PASS_SUPPLIED,5c1eec5a5a1cdfec469d3b378efe1dd25e69903f3a17c02284c651c9e8845256
625,N293V,SINGLE,PRESENT,group_0521,true,8.7185799999999993,0.12443700000000001,0.014272699999999999,kcat_div_KM,0.014272622376579674,,,,missing,,PASS_HEADER_DECLARED,ELIGIBLE,,WT_BASELINE_GLOBAL_ONLY,PASS_SUPPLIED,0de6a4ed23beaecb16667e8c535b2bcb49dbbceddcc11ac13c9d053ffc49033a
634,N293V,SINGLE,PRESENT,group_0522,true,4.8747699999999998,0.057260999999999999,0.011746400000000001,kcat_div_KM,0.011746400342990541,2.4726599999999999,333.904,135.03800000000001,kcat_div_KM,135.03837972062476,PASS_HEADER_DECLARED,ELIGIBLE,,,PASS_SUPPLIED,0de6a4ed23beaecb16667e8c535b2bcb49dbbceddcc11ac13c9d053ffc49033a
71,N293C,SINGLE,PLACEHOLDER_UNKNOWN,UNKNOWN,true,19.800000000000001,8.6592900000000004,0.43296400000000002,kcat_div_KM,0.43733787878787878,,,,missing,,PASS_HEADER_DECLARED,ELIGIBLE,,MISSING_REQUIRED_FIELD,PASS_SUPPLIED,00887b904d91372ffa04403dfa4ca4564295641f1f39d7932c4e6895602eb0c1
72,N293A,SINGLE,PLACEHOLDER_UNKNOWN,UNKNOWN,true,9.6699999999999999,10.8241,1.0824100000000001,kcat_div_KM,1.1193485005170631,,,,missing,,PASS_HEADER_DECLARED,ELIGIBLE,,MISSING_REQUIRED_FIELD,PASS_SUPPLIED,359bc771c52f2cb3cab2da12332e3ebdd606989758695afe0cdd45c8485822d7
73,N293Q,SINGLE,PLACEHOLDER_UNKNOWN,UNKNOWN,true,,,,missing,,,,,missing,,PASS_HEADER_DECLARED,QUARANTINE,MISSING_REQUIRED_FIELD,MISSING_REQUIRED_FIELD,PASS_SUPPLIED,3e730b07dfce85272744f3690bfea8b3d473d62926e391719d13d220275e6c11
74,N293D,SINGLE,PLACEHOLDER_UNKNOWN,UNKNOWN,false,,,,missing,,,,,missing,,PASS_HEADER_DECLARED,QUARANTINE,EXPRESSION_CONTRADICTION|MISSING_REQUIRED_FIELD,MISSING_REQUIRED_FIELD,PASS_SUPPLIED,1b80e1166b7973f7b34ed6bb4be20c448f75120a6c9fb06a457fab8c09aae352
75,N293K,SINGLE,PLACEHOLDER_UNKNOWN,UNKNOWN,false,,,,missing,,,,,missing,,PASS_HEADER_DECLARED,QUARANTINE,EXPRESSION_CONTRADICTION|MISSING_REQUIRED_FIELD,MISSING_REQUIRED_FIELD,PASS_SUPPLIED,46a819bf0504f80d39d3c673acdc359f25ec08972b222210357ddd324c475e17
163,N293R,SINGLE,PLACEHOLDER_UNKNOWN,UNKNOWN,true,0.69959800000000005,7.8723700000000001,11.252700000000001,kcat_div_KM,11.252705124943182,4.4234099999999996,666.71400000000006,150.72399999999999,kcat_div_KM,150.72398895874451,PASS_HEADER_DECLARED,ELIGIBLE,,MISSING_REQUIRED_FIELD,PASS_SUPPLIED,b52067b950cd68090fbd63ad02102b23dc663c2e27a020055256b451043257a5
196,N293G,SINGLE,PLACEHOLDER_UNKNOWN,UNKNOWN,true,23.712499999999999,0.88344299999999998,0.037256499999999998,kcat_div_KM,0.037256425935687933,6.6269799999999996,384.20299999999997,57.975499999999997,kcat_div_KM,57.975578619522011,PASS_HEADER_DECLARED,ELIGIBLE,,MISSING_REQUIRED_FIELD,PASS_SUPPLIED,5c1eec5a5a1cdfec469d3b378efe1dd25e69903f3a17c02284c651c9e8845256
2177,N293E,SINGLE,PRESENT,group_0523,true,,,,missing,,4.2319300000000002,137.404,32.468499999999999,kcat_div_KM,32.468400942359629,PASS_HEADER_DECLARED,QUARANTINE,MISSING_REQUIRED_FIELD,,PASS_SUPPLIED,25dc2495de8491930a4e29e0c87efce1e57c2c07acf13dfae8cbff74552fec35
2178,N293S,SINGLE,PRESENT,group_0524,true,3.7651500000000002,3.36469,0.89364100000000002,kcat_div_KM,0.89364035961382671,3.29555,149.316,45.308300000000003,kcat_div_KM,45.308370378237321,PASS_HEADER_DECLARED,ELIGIBLE,,,PASS_SUPPLIED,e6f337937a26e73c25df7a799ab31a9b6b1397e814b14bfa958b55916666a512
2179,N293T,SINGLE,PRESENT,group_0525,false,13.624700000000001,29.235499999999998,2.1457700000000002,kcat_div_KM,2.145772016998539,3.29555,149.316,45.308300000000003,kcat_div_KM,45.308370378237321,PASS_HEADER_DECLARED,QUARANTINE,EXPRESSION_CONTRADICTION,,PASS_SUPPLIED,861e4d4ba6443fc47decfa4fe0b2c205ce249d75cb28848c92adb417e663459d
2182,N293I,SINGLE,PRESENT,group_0526,true,1.4314800000000001,1.3180000000000001,0.92072799999999999,kcat_div_KM,0.92072540307933048,3.29555,149.316,45.308300000000003,kcat_div_KM,45.308370378237321,PASS_HEADER_DECLARED,ELIGIBLE,,,PASS_SUPPLIED,23e9c429efc73648706cab6f2669a90b9d5b1a8c192d5bd0e668fbd7996bead2
2183,N293F,SINGLE,PRESENT,group_0527,false,,,,missing,,4.2319300000000002,137.404,32.468499999999999,kcat_div_KM,32.468400942359629,PASS_HEADER_DECLARED,QUARANTINE,EXPRESSION_CONTRADICTION|MISSING_REQUIRED_FIELD,,PASS_SUPPLIED,55d06bbc4971e8efd1168d2a26f75c55a311df77b0afd9d6c045759a3a5287fb
2185,N293P,SINGLE,PRESENT,group_0528,false,,,,missing,,,,,missing,,PASS_HEADER_DECLARED,QUARANTINE,EXPRESSION_CONTRADICTION|MISSING_REQUIRED_FIELD,,PASS_SUPPLIED,db33fea128306635c7987a4ef2b0cf6bd1c9ca0f2c33b2cb19dc42709230abc1
2187,N293Y,SINGLE,PRESENT,group_0529,false,,,,missing,,4.2319300000000002,137.404,32.468499999999999,kcat_div_KM,32.468400942359629,PASS_HEADER_DECLARED,QUARANTINE,EXPRESSION_CONTRADICTION|MISSING_REQUIRED_FIELD,,PASS_SUPPLIED,c3d06dcbe610e3d899b1463460ab5bf77072f74d797f9b70c41d27bc488796a3
2193,N293W,SINGLE,PRESENT,group_0530,false,,,,missing,,4.2319300000000002,137.404,32.468499999999999,kcat_div_KM,32.468400942359629,PASS_HEADER_DECLARED,QUARANTINE,EXPRESSION_CONTRADICTION|MISSING_REQUIRED_FIELD,,PASS_SUPPLIED,586b33ac22ddec9b1c7e0fed3b1d7cf64d76b7ed9105c73629bd2725b4f905d2
2314,N293L,SINGLE,PRESENT,group_0531,false,,,,missing,,3.29555,149.316,45.308300000000003,kcat_div_KM,45.308370378237321,PASS_HEADER_DECLARED,QUARANTINE,EXPRESSION_CONTRADICTION|MISSING_REQUIRED_FIELD,,PASS_SUPPLIED,f4ddc62cfd2ae468ca13330b4f0ac5c8bf5f620cd496e72d7e05363469656c37
2492,N293W,SINGLE,PRESENT,group_0532,false,,,,missing,,4.2853199999999996,723.322,168.78999999999999,kcat_div_KM,168.79066207424418,PASS_HEADER_DECLARED,QUARANTINE,EXPRESSION_CONTRADICTION|MISSING_REQUIRED_FIELD,,PASS_SUPPLIED,586b33ac22ddec9b1c7e0fed3b1d7cf64d76b7ed9105c73629bd2725b4f905d2
3288,N293V,SINGLE,PRESENT,group_0138,true,2.1768800000000001,7.9445899999999998,3.64954,kcat_div_KM,3.6495305207452864,3.1236899999999999,264.13099999999997,84.557299999999998,kcat_div_KM,84.557366448015003,PASS_HEADER_DECLARED,ELIGIBLE,,,PASS_SUPPLIED,0de6a4ed23beaecb16667e8c535b2bcb49dbbceddcc11ac13c9d053ffc49033a
4434,N293R,SINGLE,PRESENT,group_0243,true,4.92516,1.86025,0.37770350000000003,kcat_div_KM,0.37770346547117251,7.8220200000000002,406.536,51.973199999999999,kcat_div_KM,51.973275445473163,PASS_HEADER_DECLARED,ELIGIBLE,,,PASS_SUPPLIED,b52067b950cd68090fbd63ad02102b23dc663c2e27a020055256b451043257a5
76,Y294A,SINGLE,PLACEHOLDER_UNKNOWN,UNKNOWN,true,4.9800000000000004,136.38399999999999,27.493200000000002,kcat_div_KM,27.386345381526098,,,,missing,,PASS_HEADER_DECLARED,ELIGIBLE,,MISSING_REQUIRED_FIELD,PASS_SUPPLIED,f42c5bf3dcb77f7cdf94a3db3e1dee0435874b9ac2debba8009584d8c8ab3527
77,Y294F,SINGLE,PLACEHOLDER_UNKNOWN,UNKNOWN,true,5.9900000000000002,601.82100000000003,100.44799999999999,kcat_div_KM,100.47095158597664,,,,missing,,PASS_HEADER_DECLARED,ELIGIBLE,,MISSING_REQUIRED_FIELD,PASS_SUPPLIED,4333ec5f124ba13c13454c512b14d9e785066a068ec6f9c3dd52ef6bc3a2314e
78,Y294L,SINGLE,PLACEHOLDER_UNKNOWN,UNKNOWN,false,,,,missing,,,,,missing,,PASS_HEADER_DECLARED,QUARANTINE,EXPRESSION_CONTRADICTION|MISSING_REQUIRED_FIELD,MISSING_REQUIRED_FIELD,PASS_SUPPLIED,5f2725ed6642a7da3adfc254a24534c52daa37df5f02d1db28a128dbac5914c1
2961,Y294H,SINGLE,PRESENT,group_0533,true,,,,missing,,3.7158899999999999,427.74799999999999,115.113,kcat_div_KM,115.11320302807673,PASS_HEADER_DECLARED,QUARANTINE,MISSING_REQUIRED_FIELD,,PASS_SUPPLIED,2c930284e40b47e2ffc0fb48aa3925f5a1a39775cd4095f221cb639c97d40094
424,Y295N,SINGLE,PRESENT,group_0089,true,18.925699999999999,140.32400000000001,7.4144899999999998,kcat_div_KM,7.4144681570562794,3.77976,339.44099999999997,89.804699999999997,kcat_div_KM,89.804908248142738,PASS_HEADER_DECLARED,ELIGIBLE,,,PASS_SUPPLIED,24e04b811fad2313f9181cff3609d8ba0de94b6ea86c94591807828d7d764010
79,Y295A,SINGLE,PLACEHOLDER_UNKNOWN,UNKNOWN,true,,,,missing,,,,,missing,,PASS_HEADER_DECLARED,QUARANTINE,MISSING_REQUIRED_FIELD,MISSING_REQUIRED_FIELD,PASS_SUPPLIED,7ac857c6ed4d249d7b6ee82a62867963e890b812876c62f63fd6a729bff5ac55
80,Y295G,SINGLE,PLACEHOLDER_UNKNOWN,UNKNOWN,true,,,,missing,,,,,missing,,PASS_HEADER_DECLARED,QUARANTINE,MISSING_REQUIRED_FIELD,MISSING_REQUIRED_FIELD,PASS_SUPPLIED,6a4a7107101fa52f9c965abbb1a8c4757c14f544b4cc4beae7ef42082f53b8de
2521,T296S,SINGLE,PRESENT,group_0012,true,3.90869,297.06200000000001,76.000200000000007,kcat_div_KM,76.00039911069949,4.0309900000000001,402.166,99.768699999999995,kcat_div_KM,99.768543211469137,PASS_HEADER_DECLARED,ELIGIBLE,,,PASS_SUPPLIED,12455c1504bdee92ca31764885a840ae15cc75cc3cbd322c0baff9e017ec2a4e
258,T296C,SINGLE,PLACEHOLDER_UNKNOWN,UNKNOWN,true,9.1839700000000004,71.255700000000004,7.7587000000000002,kcat_div_KM,7.7587034800854102,3.2528199999999998,617.50400000000002,189.83699999999999,kcat_div_KM,189.83651108883984,PASS_HEADER_DECLARED,ELIGIBLE,,MISSING_REQUIRED_FIELD,PASS_SUPPLIED,ef0d4be581453e94eb10f33d39b535b6320022b3f4caac0bc72addd334feafc8
81,T296A,SINGLE,PLACEHOLDER_UNKNOWN,UNKNOWN,false,,,,missing,,,,,missing,,PASS_HEADER_DECLARED,QUARANTINE,EXPRESSION_CONTRADICTION|MISSING_REQUIRED_FIELD,MISSING_REQUIRED_FIELD,PASS_SUPPLIED,6a140f239f8279c0c020d7f59c822bee0fcf8c2d3ec752919aaa442612095f1e
82,T296E,SINGLE,PLACEHOLDER_UNKNOWN,UNKNOWN,false,,,,missing,,,,,missing,,PASS_HEADER_DECLARED,QUARANTINE,EXPRESSION_CONTRADICTION|MISSING_REQUIRED_FIELD,MISSING_REQUIRED_FIELD,PASS_SUPPLIED,23d5a81c02eb1a886a0aa4a70c81e1e99526cb6c0d99ba7a0cd55c4a78ac5106
141,T296H,SINGLE,PLACEHOLDER_UNKNOWN,UNKNOWN,true,8.2308299999999992,101.49299999999999,12.3308,kcat_div_KM,12.330834192906426,5.7009299999999996,707.70399999999995,124.13800000000001,kcat_div_KM,124.13834234063565,PASS_HEADER_DECLARED,ELIGIBLE,,MISSING_REQUIRED_FIELD,PASS_SUPPLIED,1d38a91e701bf8ac95ba389cbc982203cade33fa97750e9548a00b677a27cd4e
182,T296A,SINGLE,PLACEHOLDER_UNKNOWN,UNKNOWN,true,47.089700000000001,0.61096399999999995,0.0129745,kcat_div_KM,0.012974472124477327,4.4234099999999996,666.71400000000006,150.72399999999999,kcat_div_KM,150.72398895874451,PASS_HEADER_DECLARED,ELIGIBLE,,MISSING_REQUIRED_FIELD,PASS_SUPPLIED,6a140f239f8279c0c020d7f59c822bee0fcf8c2d3ec752919aaa442612095f1e
186,T296C,SINGLE,PLACEHOLDER_UNKNOWN,UNKNOWN,true,12.1167,425.25,35.096200000000003,kcat_div_KM,35.096189556562429,6.6269799999999996,384.20299999999997,57.975499999999997,kcat_div_KM,57.975578619522011,PASS_HEADER_DECLARED,ELIGIBLE,,MISSING_REQUIRED_FIELD,PASS_SUPPLIED,ef0d4be581453e94eb10f33d39b535b6320022b3f4caac0bc72addd334feafc8
2046,T296Y,SINGLE,PRESENT,group_0096,true,5.9471400000000001,497.16300000000001,83.596999999999994,kcat_div_KM,83.596989477294969,6.1248800000000001,366.73200000000003,59.875799999999998,kcat_div_KM,59.875785321508346,PASS_HEADER_DECLARED,ELIGIBLE,,,PASS_SUPPLIED,10ba75ac7312c4170a8b3b31ce839d8500b48660ce70404491662dd0a1158a97
3081,T296F,SINGLE,PRESENT,group_0159,true,0.84177000000000002,226.69,269.30099999999999,kcat_div_KM,269.30159069579577,3.39683,604.26499999999999,177.89099999999999,kcat_div_KM,177.89085706379183,PASS_HEADER_DECLARED,ELIGIBLE,,,PASS_SUPPLIED,c9edc0bb6fff6354c4c31d02df45e299fe68be703dda634e9ec5f37ca092c089
3083,T296W,SINGLE,PRESENT,group_0159,true,0.660547,2.9628100000000002,4.4853800000000001,kcat_div_KM,4.4853886248821055,3.39683,604.26499999999999,177.89099999999999,kcat_div_KM,177.89085706379183,PASS_HEADER_DECLARED,ELIGIBLE,,,PASS_SUPPLIED,157747259225f56b5b1c6077136276e59c292525125d4518daac7630ffe320cd
3119,T296R,SINGLE,PRESENT,group_0534,true,1.26875,780.71600000000001,615.34199999999998,kcat_div_KM,615.34266009852217,1.5535600000000001,1355.71,872.649,kcat_div_KM,872.64733901490774,PASS_HEADER_DECLARED,ELIGIBLE,,,PASS_SUPPLIED,bcdf6f9a8569d6df044cc9ec628331da6889247abacc47cec4e38b7880c3809e
4475,T296S,SINGLE,PRESENT,group_0239,true,8.6527499999999993,202.41480000000001,23.39312,kcat_div_KM,23.393117794920695,3.58155,223.655,62.446199999999997,kcat_div_KM,62.446426826374058,PASS_HEADER_DECLARED,ELIGIBLE,,,PASS_SUPPLIED,12455c1504bdee92ca31764885a840ae15cc75cc3cbd322c0baff9e017ec2a4e
3115,R297A,SINGLE,PRESENT,group_0535,true,2.3643100000000001,52.1753,22.067799999999998,kcat_div_KM,22.067876039944,2.2602899999999999,1091.99,483.12,kcat_div_KM,483.11942272894186,PASS_HEADER_DECLARED,ELIGIBLE,,,PASS_SUPPLIED,b691b5351fbac0107c8749474b33bdba72f1e1d2176782c4a09bedce01bdd1b2
4357,R297S,SINGLE,PRESENT,group_0240,true,3.1573030000000002,57.958260000000003,18.35689,kcat_div_KM,18.35688877500829,6.0263900000000001,373.20999999999998,61.929400000000001,kcat_div_KM,61.929281045534715,PASS_HEADER_DECLARED,ELIGIBLE,,,PASS_SUPPLIED,48c930caaa37f18abd75d943470635b5057fea9d4e651edbf479c83b743492f3
312,S298T,SINGLE,PRESENT,group_0054,true,3.3386300000000002,766.11599999999999,229.471,kcat_div_KM,229.47017189685587,3.69299,401.024,108.59099999999999,kcat_div_KM,108.59060002870304,PASS_HEADER_DECLARED,ELIGIBLE,,,PASS_SUPPLIED,83c91853579ec7f868f832a1c57837c25e2d3ff87c1d0f1efe15feab57c61737
321,S298R,SINGLE,PRESENT,group_0536,true,2.5595300000000001,435.18900000000002,170.02699999999999,kcat_div_KM,170.02691900466101,,,,missing,,PASS_HEADER_DECLARED,ELIGIBLE,,WT_BASELINE_GLOBAL_ONLY,PASS_SUPPLIED,d9c0a89b8e0624a2c05dee4a02a7a665b4f9964306454b21acc7e399f6cf8549
83,S298E,SINGLE,PLACEHOLDER_UNKNOWN,UNKNOWN,true,5.2800000000000002,662.43600000000004,125.56,kcat_div_KM,125.46136363636364,,,,missing,,PASS_HEADER_DECLARED,ELIGIBLE,,MISSING_REQUIRED_FIELD,PASS_SUPPLIED,00ff737fa81521636267f95aab9fc9933664066cb18edadcb33d0f3500997a8c
1038,I299R,SINGLE,PRESENT,group_0046,true,3.47817,263.76999999999998,75.835700000000003,kcat_div_KM,75.835856211743533,,,,missing,,PASS_HEADER_DECLARED,ELIGIBLE,,,PASS_SUPPLIED,5957960c618ae2cb9b7a3637b3ee86982dbd8c9862483c8dfd3fc4ba6f9ac110
1070,I299R,SINGLE,PRESENT,group_0046,true,3.47817,263.76999999999998,75.835700000000003,kcat_div_KM,75.835856211743533,6.7563000000000004,453.73700000000002,67.157600000000002,kcat_div_KM,67.157615854831789,PASS_HEADER_DECLARED,ELIGIBLE,,,PASS_SUPPLIED,5957960c618ae2cb9b7a3637b3ee86982dbd8c9862483c8dfd3fc4ba6f9ac110
84,I300N,SINGLE,PLACEHOLDER_UNKNOWN,UNKNOWN,true,4.4800000000000004,569.34799999999996,127.075,kcat_div_KM,127.08660714285712,,,,missing,,PASS_HEADER_DECLARED,ELIGIBLE,,MISSING_REQUIRED_FIELD,PASS_SUPPLIED,c1cde847c1113db3f917f17da4175f8a15174a55b57bb5e8723d33137a5cceba
1334,S302Y,SINGLE,PRESENT,group_0537,true,5.5260600000000002,153.316,27.744199999999999,kcat_div_KM,27.744179397255909,5.1499600000000001,182.22399999999999,35.383499999999998,kcat_div_KM,35.383575794763452,PASS_HEADER_DECLARED,ELIGIBLE,,,PASS_SUPPLIED,4ec38f23fd49258f8c666d60140a3b062bf47c5db977c1a82cbd8f03954c61fc
1345,S302F,SINGLE,PRESENT,group_0538,true,5.0080900000000002,142.62899999999999,28.479600000000001,kcat_div_KM,28.479719813342008,5.1499600000000001,182.22399999999999,35.383499999999998,kcat_div_KM,35.383575794763452,PASS_HEADER_DECLARED,ELIGIBLE,,,PASS_SUPPLIED,ce96f78a455f6eb3a614be17ccd8cde434909f1cd1e2d9bbe87e0f0af22dcd3b
1346,S302D,SINGLE,PRESENT,group_0539,true,14.891500000000001,74.581699999999998,5.0083399999999996,kcat_div_KM,5.0083403283752475,5.1499600000000001,182.22399999999999,35.383499999999998,kcat_div_KM,35.383575794763452,PASS_HEADER_DECLARED,ELIGIBLE,,,PASS_SUPPLIED,670add1af03966cdaa7997f0eac1959f2e581e40ae7a75a7cf647f42bc027e59
1347,S302K,SINGLE,PRESENT,group_0540,true,5.7236500000000001,197.79499999999999,34.557499999999997,kcat_div_KM,34.557493906860131,5.5092499999999998,173.524,31.4968,kcat_div_KM,31.496846213186913,PASS_HEADER_DECLARED,ELIGIBLE,,,PASS_SUPPLIED,eb91bd414cca7662d48bb3352edf49098a875c5bae65e40fdb1d2ed2ab0d5ed0
1348,S302F,SINGLE,PRESENT,group_0541,true,2.5802200000000002,107.126,41.5184,kcat_div_KM,41.518165117703141,5.1499600000000001,182.22399999999999,35.383499999999998,kcat_div_KM,35.383575794763452,PASS_HEADER_DECLARED,ELIGIBLE,,,PASS_SUPPLIED,ce96f78a455f6eb3a614be17ccd8cde434909f1cd1e2d9bbe87e0f0af22dcd3b
1351,S302W,SINGLE,PRESENT,group_0542,true,4.4882900000000001,248.42500000000001,55.349699999999999,kcat_div_KM,55.349587482092289,5.1499600000000001,182.22399999999999,35.383499999999998,kcat_div_KM,35.383575794763452,PASS_HEADER_DECLARED,ELIGIBLE,,,PASS_SUPPLIED,67c2b5cdc8a94ff820f4ab89d90166871fca32cb46f805f231224b2aad639c9d
1358,S302W,SINGLE,PRESENT,group_0543,true,6.3334900000000003,137.792,21.7561,kcat_div_KM,21.756093401900056,5.1499600000000001,182.22399999999999,35.383499999999998,kcat_div_KM,35.383575794763452,PASS_HEADER_DECLARED,ELIGIBLE,,,PASS_SUPPLIED,67c2b5cdc8a94ff820f4ab89d90166871fca32cb46f805f231224b2aad639c9d
259,S302H,SINGLE,PLACEHOLDER_UNKNOWN,UNKNOWN,true,3.3787799999999999,625.69200000000001,185.18299999999999,kcat_div_KM,185.18281746665957,3.2528199999999998,617.50400000000002,189.83699999999999,kcat_div_KM,189.83651108883984,PASS_HEADER_DECLARED,ELIGIBLE,,MISSING_REQUIRED_FIELD,PASS_SUPPLIED,2972f5909d5d532f25d80e6940005334b6c5796342eb830fbb3664b771fd8838
135,S302N,SINGLE,PLACEHOLDER_UNKNOWN,UNKNOWN,true,5.4346699999999997,718.66399999999999,132.23699999999999,kcat_div_KM,132.23691594889846,5.7009299999999996,707.70399999999995,124.13800000000001,kcat_div_KM,124.13834234063565,PASS_HEADER_DECLARED,ELIGIBLE,,MISSING_REQUIRED_FIELD,PASS_SUPPLIED,839f16ab85fd327703a56ba7dad7e4827241ba998fe2aef1c816a8111bdf82e4
189,S302H,SINGLE,PLACEHOLDER_UNKNOWN,UNKNOWN,true,6.24498,511.00099999999998,81.825900000000004,kcat_div_KM,81.825882548863248,6.6269799999999996,384.20299999999997,57.975499999999997,kcat_div_KM,57.975578619522011,PASS_HEADER_DECLARED,ELIGIBLE,,MISSING_REQUIRED_FIELD,PASS_SUPPLIED,2972f5909d5d532f25d80e6940005334b6c5796342eb830fbb3664b771fd8838
3360,S302A,SINGLE,PRESENT,group_0025,true,4.8026900000000001,306.608,63.841000000000001,kcat_div_KM,63.840889168361898,4.10053,277.24700000000001,67.6126,kcat_div_KM,67.612479362423883,PASS_HEADER_DECLARED,ELIGIBLE,,,PASS_SUPPLIED,0d18b34991c3b287cc506f2374aa11c322b7917fe44295a6d5057a15eb5e9832
3368,S302A,SINGLE,PRESENT,group_0025,true,4.84788,352.53699999999998,72.719800000000006,kcat_div_KM,72.719828048549047,5.0617999999999999,336.38900000000001,66.456500000000005,kcat_div_KM,66.45639890947885,PASS_HEADER_DECLARED,ELIGIBLE,,,PASS_SUPPLIED,0d18b34991c3b287cc506f2374aa11c322b7917fe44295a6d5057a15eb5e9832
3918,T303K,SINGLE,PRESENT,group_0025,true,1.92109,252.44999999999999,131.41,kcat_div_KM,131.40977257702659,2.94103,292.99200000000002,99.622100000000003,kcat_div_KM,99.622241187611152,PASS_HEADER_DECLARED,ELIGIBLE,,,PASS_SUPPLIED,ba6398c8a0ff61d4ad598cfae888d39f72894982565ccea6d2d09e7048302003
3569,T303K,SINGLE,PRESENT,group_0193,true,3.4466700000000001,865.01900000000001,250.97300000000001,kcat_div_KM,250.97238784101756,3.16201,768.34699999999998,242.99299999999999,kcat_div_KM,242.99322266532997,PASS_HEADER_DECLARED,ELIGIBLE,,,PASS_SUPPLIED,ba6398c8a0ff61d4ad598cfae888d39f72894982565ccea6d2d09e7048302003
4216,N304H,SINGLE,PRESENT,group_0230,true,6.7313239999999999,595.93039999999996,88.530940000000001,kcat_div_KM,88.530933884626563,6.8648999999999996,539.78800000000001,78.630099999999999,kcat_div_KM,78.630132995382311,PASS_HEADER_DECLARED,ELIGIBLE,,ID_JOIN_MISSING,PASS_REGENERATED,d0863ba7e37b9a373513bdf58d0ecf804fbe66ee7be2d9688f395a676cedd776
4373,N304H,SINGLE,PRESENT,group_0230,true,1.16676,214.33779999999999,183.70339999999999,kcat_div_KM,183.70341801227329,1.0908,155.482,142.53999999999999,kcat_div_KM,142.53942060872754,PASS_HEADER_DECLARED,ELIGIBLE,,ID_JOIN_MISSING,PASS_REGENERATED,d0863ba7e37b9a373513bdf58d0ecf804fbe66ee7be2d9688f395a676cedd776
4376,N304H,SINGLE,PRESENT,group_0241,true,4.9914630000000004,444.71690000000001,89.095489999999998,kcat_div_KM,89.095501659533483,3.9591699999999999,351.77999999999997,88.852000000000004,kcat_div_KM,88.851956344385314,PASS_HEADER_DECLARED,ELIGIBLE,,,PASS_SUPPLIED,d0863ba7e37b9a373513bdf58d0ecf804fbe66ee7be2d9688f395a676cedd776
1713,A306S,SINGLE,PRESENT,group_0010,true,11.2575,405.89499999999998,36.055500000000002,kcat_div_KM,36.055518543193422,5.7357100000000001,401.18000000000001,69.944299999999998,kcat_div_KM,69.944261477654905,PASS_HEADER_DECLARED,ELIGIBLE,,,PASS_SUPPLIED,72ce43f9aa36545a8ea00569f23b30edc1c9393d23875de01ad2c9344722f11a
685,A306Q,SINGLE,PRESENT,group_0064,true,3.74701,587.78599999999994,156.86799999999999,kcat_div_KM,156.86800942618245,4.7449399999999997,698.03899999999999,147.11199999999999,kcat_div_KM,147.11229225237832,PASS_HEADER_DECLARED,ELIGIBLE,,,PASS_SUPPLIED,83515f9baabce9fac2b38a0fb47f25181a57c58099424b787cd542df787f049a
698,A306Q,SINGLE,PRESENT,group_0544,true,3.74701,587.78599999999994,156.86799999999999,kcat_div_KM,156.86800942618245,4.7449399999999997,698.03899999999999,147.11199999999999,kcat_div_KM,147.11229225237832,PASS_HEADER_DECLARED,ELIGIBLE,,,PASS_SUPPLIED,83515f9baabce9fac2b38a0fb47f25181a57c58099424b787cd542df787f049a
2464,A306S,SINGLE,PRESENT,group_0545,true,7.7014800000000001,514.39999999999998,66.792299999999997,kcat_div_KM,66.792356793759112,5.3814299999999999,846.26499999999999,157.25700000000001,kcat_div_KM,157.25652846919871,PASS_HEADER_DECLARED,ELIGIBLE,,,PASS_SUPPLIED,72ce43f9aa36545a8ea00569f23b30edc1c9393d23875de01ad2c9344722f11a
2465,A306K,SINGLE,PRESENT,group_0546,true,4.7138,698.62800000000004,148.209,kcat_div_KM,148.20908820908821,4.6604200000000002,707.10400000000004,151.72499999999999,kcat_div_KM,151.72538097424695,PASS_HEADER_DECLARED,ELIGIBLE,,,PASS_SUPPLIED,1cd00bef30884421910407cb666f717a7f16c568f3dc566afc3dc288a1cc33de
3345,A306S,SINGLE,PRESENT,group_0100,true,7.0444599999999999,381.03399999999999,54.089799999999997,kcat_div_KM,54.089880558623371,6.7104600000000003,374.17700000000002,55.760300000000001,kcat_div_KM,55.760260846499349,PASS_HEADER_DECLARED,ELIGIBLE,,,PASS_SUPPLIED,72ce43f9aa36545a8ea00569f23b30edc1c9393d23875de01ad2c9344722f11a
3361,A306N,SINGLE,PRESENT,group_0025,true,4.8892100000000003,301.46199999999999,61.6586,kcat_div_KM,61.658631967127604,4.10053,277.24700000000001,67.6126,kcat_div_KM,67.612479362423883,PASS_HEADER_DECLARED,ELIGIBLE,,,PASS_SUPPLIED,5fff0132a78307ec87145ad301f2628d9dfd3a6bd6b38e3332e0c79f61a7cd99
3369,A306N,SINGLE,PRESENT,group_0025,true,5.0415299999999998,380.29000000000002,75.431299999999993,kcat_div_KM,75.431466241398951,5.0617999999999999,336.38900000000001,66.456500000000005,kcat_div_KM,66.45639890947885,PASS_HEADER_DECLARED,ELIGIBLE,,,PASS_SUPPLIED,5fff0132a78307ec87145ad301f2628d9dfd3a6bd6b38e3332e0c79f61a7cd99
3446,A306S,SINGLE,PRESENT,group_0185,true,1.7235400000000001,643.62199999999996,373.43000000000001,kcat_div_KM,373.43026561611561,2.3753500000000001,215.471,90.711200000000005,kcat_div_KM,90.711263603258459,PASS_HEADER_DECLARED,ELIGIBLE,,,PASS_SUPPLIED,72ce43f9aa36545a8ea00569f23b30edc1c9393d23875de01ad2c9344722f11a
1105,V311D,SINGLE,PRESENT,group_0052,true,6.8385800000000003,294.98399999999998,43.135300000000001,kcat_div_KM,43.135270772587283,3.2155399999999998,636.54600000000005,197.96000000000001,kcat_div_KM,197.95928522114485,PASS_HEADER_DECLARED,ELIGIBLE,,,PASS_SUPPLIED,98acc620a4d495bb9d7d080b368f6cf8f12177d616d998a7455a0f1fa79fd835
3734,E312V,SINGLE,PRESENT,group_0547,true,3.5458500000000002,834.09299999999996,235.23099999999999,kcat_div_KM,235.23076272261937,3.9996700000000001,264.63600000000002,66.164400000000001,kcat_div_KM,66.164458567831858,PASS_HEADER_DECLARED,ELIGIBLE,,,PASS_SUPPLIED,cb3350efb552454ab13889868867d8b0efabb26c420d9ea8f29d2a31bf2d39a3
3754,E312V,SINGLE,PRESENT,group_0548,true,2.7263799999999998,886.572,325.18299999999999,kcat_div_KM,325.18284318400225,3.9996700000000001,264.63600000000002,66.164400000000001,kcat_div_KM,66.164458567831858,PASS_HEADER_DECLARED,ELIGIBLE,,,PASS_SUPPLIED,cb3350efb552454ab13889868867d8b0efabb26c420d9ea8f29d2a31bf2d39a3
3755,E312V,SINGLE,PRESENT,group_0549,true,3.83744,1154.6600000000001,300.89299999999997,kcat_div_KM,300.89330386924621,3.9996700000000001,264.63600000000002,66.164400000000001,kcat_div_KM,66.164458567831858,PASS_HEADER_DECLARED,ELIGIBLE,,ID_JOIN_MISSING,PASS_REGENERATED,cb3350efb552454ab13889868867d8b0efabb26c420d9ea8f29d2a31bf2d39a3
810,Q313P,SINGLE,PRESENT,group_0035,true,3.4793799999999999,126.706,36.416200000000003,kcat_div_KM,36.416258068966314,2.4080599999999999,246.517,102.372,kcat_div_KM,102.3716186473759,PASS_HEADER_DECLARED,ELIGIBLE,,,PASS_SUPPLIED,467cb46c9c7d088ebae7d9f86fa47d8505d5eee652c512e398af3887659f347f
874,Q313C,SINGLE,PRESENT,group_0046,true,4.7190500000000002,164.28399999999999,34.813000000000002,kcat_div_KM,34.812939044934886,,,,missing,,PASS_HEADER_DECLARED,ELIGIBLE,,,PASS_SUPPLIED,1f9367ca8fce69f360ef7f2dd434f48321eeb5d2c5122d10fc6c5bcaca5df1fd
1050,Q313C,SINGLE,PRESENT,group_0046,true,6.3697900000000001,405.68200000000002,63.688499999999998,kcat_div_KM,63.688441848161403,6.7563000000000004,453.73700000000002,67.157600000000002,kcat_div_KM,67.157615854831789,PASS_HEADER_DECLARED,ELIGIBLE,,,PASS_SUPPLIED,1f9367ca8fce69f360ef7f2dd434f48321eeb5d2c5122d10fc6c5bcaca5df1fd
1165,Q313E,SINGLE,PRESENT,group_0057,true,6.76328,413.83100000000002,61.187899999999999,kcat_div_KM,61.187914739593808,3.0653800000000002,388.21499999999997,126.645,kcat_div_KM,126.64498365618617,PASS_HEADER_DECLARED,ELIGIBLE,,,PASS_SUPPLIED,93b600201901db60be1b9d050e2ed72004506493c3b5e194ba20f09de6c42175
1174,Q313L,SINGLE,PRESENT,group_0057,true,3.5759300000000001,363.54599999999999,101.66500000000001,kcat_div_KM,101.66474175948633,3.0653800000000002,388.21499999999997,126.645,kcat_div_KM,126.64498365618617,PASS_HEADER_DECLARED,ELIGIBLE,,,PASS_SUPPLIED,501f4b4eae72c3fb832a34b97d969cdde43af2870c2af8967280cc306198f36e
1176,Q313A,SINGLE,PRESENT,group_0056,true,4.4527999999999999,603.32399999999996,135.49299999999999,kcat_div_KM,135.49317283507006,5.91716,424.435,71.729500000000002,kcat_div_KM,71.729512130819515,PASS_HEADER_DECLARED,ELIGIBLE,,,PASS_SUPPLIED,ad242dc611706dc068ec07bcf48d1a10ffeeee47e925f8abbd2f5e5b0eccf5fe
85,Q313R,SINGLE,PLACEHOLDER_UNKNOWN,UNKNOWN,true,3.5800000000000001,565.01900000000001,157.816,kcat_div_KM,157.82653631284916,,,,missing,,PASS_HEADER_DECLARED,ELIGIBLE,,MISSING_REQUIRED_FIELD,PASS_SUPPLIED,a83de5dce8605a3ad9088280f69f3d50096155615420d74d40cd82c3fe67ea2e
151,Q313V,SINGLE,PLACEHOLDER_UNKNOWN,UNKNOWN,true,8.7716600000000007,900.23800000000006,102.63,kcat_div_KM,102.6302889076868,5.7009299999999996,707.70399999999995,124.13800000000001,kcat_div_KM,124.13834234063565,PASS_HEADER_DECLARED,ELIGIBLE,,MISSING_REQUIRED_FIELD,PASS_SUPPLIED,1c2b5b47b508e7d4203618a0e81e4cb812af415d368b9f2752b53f9ddfa9c0c8
165,Q313N,SINGLE,PLACEHOLDER_UNKNOWN,UNKNOWN,true,6.1397000000000004,291.13600000000002,47.418599999999998,kcat_div_KM,47.418603514829712,4.4234099999999996,666.71400000000006,150.72399999999999,kcat_div_KM,150.72398895874451,PASS_HEADER_DECLARED,ELIGIBLE,,MISSING_REQUIRED_FIELD,PASS_SUPPLIED,ba25090c8e2e5b8c9ae4c820e57c7d9b2778840f7afa65792808abf9e32da2ed
3620,V314L,SINGLE,PRESENT,group_0550,true,0.96727799999999997,155.92500000000001,161.19999999999999,kcat_div_KM,161.1997791741361,3.3944899999999998,91.794600000000003,27.042300000000001,kcat_div_KM,27.042236094376477,PASS_HEADER_DECLARED,ELIGIBLE,,,PASS_SUPPLIED,fd31bf8f67dc9a52ea04df6587f5cf0c21607c6ce88c9a53c601e3efde76a716
3657,V314H,SINGLE,PRESENT,group_0551,true,3.4299300000000001,227.489,66.3249,kcat_div_KM,66.324677180000762,5.1604599999999996,262.65199999999999,50.896999999999998,kcat_div_KM,50.897013056975545,PASS_HEADER_DECLARED,ELIGIBLE,,,PASS_SUPPLIED,503ebe23a99f9f45682340cbf42350fc6ad16b980c44e1a87a75767cea409502
3656,V314E,SINGLE,PRESENT,group_0552,true,2.4215599999999999,125.95,52.011800000000001,kcat_div_KM,52.011926196336248,2.7087699999999999,455.38200000000001,168.114,kcat_div_KM,168.11394101381808,PASS_HEADER_DECLARED,ELIGIBLE,,,PASS_SUPPLIED,227959a1642cba87b465f6b6f87a14c8bce5ab3e76bb7a97bfe26d50705cf693
3651,V314A,SINGLE,PRESENT,group_0553,true,2.6351,182.316,69.187700000000007,kcat_div_KM,69.187507115479491,3.3944899999999998,91.794600000000003,27.042300000000001,kcat_div_KM,27.042236094376477,PASS_HEADER_DECLARED,ELIGIBLE,,,PASS_SUPPLIED,7e3be1f6bb80021c3a9ebe6f5ca0d704472629816401e70b106297b42097b41d
3633,V314D,SINGLE,PRESENT,group_0554,true,5.1356999999999999,126.244,24.581600000000002,kcat_div_KM,24.581653912806434,6.0720499999999999,192.874,31.764299999999999,kcat_div_KM,31.764231190454623,PASS_HEADER_DECLARED,ELIGIBLE,,,PASS_SUPPLIED,4fdfe4b66d1335f7c7cc726ef1d70bc75fb0789e37ce41427a1dc319b5a04c45
3652,V314K,SINGLE,PRESENT,group_0555,true,5.5535199999999998,269.09500000000003,48.454900000000002,kcat_div_KM,48.454853858453745,5.1604599999999996,262.65199999999999,50.896999999999998,kcat_div_KM,50.897013056975545,PASS_HEADER_DECLARED,ELIGIBLE,,,PASS_SUPPLIED,2f44ef37711832374aa043b4c497a6f9585992eb3b904db1138354ac58e33acc
3661,V314L,SINGLE,PRESENT,group_0556,true,2.6719300000000001,146.53700000000001,54.843000000000004,kcat_div_KM,54.843128375369112,2.7087699999999999,455.38200000000001,168.114,kcat_div_KM,168.11394101381808,PASS_HEADER_DECLARED,ELIGIBLE,,,PASS_SUPPLIED,fd31bf8f67dc9a52ea04df6587f5cf0c21607c6ce88c9a53c601e3efde76a716
3655,V314M,SINGLE,PRESENT,group_0557,true,6.7575200000000004,181.398,26.843900000000001,kcat_div_KM,26.843871716250931,6.0720499999999999,192.874,31.764299999999999,kcat_div_KM,31.764231190454623,PASS_HEADER_DECLARED,ELIGIBLE,,,PASS_SUPPLIED,0e0ee9bd2155e3739c34d71b24351f754822022d395a809389948c30a17100bc
3648,V314Q,SINGLE,PRESENT,group_0558,true,3.1627200000000002,165.61500000000001,52.364899999999999,kcat_div_KM,52.364736682349367,,,,missing,,PASS_HEADER_DECLARED,ELIGIBLE,,WT_BASELINE_GLOBAL_ONLY,PASS_SUPPLIED,b369c3569f6b0f8ee08c3b5cda263f1efb83b27418c8e8fbfc8f50e0d7038757
3654,V314F,SINGLE,PRESENT,group_0559,true,4.4728000000000003,210.13999999999999,46.981699999999996,kcat_div_KM,46.981756394204965,3.3944899999999998,91.794600000000003,27.042300000000001,kcat_div_KM,27.042236094376477,PASS_HEADER_DECLARED,ELIGIBLE,,,PASS_SUPPLIED,b3ae11aac279aff70d25c75ba0ebcbd17aceb2addbe1d6826cb49d2c6b561c61
3653,V314T,SINGLE,PRESENT,group_0560,true,3.4378700000000002,164.70099999999999,47.907800000000002,kcat_div_KM,47.907861553810932,5.1604599999999996,262.65199999999999,50.896999999999998,kcat_div_KM,50.897013056975545,PASS_HEADER_DECLARED,ELIGIBLE,,,PASS_SUPPLIED,9b229050fb500a58f6111ca595e32d0734ef04489fea4cc4bcb0d9302aae2c26
3658,V314W,SINGLE,PRESENT,group_0200,true,4.7551199999999998,168.14599999999999,35.360999999999997,kcat_div_KM,35.361042413230372,6.0720499999999999,192.874,31.764299999999999,kcat_div_KM,31.764231190454623,PASS_HEADER_DECLARED,ELIGIBLE,,,PASS_SUPPLIED,c5e283490c2be904cb3304955288ba046ca9ccc507f182f32054d16772f52ff5
2553,H315N,SINGLE,PRESENT,group_0561,true,1.5992599999999999,378.73000000000002,236.816,kcat_div_KM,236.8157772969999,1.54451,495.47800000000001,320.80000000000001,kcat_div_KM,320.79947685673773,PASS_HEADER_DECLARED,ELIGIBLE,,,PASS_SUPPLIED,b5053c0bce2a529ee36b3a1e74ce043047cf1268ac74aef7cccfcbda889fdaf7
2554,H315N,SINGLE,PRESENT,group_0562,true,1.9708600000000001,539.85699999999997,273.92000000000002,kcat_div_KM,273.91950722019828,1.54451,495.47800000000001,320.80000000000001,kcat_div_KM,320.79947685673773,PASS_HEADER_DECLARED,ELIGIBLE,,,PASS_SUPPLIED,b5053c0bce2a529ee36b3a1e74ce043047cf1268ac74aef7cccfcbda889fdaf7
2555,H315N,SINGLE,PRESENT,group_0563,true,0.78806799999999999,336.995,427.62200000000001,kcat_div_KM,427.62172807422712,1.54451,495.47800000000001,320.80000000000001,kcat_div_KM,320.79947685673773,PASS_HEADER_DECLARED,ELIGIBLE,,,PASS_SUPPLIED,b5053c0bce2a529ee36b3a1e74ce043047cf1268ac74aef7cccfcbda889fdaf7
1503,H315N,SINGLE,PRESENT,group_0564,true,4.2673500000000004,63.521999999999998,14.8856,kcat_div_KM,14.885584730570493,,,,missing,,PASS_HEADER_DECLARED,ELIGIBLE,,WT_BASELINE_GLOBAL_ONLY,PASS_SUPPLIED,b5053c0bce2a529ee36b3a1e74ce043047cf1268ac74aef7cccfcbda889fdaf7
344,H315D,SINGLE,PRESENT,group_0071,true,0.68328100000000003,897.03599999999994,1312.8399999999999,kcat_div_KM,1312.8361537932417,0.62509400000000004,375.44,600.61400000000003,kcat_div_KM,600.61366770437724,PASS_HEADER_DECLARED,ELIGIBLE,,,PASS_SUPPLIED,4c8c7c5e7bf51734dafb2840ea4670f4ac6fd6b215ec1acd3a18f8037480240e
86,H315E,SINGLE,PLACEHOLDER_UNKNOWN,UNKNOWN,true,,,,missing,,,,,missing,,PASS_HEADER_DECLARED,QUARANTINE,MISSING_REQUIRED_FIELD,MISSING_REQUIRED_FIELD,PASS_SUPPLIED,2b6324309e1dc6ef4b51dfcf027a8763d69e76ff31766c21462ae17678854863
87,H315N,SINGLE,PLACEHOLDER_UNKNOWN,UNKNOWN,false,,,,missing,,,,,missing,,PASS_HEADER_DECLARED,QUARANTINE,EXPRESSION_CONTRADICTION|MISSING_REQUIRED_FIELD,MISSING_REQUIRED_FIELD,PASS_SUPPLIED,b5053c0bce2a529ee36b3a1e74ce043047cf1268ac74aef7cccfcbda889fdaf7
142,H315T,SINGLE,PLACEHOLDER_UNKNOWN,UNKNOWN,true,4.6689999999999996,658.51999999999998,141.041,kcat_div_KM,141.0409081173699,5.7009299999999996,707.70399999999995,124.13800000000001,kcat_div_KM,124.13834234063565,PASS_HEADER_DECLARED,ELIGIBLE,,MISSING_REQUIRED_FIELD,PASS_SUPPLIED,f2cb0000d69538ad2e636e5c66cf50efc326a601ea416571611df3d5223c36be
176,H315K,SINGLE,PLACEHOLDER_UNKNOWN,UNKNOWN,true,6.1378500000000003,36.608199999999997,5.96434,kcat_div_KM,5.9643360460095955,4.4234099999999996,666.71400000000006,150.72399999999999,kcat_div_KM,150.72398895874451,PASS_HEADER_DECLARED,ELIGIBLE,,MISSING_REQUIRED_FIELD,PASS_SUPPLIED,1b88ff749ffd4a300cdfc341558eaa2ed696331782cbc3e53a6fb03188629321
212,H315I,SINGLE,PLACEHOLDER_UNKNOWN,UNKNOWN,true,6.7315899999999997,588.12400000000002,87.367800000000003,kcat_div_KM,87.367768981771036,4.4234099999999996,666.71400000000006,150.72399999999999,kcat_div_KM,150.72398895874451,PASS_HEADER_DECLARED,ELIGIBLE,,MISSING_REQUIRED_FIELD,PASS_SUPPLIED,715d1fad83195a87e34bd5d71e95b449d7ff232eb2b16c9a4303346af66fb737
2032,H315P,SINGLE,PRESENT,group_0400,true,5.3900399999999999,647.57799999999997,120.143,kcat_div_KM,120.1434497703171,5.3997799999999998,752.88800000000003,139.429,kcat_div_KM,139.42938416009542,PASS_HEADER_DECLARED,ELIGIBLE,,,PASS_SUPPLIED,4d538e7df335a7272d7b4a1d8c8769a878e1708da356c71efce0183333fb290d
2510,H315N,SINGLE,PRESENT,group_0031,true,1.56528,531.61099999999999,339.62599999999998,kcat_div_KM,339.6267760400695,1.3071299999999999,570.85900000000004,436.726,kcat_div_KM,436.72702791612164,PASS_HEADER_DECLARED,ELIGIBLE,,,PASS_SUPPLIED,b5053c0bce2a529ee36b3a1e74ce043047cf1268ac74aef7cccfcbda889fdaf7
2594,H315N,SINGLE,PRESENT,group_0565,true,1.3948,560.91499999999996,402.14699999999999,kcat_div_KM,402.147261256094,1.42367,552.23299999999995,387.89499999999998,kcat_div_KM,387.89396419113979,PASS_HEADER_DECLARED,ELIGIBLE,,,PASS_SUPPLIED,b5053c0bce2a529ee36b3a1e74ce043047cf1268ac74aef7cccfcbda889fdaf7
2597,H315N,SINGLE,PRESENT,group_0566,true,1.17659,562.43499999999995,478.02199999999999,kcat_div_KM,478.02123084506917,1.42367,552.23299999999995,387.89499999999998,kcat_div_KM,387.89396419113979,PASS_HEADER_DECLARED,ELIGIBLE,,,PASS_SUPPLIED,b5053c0bce2a529ee36b3a1e74ce043047cf1268ac74aef7cccfcbda889fdaf7
2599,H315N,SINGLE,PRESENT,group_0567,true,0.92217700000000002,548.81200000000001,595.12699999999995,kcat_div_KM,595.12653210826124,1.42367,552.23299999999995,387.89499999999998,kcat_div_KM,387.89396419113979,PASS_HEADER_DECLARED,ELIGIBLE,,,PASS_SUPPLIED,b5053c0bce2a529ee36b3a1e74ce043047cf1268ac74aef7cccfcbda889fdaf7
3251,H315E,SINGLE,PRESENT,group_0025,true,2.8394699999999999,183.71899999999999,64.701899999999995,kcat_div_KM,64.701863375911699,2.8230400000000002,209.744,74.297300000000007,kcat_div_KM,74.297211516662884,PASS_HEADER_DECLARED,ELIGIBLE,,,PASS_SUPPLIED,2b6324309e1dc6ef4b51dfcf027a8763d69e76ff31766c21462ae17678854863
2691,H315N,SINGLE,PRESENT,group_0568,true,,,,missing,,,,,missing,,PASS_HEADER_DECLARED,QUARANTINE,MISSING_REQUIRED_FIELD,,PASS_SUPPLIED,b5053c0bce2a529ee36b3a1e74ce043047cf1268ac74aef7cccfcbda889fdaf7
2693,H315N,SINGLE,PRESENT,group_0569,true,,,,missing,,,,,missing,,PASS_HEADER_DECLARED,QUARANTINE,MISSING_REQUIRED_FIELD,,PASS_SUPPLIED,b5053c0bce2a529ee36b3a1e74ce043047cf1268ac74aef7cccfcbda889fdaf7
2695,H315N,SINGLE,PRESENT,group_0570,true,,,,missing,,,,,missing,,PASS_HEADER_DECLARED,QUARANTINE,MISSING_REQUIRED_FIELD,,PASS_SUPPLIED,b5053c0bce2a529ee36b3a1e74ce043047cf1268ac74aef7cccfcbda889fdaf7
2700,H315N,SINGLE,PRESENT,group_0571,true,,,,missing,,,,,missing,,PASS_HEADER_DECLARED,QUARANTINE,MISSING_REQUIRED_FIELD,,PASS_SUPPLIED,b5053c0bce2a529ee36b3a1e74ce043047cf1268ac74aef7cccfcbda889fdaf7
2701,H315N,SINGLE,PRESENT,group_0572,true,,,,missing,,,,,missing,,PASS_HEADER_DECLARED,QUARANTINE,MISSING_REQUIRED_FIELD,,PASS_SUPPLIED,b5053c0bce2a529ee36b3a1e74ce043047cf1268ac74aef7cccfcbda889fdaf7
2705,H315N,SINGLE,PRESENT,group_0573,true,,,,missing,,,,,missing,,PASS_HEADER_DECLARED,QUARANTINE,MISSING_REQUIRED_FIELD,,PASS_SUPPLIED,b5053c0bce2a529ee36b3a1e74ce043047cf1268ac74aef7cccfcbda889fdaf7
2811,H315C,SINGLE,PRESENT,group_0130,true,,,,missing,,,,,missing,,PASS_HEADER_DECLARED,QUARANTINE,MISSING_REQUIRED_FIELD,,PASS_SUPPLIED,fe2f75fd453c6a29eccc07644d8ab3d2bde76389a4f9489149eb0329e3d58e42
3122,H315Q,SINGLE,PRESENT,group_0574,true,1.1151599999999999,6.5605599999999997,5.8830499999999999,kcat_div_KM,5.8830661071057069,1.5535600000000001,1355.71,872.649,kcat_div_KM,872.64733901490774,PASS_HEADER_DECLARED,ELIGIBLE,,,PASS_SUPPLIED,9ba3f2c2baee0bc765cef902957fa8639107cff5af0afe18733ab6cbdb39ae47
3387,H315Y,SINGLE,PRESENT,group_0100,true,7.02135,347.33999999999997,49.469099999999997,kcat_div_KM,49.46911918648123,6.8379899999999996,363.51400000000001,53.161000000000001,kcat_div_KM,53.160943493628977,PASS_HEADER_DECLARED,ELIGIBLE,,,PASS_SUPPLIED,19f09d95cf77b873fae88f52e472d5288e0fd3530b7af80c9d502f692e054020
3447,H315P,SINGLE,PRESENT,group_0185,true,2.4817100000000001,219.155,88.308099999999996,kcat_div_KM,88.308061779982353,2.3753500000000001,215.471,90.711200000000005,kcat_div_KM,90.711263603258459,PASS_HEADER_DECLARED,ELIGIBLE,,,PASS_SUPPLIED,4d538e7df335a7272d7b4a1d8c8769a878e1708da356c71efce0183333fb290d
3485,H315C,SINGLE,PRESENT,group_0130,true,2.98407,0.69900300000000004,0.23424500000000001,kcat_div_KM,0.23424484010093599,4.1397199999999996,363.87299999999999,87.898200000000003,kcat_div_KM,87.897973776004179,PASS_HEADER_DECLARED,ELIGIBLE,,,PASS_SUPPLIED,fe2f75fd453c6a29eccc07644d8ab3d2bde76389a4f9489149eb0329e3d58e42
4418,H315K,SINGLE,PRESENT,group_0242,true,3.6258400000000002,314.35000000000002,86.697140000000005,kcat_div_KM,86.697151556604823,2.1082800000000002,244.66900000000001,116.051,kcat_div_KM,116.05147323884873,PASS_HEADER_DECLARED,ELIGIBLE,,,PASS_SUPPLIED,1b88ff749ffd4a300cdfc341558eaa2ed696331782cbc3e53a6fb03188629321
211,M316K,SINGLE,PLACEHOLDER_UNKNOWN,UNKNOWN,true,3.7726199999999999,439.23200000000003,116.426,kcat_div_KM,116.42625019217415,4.4234099999999996,666.71400000000006,150.72399999999999,kcat_div_KM,150.72398895874451,PASS_HEADER_DECLARED,ELIGIBLE,,MISSING_REQUIRED_FIELD,PASS_SUPPLIED,4135809dcae23da431cd8fa5bb189a91a9846d573418d7d51d62f0003e7c64cb
177,E318R,SINGLE,PLACEHOLDER_UNKNOWN,UNKNOWN,true,8.5235599999999998,5.2539100000000003,0.61639900000000003,kcat_div_KM,0.61639854708595943,4.4234099999999996,666.71400000000006,150.72399999999999,kcat_div_KM,150.72398895874451,PASS_HEADER_DECLARED,ELIGIBLE,,MISSING_REQUIRED_FIELD,PASS_SUPPLIED,08df7c3e7ca7f8c0153cf81aa7103438f1c97eb5afe3f8723557373e3422f64c
2522,T321S,SINGLE,PRESENT,group_0012,true,9.4406599999999994,422.22300000000001,44.7239,kcat_div_KM,44.723885830016123,4.0309900000000001,402.166,99.768699999999995,kcat_div_KM,99.768543211469137,PASS_HEADER_DECLARED,ELIGIBLE,,,PASS_SUPPLIED,d9ba481a4de106f7524f10d57b843aabd7c52fb543a6131da78cb928b6b39760
1516,M323C,SINGLE,PRESENT,group_0575,true,16.517099999999999,105.544,6.3899800000000004,kcat_div_KM,6.3899837138480731,4.1164300000000003,162.31800000000001,39.431800000000003,kcat_div_KM,39.431740610188925,PASS_HEADER_DECLARED,ELIGIBLE,,,PASS_SUPPLIED,7060dbab7bc6bf2cef26a84c88860066954c18637c1f14316c903e732b44b9e2
88,M323A,SINGLE,PLACEHOLDER_UNKNOWN,UNKNOWN,true,9.3399999999999999,342.04199999999997,36.585500000000003,kcat_div_KM,36.621199143468949,,,,missing,,PASS_HEADER_DECLARED,ELIGIBLE,,MISSING_REQUIRED_FIELD,PASS_SUPPLIED,32abe486a05211aaf7ef31546ac33b5e1f4b9439eb534aa6abd5a7081552609a
89,M323K,SINGLE,PLACEHOLDER_UNKNOWN,UNKNOWN,false,,,,missing,,,,,missing,,PASS_HEADER_DECLARED,QUARANTINE,EXPRESSION_CONTRADICTION|MISSING_REQUIRED_FIELD,MISSING_REQUIRED_FIELD,PASS_SUPPLIED,19c7f91f4f1fd29cb40a833a147f08f7d155541cd81e20947601313ddef9fa99
2033,M323I,SINGLE,PRESENT,group_0096,true,8.1487599999999993,344.01100000000002,42.216299999999997,kcat_div_KM,42.216361753199266,8.8280799999999999,377.75200000000001,42.789900000000003,kcat_div_KM,42.789825194153202,PASS_HEADER_DECLARED,ELIGIBLE,,,PASS_SUPPLIED,607ffbcd2bfbb6613f08eacb5ab94faba14f992b0f6b4e4c7facb21058fc71a3
2052,M323D,SINGLE,PRESENT,group_0097,true,4.4376600000000002,5.3589799999999999,1.2076100000000001,kcat_div_KM,1.2076139226529297,6.0554699999999997,467.40199999999999,77.186700000000002,kcat_div_KM,77.18674190442691,PASS_HEADER_DECLARED,ELIGIBLE,,,PASS_SUPPLIED,385f5f098bd52d0d0fe64c264f46dce065e3338f7e5ec97df419e01eca97aa92
3486,M323I,SINGLE,PRESENT,group_0130,true,3.4154599999999999,309.90199999999999,90.735200000000006,kcat_div_KM,90.735069361081671,4.1397199999999996,363.87299999999999,87.898200000000003,kcat_div_KM,87.897973776004179,PASS_HEADER_DECLARED,ELIGIBLE,,,PASS_SUPPLIED,607ffbcd2bfbb6613f08eacb5ab94faba14f992b0f6b4e4c7facb21058fc71a3
3798,M323S,SINGLE,PRESENT,group_0576,true,5.8509500000000001,476.846,81.498800000000003,kcat_div_KM,81.498901887727627,3.9996700000000001,264.63600000000002,66.164400000000001,kcat_div_KM,66.164458567831858,PASS_HEADER_DECLARED,ELIGIBLE,,,PASS_SUPPLIED,600fb41af532759c1b8fb2750b045e16d2ccf4b169f731723fb6fd5905e236a8
3814,M323S,SINGLE,PRESENT,group_0577,true,14.970599999999999,529.07799999999997,35.341299999999997,kcat_div_KM,35.341135291838668,3.9996700000000001,264.63600000000002,66.164400000000001,kcat_div_KM,66.164458567831858,PASS_HEADER_DECLARED,ELIGIBLE,,,PASS_SUPPLIED,600fb41af532759c1b8fb2750b045e16d2ccf4b169f731723fb6fd5905e236a8
1549,W325M,SINGLE,PRESENT,group_0019,true,4.8844900000000004,43.283000000000001,8.8613199999999992,kcat_div_KM,8.8613140778259343,9.3487100000000005,432.09199999999998,46.2194,kcat_div_KM,46.219424926005829,PASS_HEADER_DECLARED,ELIGIBLE,,,PASS_SUPPLIED,6f9dc8d7a313fbc9e8ac84873fe5bd1a9b4574d51e3be6a34b1412650982ed39
1957,W325A,SINGLE,PRESENT,group_0578,true,0.22680800000000001,80.622500000000002,355.46499999999997,kcat_div_KM,355.46585658354201,,,,missing,,PASS_HEADER_DECLARED,ELIGIBLE,,ID_JOIN_MISSING|WT_BASELINE_GLOBAL_ONLY,PASS_REGENERATED,61e32bbb6e9a5d6b4eac2201410c20dbf29052b0ce2cf73561a51e4b6bb9af08
820,W325R,SINGLE,PRESENT,group_0089,true,14.1798,213.38300000000001,15.048400000000001,kcat_div_KM,15.048378679530035,3.77976,339.44099999999997,89.804699999999997,kcat_div_KM,89.804908248142738,PASS_HEADER_DECLARED,ELIGIBLE,,,PASS_SUPPLIED,b37586c196219a086538c8a1ff05618e3c820da63fba735a1f27a43a9bd3165b
617,W325K,SINGLE,PRESENT,group_0579,true,2.1354899999999999,1.0496099999999999,0.49150500000000003,kcat_div_KM,0.49150780382956605,4.7449399999999997,698.03899999999999,147.11199999999999,kcat_div_KM,147.11229225237832,PASS_HEADER_DECLARED,ELIGIBLE,,,PASS_SUPPLIED,efc1782cca7c50468fc6d7028eae337483b1d7f180d939c149687632dc0523a7
638,W325K,SINGLE,PRESENT,group_0580,true,9.2400199999999995,15.161199999999999,1.6408199999999999,kcat_div_KM,1.640818959266322,,,,missing,,PASS_HEADER_DECLARED,ELIGIBLE,,WT_BASELINE_GLOBAL_ONLY,PASS_SUPPLIED,efc1782cca7c50468fc6d7028eae337483b1d7f180d939c149687632dc0523a7
683,W325K,SINGLE,PRESENT,group_0064,true,2.1354899999999999,1.0496099999999999,0.49150500000000003,kcat_div_KM,0.49150780382956605,4.7449399999999997,698.03899999999999,147.11199999999999,kcat_div_KM,147.11229225237832,PASS_HEADER_DECLARED,ELIGIBLE,,,PASS_SUPPLIED,efc1782cca7c50468fc6d7028eae337483b1d7f180d939c149687632dc0523a7
90,W325R,SINGLE,PLACEHOLDER_UNKNOWN,UNKNOWN,true,,,,missing,,,,,missing,,PASS_HEADER_DECLARED,QUARANTINE,MISSING_REQUIRED_FIELD,MISSING_REQUIRED_FIELD,PASS_SUPPLIED,b37586c196219a086538c8a1ff05618e3c820da63fba735a1f27a43a9bd3165b
91,W325C,SINGLE,PLACEHOLDER_UNKNOWN,UNKNOWN,true,4.1799999999999997,8.6592900000000004,2.1648200000000002,kcat_div_KM,2.0716004784688997,,,,missing,,PASS_HEADER_DECLARED,ELIGIBLE,,MISSING_REQUIRED_FIELD,PASS_SUPPLIED,f4f08b3236aaf9d4370506e6513262caf36d9108f1d6f2569eba4ca9faec0c86
92,W325H,SINGLE,PLACEHOLDER_UNKNOWN,UNKNOWN,true,3.0800000000000001,28.142700000000001,9.0922499999999999,kcat_div_KM,9.1372402597402598,,,,missing,,PASS_HEADER_DECLARED,ELIGIBLE,,MISSING_REQUIRED_FIELD,PASS_SUPPLIED,8942d8708aa013fbf4b718dcc3cccdc5f1b8848af3b5e76f2a509f24111a25d0
93,W325A,SINGLE,PLACEHOLDER_UNKNOWN,UNKNOWN,true,1.6100000000000001,23.812999999999999,14.720800000000001,kcat_div_KM,14.790683229813663,,,,missing,,PASS_HEADER_DECLARED,ELIGIBLE,,MISSING_REQUIRED_FIELD,PASS_SUPPLIED,61e32bbb6e9a5d6b4eac2201410c20dbf29052b0ce2cf73561a51e4b6bb9af08
94,W325L,SINGLE,PLACEHOLDER_UNKNOWN,UNKNOWN,true,5.7400000000000002,88.7577,15.370200000000001,kcat_div_KM,15.463013937282229,,,,missing,,PASS_HEADER_DECLARED,ELIGIBLE,,MISSING_REQUIRED_FIELD,PASS_SUPPLIED,564616f56aa6ad8ea7067516c243edcc8c2dc8ba3857413eee27df8acb1e8df3
95,W325G,SINGLE,PLACEHOLDER_UNKNOWN,UNKNOWN,false,,,,missing,,,,,missing,,PASS_HEADER_DECLARED,QUARANTINE,EXPRESSION_CONTRADICTION|MISSING_REQUIRED_FIELD,MISSING_REQUIRED_FIELD,PASS_SUPPLIED,605e54eb84b2391c0ea9a303bdfd3df0f150f86d28972b4bd22a101437b58748
138,W325F,SINGLE,PLACEHOLDER_UNKNOWN,UNKNOWN,true,12.626300000000001,116.02800000000001,9.1893799999999999,kcat_div_KM,9.1893903994044184,5.7009299999999996,707.70399999999995,124.13800000000001,kcat_div_KM,124.13834234063565,PASS_HEADER_DECLARED,ELIGIBLE,,MISSING_REQUIRED_FIELD,PASS_SUPPLIED,7fc26f8cb8de04abadc579462331322e985db1a466b9970530978f9e5a1ffd8c
154,W325D,SINGLE,PLACEHOLDER_UNKNOWN,UNKNOWN,true,27.0869,1039.48,38.375700000000002,kcat_div_KM,38.375746209422267,5.7009299999999996,707.70399999999995,124.13800000000001,kcat_div_KM,124.13834234063565,PASS_HEADER_DECLARED,ELIGIBLE,,MISSING_REQUIRED_FIELD,PASS_SUPPLIED,a1f2381662668023d51c1cfb2d1d759182026823014b5daf0880a06fb9c85686
2039,W325M,SINGLE,PRESENT,group_0096,true,6.7683499999999999,60.648899999999998,8.9606700000000004,kcat_div_KM,8.9606624952905811,6.1248800000000001,366.73200000000003,59.875799999999998,kcat_div_KM,59.875785321508346,PASS_HEADER_DECLARED,ELIGIBLE,,,PASS_SUPPLIED,6f9dc8d7a313fbc9e8ac84873fe5bd1a9b4574d51e3be6a34b1412650982ed39
2145,W325N,SINGLE,PRESENT,group_0581,true,1.92703,4.3668899999999997,2.2661199999999999,kcat_div_KM,2.2661245543660451,4.9867299999999997,207.077,41.525599999999997,kcat_div_KM,41.525608966196287,PASS_HEADER_DECLARED,ELIGIBLE,,,PASS_SUPPLIED,8f90093fa898928d299c546ea0526f564fa7750c662144a2a8fa2e5392404451
2151,W325Y,SINGLE,PRESENT,group_0582,true,2.4121800000000002,32.617199999999997,13.5219,kcat_div_KM,13.521876476879832,3.5247600000000001,151.71299999999999,43.042000000000002,kcat_div_KM,43.042079460729241,PASS_HEADER_DECLARED,ELIGIBLE,,,PASS_SUPPLIED,1c0a4e8a6f2f1c78b7b38631ed47ece112772188578ab40325515a8b3d596f36
2152,W325M,SINGLE,PRESENT,group_0583,true,4.4278599999999999,21.310500000000001,4.8128299999999999,kcat_div_KM,4.812821543589906,3.5247600000000001,151.71299999999999,43.042000000000002,kcat_div_KM,43.042079460729241,PASS_HEADER_DECLARED,ELIGIBLE,,,PASS_SUPPLIED,6f9dc8d7a313fbc9e8ac84873fe5bd1a9b4574d51e3be6a34b1412650982ed39
2153,W325T,SINGLE,PRESENT,group_0584,true,2.0255299999999998,6.9811100000000001,3.4465599999999998,kcat_div_KM,3.4465596658652307,3.5247600000000001,151.71299999999999,43.042000000000002,kcat_div_KM,43.042079460729241,PASS_HEADER_DECLARED,ELIGIBLE,,,PASS_SUPPLIED,a8f27e67713d683cee5035b2e3b18834954ce021d77f643abee15594f92a4a20
2154,W325G,SINGLE,PRESENT,group_0585,true,,,,missing,,4.9867299999999997,207.077,41.525599999999997,kcat_div_KM,41.525608966196287,PASS_HEADER_DECLARED,QUARANTINE,MISSING_REQUIRED_FIELD,,PASS_SUPPLIED,605e54eb84b2391c0ea9a303bdfd3df0f150f86d28972b4bd22a101437b58748
2156,W325Q,SINGLE,PRESENT,group_0586,true,1.02152,3.28674,3.2175099999999999,kcat_div_KM,3.2174994126399876,5.6122100000000001,162.93199999999999,29.031700000000001,kcat_div_KM,29.031700524392349,PASS_HEADER_DECLARED,ELIGIBLE,,,PASS_SUPPLIED,196019be963de57f9f083c9150881b1821e333e9a110ab5cb1a3679d10bd52b1
2157,W325V,SINGLE,PRESENT,group_0587,true,1.4225300000000001,5.57491,3.9190200000000002,kcat_div_KM,3.9190104953849829,5.6122100000000001,162.93199999999999,29.031700000000001,kcat_div_KM,29.031700524392349,PASS_HEADER_DECLARED,ELIGIBLE,,,PASS_SUPPLIED,4905d211e05b4f370f4333ca4a63af0819d63fb54e555149371957635a3a5ce6
2158,W325I,SINGLE,PRESENT,group_0588,true,1.2870299999999999,6.23447,4.8440799999999999,kcat_div_KM,4.8440751186841027,5.3845099999999997,194.065,36.041400000000003,kcat_div_KM,36.041348237815512,PASS_HEADER_DECLARED,ELIGIBLE,,,PASS_SUPPLIED,82d2a736b70d7246613566c24d84f4103010e6983125173b33161d90348bd05f
2160,W325S,SINGLE,PRESENT,group_0589,true,1.0481100000000001,6.0913300000000001,5.8117400000000004,kcat_div_KM,5.8117277766646627,5.6122100000000001,162.93199999999999,29.031700000000001,kcat_div_KM,29.031700524392349,PASS_HEADER_DECLARED,ELIGIBLE,,,PASS_SUPPLIED,95366e2b7b828cf55e3d7d0516e800e0a02efcfa134cf119a44c366406acf967
2168,W325P,SINGLE,PRESENT,group_0590,false,,,,missing,,5.3845099999999997,194.065,36.041400000000003,kcat_div_KM,36.041348237815512,PASS_HEADER_DECLARED,QUARANTINE,EXPRESSION_CONTRADICTION|MISSING_REQUIRED_FIELD,,PASS_SUPPLIED,15c55993065d3ea788bcd7f735e0969fe5a97e57c658877b5c320c77151f2121
2167,W325R,SINGLE,PRESENT,group_0591,false,,,,missing,,5.3845099999999997,194.065,36.041400000000003,kcat_div_KM,36.041348237815512,PASS_HEADER_DECLARED,QUARANTINE,EXPRESSION_CONTRADICTION|MISSING_REQUIRED_FIELD,,PASS_SUPPLIED,b37586c196219a086538c8a1ff05618e3c820da63fba735a1f27a43a9bd3165b
2171,W325E,SINGLE,PRESENT,group_0592,true,2.2631100000000002,1.6007499999999999,0.70732399999999995,kcat_div_KM,0.70732310846578372,4.9867299999999997,207.077,41.525599999999997,kcat_div_KM,41.525608966196287,PASS_HEADER_DECLARED,ELIGIBLE,,,PASS_SUPPLIED,d27877a3aaef19362ffb519272b94940a8984b37baf32cadc4695efb3fb7a308
2288,W325V,SINGLE,PRESENT,group_0104,true,1.42763,11.6639,8.17014,kcat_div_KM,8.1701141051953243,5.6122100000000001,162.93199999999999,29.031700000000001,kcat_div_KM,29.031700524392349,PASS_HEADER_DECLARED,ELIGIBLE,,,PASS_SUPPLIED,4905d211e05b4f370f4333ca4a63af0819d63fb54e555149371957635a3a5ce6
2364,W325K,SINGLE,PRESENT,group_0593,true,0.82646799999999998,0.85908499999999999,1.0394699999999999,kcat_div_KM,1.0394655328457969,2.3645200000000002,252.48099999999999,106.779,kcat_div_KM,106.77896570974235,PASS_HEADER_DECLARED,ELIGIBLE,,,PASS_SUPPLIED,efc1782cca7c50468fc6d7028eae337483b1d7f180d939c149687632dc0523a7
2504,W325Q,SINGLE,PRESENT,group_0123,true,0.95447899999999997,14.695600000000001,15.3965,kcat_div_KM,15.396462363236909,4.26396,262.82400000000001,61.638399999999997,kcat_div_KM,61.638476908789016,PASS_HEADER_DECLARED,ELIGIBLE,,,PASS_SUPPLIED,196019be963de57f9f083c9150881b1821e333e9a110ab5cb1a3679d10bd52b1
2595,W325Q,SINGLE,PRESENT,group_0594,true,0.33120100000000002,67.251999999999995,203.05500000000001,kcat_div_KM,203.05494246696111,1.5396700000000001,507.31099999999998,329.49299999999999,kcat_div_KM,329.49333298693875,PASS_HEADER_DECLARED,ELIGIBLE,,,PASS_SUPPLIED,196019be963de57f9f083c9150881b1821e333e9a110ab5cb1a3679d10bd52b1
2596,W325Q,SINGLE,PRESENT,group_0595,true,0.32115700000000003,74.755600000000001,232.77000000000001,kcat_div_KM,232.76964226219573,1.5396700000000001,507.31099999999998,329.49299999999999,kcat_div_KM,329.49333298693875,PASS_HEADER_DECLARED,ELIGIBLE,,,PASS_SUPPLIED,196019be963de57f9f083c9150881b1821e333e9a110ab5cb1a3679d10bd52b1
2600,W325Q,SINGLE,PRESENT,group_0596,true,0.38246799999999997,59.364600000000003,155.215,kcat_div_KM,155.21455389731952,1.5396700000000001,507.31099999999998,329.49299999999999,kcat_div_KM,329.49333298693875,PASS_HEADER_DECLARED,ELIGIBLE,,,PASS_SUPPLIED,196019be963de57f9f083c9150881b1821e333e9a110ab5cb1a3679d10bd52b1
3268,W325K,SINGLE,PRESENT,group_0176,true,2.5719500000000002,11.3192,4.4010300000000004,kcat_div_KM,4.4010186823227508,3.9996700000000001,264.63600000000002,66.164400000000001,kcat_div_KM,66.164458567831858,PASS_HEADER_DECLARED,ELIGIBLE,,,PASS_SUPPLIED,efc1782cca7c50468fc6d7028eae337483b1d7f180d939c149687632dc0523a7
2690,W325Q,SINGLE,PRESENT,group_0597,true,,,,missing,,,,,missing,,PASS_HEADER_DECLARED,QUARANTINE,MISSING_REQUIRED_FIELD,,PASS_SUPPLIED,196019be963de57f9f083c9150881b1821e333e9a110ab5cb1a3679d10bd52b1
2696,W325Q,SINGLE,PRESENT,group_0598,true,,,,missing,,,,,missing,,PASS_HEADER_DECLARED,QUARANTINE,MISSING_REQUIRED_FIELD,,PASS_SUPPLIED,196019be963de57f9f083c9150881b1821e333e9a110ab5cb1a3679d10bd52b1
2699,W325Q,SINGLE,PRESENT,group_0599,true,,,,missing,,,,,missing,,PASS_HEADER_DECLARED,QUARANTINE,MISSING_REQUIRED_FIELD,,PASS_SUPPLIED,196019be963de57f9f083c9150881b1821e333e9a110ab5cb1a3679d10bd52b1
2812,W325Y,SINGLE,PRESENT,group_0130,true,,,,missing,,,,,missing,,PASS_HEADER_DECLARED,QUARANTINE,MISSING_REQUIRED_FIELD,,PASS_SUPPLIED,1c0a4e8a6f2f1c78b7b38631ed47ece112772188578ab40325515a8b3d596f36
3170,W325M,SINGLE,PRESENT,group_0169,true,6.4751899999999996,31.0961,4.8023400000000001,kcat_div_KM,4.8023455682381524,11.373100000000001,482.43599999999998,42.418999999999997,kcat_div_KM,42.419041422303501,PASS_HEADER_DECLARED,ELIGIBLE,,,PASS_SUPPLIED,6f9dc8d7a313fbc9e8ac84873fe5bd1a9b4574d51e3be6a34b1412650982ed39
4262,W325Y,SINGLE,PRESENT,group_0600,true,2.3376830000000002,61.002789999999997,26.095400000000001,kcat_div_KM,26.095407290038896,4.3822999999999999,944.54200000000003,215.535,kcat_div_KM,215.53567761221277,PASS_HEADER_DECLARED,ELIGIBLE,,,PASS_SUPPLIED,1c0a4e8a6f2f1c78b7b38631ed47ece112772188578ab40325515a8b3d596f36
4270,W325Y,SINGLE,PRESENT,group_0601,true,4.1836349999999998,67.403819999999996,16.11131,kcat_div_KM,16.111305121025136,5.3524700000000003,132.25200000000001,24.708500000000001,kcat_div_KM,24.708592481601954,PASS_HEADER_DECLARED,ELIGIBLE,,,PASS_SUPPLIED,1c0a4e8a6f2f1c78b7b38631ed47ece112772188578ab40325515a8b3d596f36
4421,W325K,SINGLE,PRESENT,group_0243,true,2.820268,5.7696519999999998,2.045782,kcat_div_KM,2.0457814647402301,7.8220200000000002,406.536,51.973199999999999,kcat_div_KM,51.973275445473163,PASS_HEADER_DECLARED,ELIGIBLE,,,PASS_SUPPLIED,efc1782cca7c50468fc6d7028eae337483b1d7f180d939c149687632dc0523a7
2339,H328K,SINGLE,PRESENT,group_0602,true,13.773400000000001,560.82299999999998,40.7179,kcat_div_KM,40.717832924332406,3.5856499999999998,761.97299999999996,212.506,kcat_div_KM,212.50624015171587,PASS_HEADER_DECLARED,ELIGIBLE,,,PASS_SUPPLIED,f9117f30c221846f0401d2401b096c2bde71136add47c88fa46029b58901769a
2379,H328K,SINGLE,PRESENT,group_0603,true,0.82398000000000005,116.84999999999999,141.81100000000001,kcat_div_KM,141.81169445860334,1.6274999999999999,190.31,116.934,kcat_div_KM,116.93394777265746,PASS_HEADER_DECLARED,ELIGIBLE,,,PASS_SUPPLIED,f9117f30c221846f0401d2401b096c2bde71136add47c88fa46029b58901769a
3264,H328K,SINGLE,PRESENT,group_0171,true,3.94292,242.37200000000001,61.470300000000002,kcat_div_KM,61.470179460907147,3.9996700000000001,264.63600000000002,66.164400000000001,kcat_div_KM,66.164458567831858,PASS_HEADER_DECLARED,ELIGIBLE,,,PASS_SUPPLIED,f9117f30c221846f0401d2401b096c2bde71136add47c88fa46029b58901769a
3100,H328P,SINGLE,PRESENT,group_0604,true,2.7111800000000001,4.2863600000000002,1.5809899999999999,kcat_div_KM,1.5809942534247081,1.9680200000000001,1175.0899999999999,597.09199999999998,kcat_div_KM,597.09250922246713,PASS_HEADER_DECLARED,ELIGIBLE,,,PASS_SUPPLIED,885364ae9f67ca44dbb12243775044d3e776ef72d9efce6e984132a6e7d33cf0
3388,H328A,SINGLE,PRESENT,group_0100,true,8.2407500000000002,423.24900000000002,51.360500000000002,kcat_div_KM,51.360495100567306,6.8379899999999996,363.51400000000001,53.161000000000001,kcat_div_KM,53.160943493628977,PASS_HEADER_DECLARED,ELIGIBLE,,,PASS_SUPPLIED,7525c2ab39ce531bf62b6028c54b0e0a345324e1f37c2560036091666189e240
96,P329N,SINGLE,PLACEHOLDER_UNKNOWN,UNKNOWN,false,,,,missing,,,,,missing,,PASS_HEADER_DECLARED,QUARANTINE,EXPRESSION_CONTRADICTION|MISSING_REQUIRED_FIELD,MISSING_REQUIRED_FIELD,PASS_SUPPLIED,91f0dd2c0d37a0faf41bf7bdc7e12cb7d6c55238d829b06fb1089c6c979f74a1
2533,S331T,SINGLE,PRESENT,group_0032,true,4.4972899999999996,27.3735,6.0866699999999998,kcat_div_KM,6.0866655252385335,,,,missing,,PASS_HEADER_DECLARED,ELIGIBLE,,,PASS_SUPPLIED,73b89d5e5852bba4954fb40ed0e6107907e5db6de997d2b2b9eba09230fa9117
97,S331A,SINGLE,PLACEHOLDER_UNKNOWN,UNKNOWN,true,4.3399999999999999,668.92999999999995,154.13499999999999,kcat_div_KM,154.13133640552994,,,,missing,,PASS_HEADER_DECLARED,ELIGIBLE,,MISSING_REQUIRED_FIELD,PASS_SUPPLIED,c725f8f42b0b74a67e41d9128316acc6d9dd955177012259d950352d8b4ad663
171,S331G,SINGLE,PLACEHOLDER_UNKNOWN,UNKNOWN,true,5.8234199999999996,1425.9400000000001,244.86199999999999,kcat_div_KM,244.86298429445242,4.4234099999999996,666.71400000000006,150.72399999999999,kcat_div_KM,150.72398895874451,PASS_HEADER_DECLARED,ELIGIBLE,,MISSING_REQUIRED_FIELD,PASS_SUPPLIED,8c6c0793e617b310f6aafa49c221cbba154fd0c37ce901bd846c37572bc16ef6
4322,S331G,SINGLE,PRESENT,group_0235,true,3.985284,850.77080000000001,213.47810000000001,kcat_div_KM,213.47808587794495,5.3919800000000002,939.05999999999995,174.15899999999999,kcat_div_KM,174.15865785852318,PASS_HEADER_DECLARED,ELIGIBLE,,,PASS_SUPPLIED,8c6c0793e617b310f6aafa49c221cbba154fd0c37ce901bd846c37572bc16ef6
629,Y333F,SINGLE,PRESENT,group_0605,true,2.0141100000000001,185.661,92.179900000000004,kcat_div_KM,92.180168908351575,,,,missing,,PASS_HEADER_DECLARED,ELIGIBLE,,WT_BASELINE_GLOBAL_ONLY,PASS_SUPPLIED,50ec35075c29e4e81b856202304e2a2ac3d8139d40edcebf48fe3978b2eb7f2a
673,Y333F,SINGLE,PRESENT,group_0606,true,1.74735,685.25,392.166,kcat_div_KM,392.16527885083127,1.5918099999999999,507.27800000000002,318.67899999999997,kcat_div_KM,318.67999321527071,PASS_HEADER_DECLARED,ELIGIBLE,,,PASS_SUPPLIED,50ec35075c29e4e81b856202304e2a2ac3d8139d40edcebf48fe3978b2eb7f2a
691,Y333F,SINGLE,PRESENT,group_0064,true,2.0141100000000001,185.661,92.179900000000004,kcat_div_KM,92.180168908351575,2.9011800000000001,480.81299999999999,165.72999999999999,kcat_div_KM,165.73015117986475,PASS_HEADER_DECLARED,ELIGIBLE,,,PASS_SUPPLIED,50ec35075c29e4e81b856202304e2a2ac3d8139d40edcebf48fe3978b2eb7f2a
3213,Y333F,SINGLE,PRESENT,group_0100,true,7.2862600000000004,314.56799999999998,43.172800000000002,kcat_div_KM,43.172766275153506,6.3402599999999998,399.04500000000002,62.938200000000002,kcat_div_KM,62.938270670287977,PASS_HEADER_DECLARED,ELIGIBLE,,,PASS_SUPPLIED,50ec35075c29e4e81b856202304e2a2ac3d8139d40edcebf48fe3978b2eb7f2a
3167,Y333F,SINGLE,PRESENT,group_0169,true,1.7677499999999999,320.00799999999998,181.02600000000001,kcat_div_KM,181.02559751096027,11.373100000000001,482.43599999999998,42.418999999999997,kcat_div_KM,42.419041422303501,PASS_HEADER_DECLARED,ELIGIBLE,,,PASS_SUPPLIED,50ec35075c29e4e81b856202304e2a2ac3d8139d40edcebf48fe3978b2eb7f2a
214,K334D,SINGLE,PLACEHOLDER_UNKNOWN,UNKNOWN,true,6.1132900000000001,279.88099999999997,45.782400000000003,kcat_div_KM,45.782385589428927,4.4234099999999996,666.71400000000006,150.72399999999999,kcat_div_KM,150.72398895874451,PASS_HEADER_DECLARED,ELIGIBLE,,MISSING_REQUIRED_FIELD,PASS_SUPPLIED,02d30d2c5784791b582fda1d260f8c3fb5c4fc98df45dbec08a147d19dcfd8f1
183,L336S,SINGLE,PLACEHOLDER_UNKNOWN,UNKNOWN,true,8.0246399999999998,189.185,23.575500000000002,kcat_div_KM,23.575512421741038,4.4234099999999996,666.71400000000006,150.72399999999999,kcat_div_KM,150.72398895874451,PASS_HEADER_DECLARED,ELIGIBLE,,MISSING_REQUIRED_FIELD,PASS_SUPPLIED,5d12e3a0e5d39c7a9fcd1190ee3bfb7f64fdfd2c51e5f4c89c7e1220a9d1a202
2020,E340S,SINGLE,PRESENT,group_0093,true,3.5398499999999999,308.72500000000002,87.214200000000005,kcat_div_KM,87.214147492125377,3.9299900000000001,274.06700000000001,69.737399999999994,kcat_div_KM,69.73732757589714,PASS_HEADER_DECLARED,ELIGIBLE,,,PASS_SUPPLIED,75c9f1342db1051629c7f275d8a88077f9f1e145c2e08742d8c0f402e772fb18
2334,E340A,SINGLE,PRESENT,group_0607,true,2.64175,608.745,230.43299999999999,kcat_div_KM,230.43247847071069,3.91669,377.23899999999998,96.315899999999999,kcat_div_KM,96.315766629475391,PASS_HEADER_DECLARED,ELIGIBLE,,,PASS_SUPPLIED,02aa572de9c5d9f632198cb4951659efe9576739749d2ceba34d8403cc0be7a6
2368,E340A,SINGLE,PRESENT,group_0608,true,0.52973700000000001,208.40299999999999,393.40800000000002,kcat_div_KM,393.40842720066746,1.6274999999999999,190.31,116.934,kcat_div_KM,116.93394777265746,PASS_HEADER_DECLARED,ELIGIBLE,,,PASS_SUPPLIED,02aa572de9c5d9f632198cb4951659efe9576739749d2ceba34d8403cc0be7a6
3326,E340A,SINGLE,PRESENT,group_0138,true,2.9628700000000001,268.36099999999999,90.5749,kcat_div_KM,90.574679280562421,3.1236899999999999,264.13099999999997,84.557299999999998,kcat_div_KM,84.557366448015003,PASS_HEADER_DECLARED,ELIGIBLE,,,PASS_SUPPLIED,02aa572de9c5d9f632198cb4951659efe9576739749d2ceba34d8403cc0be7a6
4451,E340K,SINGLE,PRESENT,group_0012,true,2.1528930000000002,365.20639999999997,169.6352,kcat_div_KM,169.63518391299519,3.63442,410.779,113.02500000000001,kcat_div_KM,113.02463666829921,PASS_HEADER_DECLARED,ELIGIBLE,,,PASS_SUPPLIED,0cd5d03774016033d955144612ca81ea55ad9f004ec57f7ccdabd90f84f713c1
4564,E340A,SINGLE,PRESENT,group_0047,true,4.6168459999999998,371.9991,80.574309999999997,kcat_div_KM,80.574292493186917,6.2479399999999998,337.34899999999999,53.993699999999997,kcat_div_KM,53.99363630252531,PASS_HEADER_DECLARED,ELIGIBLE,,,PASS_SUPPLIED,02aa572de9c5d9f632198cb4951659efe9576739749d2ceba34d8403cc0be7a6
1134,K341A,SINGLE,PRESENT,group_0047,true,5.1957800000000001,363.78500000000003,70.015600000000006,kcat_div_KM,70.015474096285843,6.7414300000000003,229.22300000000001,34.002200000000002,kcat_div_KM,34.002133078590148,PASS_HEADER_DECLARED,ELIGIBLE,,,PASS_SUPPLIED,87153f6c08ee51d92266f60d2384bf95e2cf162e22c8aac4b502ed7ff7106e49
98,K341A,SINGLE,PLACEHOLDER_UNKNOWN,UNKNOWN,true,5.46,857.26999999999998,156.94999999999999,kcat_div_KM,157.00915750915752,,,,missing,,PASS_HEADER_DECLARED,ELIGIBLE,,MISSING_REQUIRED_FIELD,PASS_SUPPLIED,87153f6c08ee51d92266f60d2384bf95e2cf162e22c8aac4b502ed7ff7106e49
99,F343S,SINGLE,PLACEHOLDER_UNKNOWN,UNKNOWN,false,,,,missing,,,,,missing,,PASS_HEADER_DECLARED,QUARANTINE,EXPRESSION_CONTRADICTION|MISSING_REQUIRED_FIELD,MISSING_REQUIRED_FIELD,PASS_SUPPLIED,68fb0ff8ca8a83aeac041127cc500a4857c8595ed1e413a1d57d3c7a72be2e81
3758,F343E,SINGLE,PRESENT,group_0609,false,,,,missing,,,,,missing,,PASS_HEADER_DECLARED,QUARANTINE,EXPRESSION_CONTRADICTION|MISSING_REQUIRED_FIELD,,PASS_SUPPLIED,f10b8ee03a8f274c0a57133716643660bcb554e7a22a39c09bfbc8e6f10b0756
3815,F343E,SINGLE,PRESENT,group_0610,true,45.4129,28.988800000000001,0.63833899999999999,kcat_div_KM,0.63833844568393561,3.9996700000000001,264.63600000000002,66.164400000000001,kcat_div_KM,66.164458567831858,PASS_HEADER_DECLARED,ELIGIBLE,,,PASS_SUPPLIED,f10b8ee03a8f274c0a57133716643660bcb554e7a22a39c09bfbc8e6f10b0756
191,L350I,SINGLE,PLACEHOLDER_UNKNOWN,UNKNOWN,true,5.7109399999999999,535.87599999999998,93.833100000000002,kcat_div_KM,93.833239361646235,6.6269799999999996,384.20299999999997,57.975499999999997,kcat_div_KM,57.975578619522011,PASS_HEADER_DECLARED,ELIGIBLE,,MISSING_REQUIRED_FIELD,PASS_SUPPLIED,1fe07716c68cc03576f4a1717b833232e153ef72b716b6aae86f20e305adfa23
3219,L350I,SINGLE,PRESENT,group_0168,true,3.7124700000000002,27.384599999999999,7.3763899999999998,kcat_div_KM,7.3763828394572881,2.3860000000000001,227.845,95.492699999999999,kcat_div_KM,95.492455993294215,PASS_HEADER_DECLARED,ELIGIBLE,,,PASS_SUPPLIED,1fe07716c68cc03576f4a1717b833232e153ef72b716b6aae86f20e305adfa23
203,I351V,SINGLE,PLACEHOLDER_UNKNOWN,UNKNOWN,true,4.7815899999999996,436.06599999999997,91.196700000000007,kcat_div_KM,91.196861295092219,4.4234099999999996,666.71400000000006,150.72399999999999,kcat_div_KM,150.72398895874451,PASS_HEADER_DECLARED,ELIGIBLE,,MISSING_REQUIRED_FIELD,PASS_SUPPLIED,f620af05a4793bb4f64a8aa6a030fed578265503964b9dab4af35beb5d217a92
1349,T352V,SINGLE,PRESENT,group_0611,true,2.6792699999999998,79.094099999999997,29.520800000000001,kcat_div_KM,29.520764984492047,8.85731,1067.6700000000001,120.541,kcat_div_KM,120.5411123693311,PASS_HEADER_DECLARED,ELIGIBLE,,,PASS_SUPPLIED,9db82e002f09b4ddd7f4f3ecc56b392c1722bb12e36f3a2a89e7480aac25ea0d
1353,T352V,SINGLE,PRESENT,group_0612,true,2.6792699999999998,79.094099999999997,29.520800000000001,kcat_div_KM,29.520764984492047,,,,missing,,PASS_HEADER_DECLARED,ELIGIBLE,,WT_BASELINE_GLOBAL_ONLY,PASS_SUPPLIED,9db82e002f09b4ddd7f4f3ecc56b392c1722bb12e36f3a2a89e7480aac25ea0d
1594,T352A,SINGLE,PRESENT,group_0613,false,,,,missing,,24.200199999999999,1340.1199999999999,55.376600000000003,kcat_div_KM,55.376401847918608,PASS_HEADER_DECLARED,QUARANTINE,EXPRESSION_CONTRADICTION|MISSING_REQUIRED_FIELD,,PASS_SUPPLIED,6935f60da5a355e38a8a74568e0c36ce4503021e0941f4145c14f17d996e8dbd
1602,T352V,SINGLE,PRESENT,group_0614,true,,,,missing,,45.299700000000001,1586.6800000000001,35.026200000000003,kcat_div_KM,35.026280527244111,PASS_HEADER_DECLARED,QUARANTINE,MISSING_REQUIRED_FIELD,,PASS_SUPPLIED,9db82e002f09b4ddd7f4f3ecc56b392c1722bb12e36f3a2a89e7480aac25ea0d
311,T352S,SINGLE,PRESENT,group_0615,true,5.1139000000000001,234.38800000000001,45.833500000000001,kcat_div_KM,45.833512583351258,1.21522,317.45600000000002,261.23399999999998,kcat_div_KM,261.23335692302629,PASS_HEADER_DECLARED,ELIGIBLE,,,PASS_SUPPLIED,c54a6b7021fc4e726e2f79aff9f2d1596fade8d22c9651d3e09bf1b2d6f0f789
332,T352S,SINGLE,PRESENT,group_0616,false,,,,missing,,,,,missing,,PASS_HEADER_DECLARED,QUARANTINE,EXPRESSION_CONTRADICTION|MISSING_REQUIRED_FIELD,,PASS_SUPPLIED,c54a6b7021fc4e726e2f79aff9f2d1596fade8d22c9651d3e09bf1b2d6f0f789
666,T352P,SINGLE,PRESENT,group_0085,true,5.2087300000000001,252.642,48.503500000000003,kcat_div_KM,48.503569968111229,6.1213699999999998,348.47699999999998,56.927900000000001,kcat_div_KM,56.927942601084396,PASS_HEADER_DECLARED,ELIGIBLE,,,PASS_SUPPLIED,81bb13569254d7a3250e2e9b7a91485f2b06be1dfdef77173dd266fb3f4d8d9b
100,T352A,SINGLE,PLACEHOLDER_UNKNOWN,UNKNOWN,true,14.26,49.790900000000001,3.4637199999999999,kcat_div_KM,3.4916479663394111,,,,missing,,PASS_HEADER_DECLARED,ELIGIBLE,,MISSING_REQUIRED_FIELD,PASS_SUPPLIED,6935f60da5a355e38a8a74568e0c36ce4503021e0941f4145c14f17d996e8dbd
2048,T352G,SINGLE,PRESENT,group_0096,true,6.8329899999999997,21.090399999999999,3.08656,kcat_div_KM,3.086555080572341,6.1248800000000001,366.73200000000003,59.875799999999998,kcat_div_KM,59.875785321508346,PASS_HEADER_DECLARED,ELIGIBLE,,,PASS_SUPPLIED,d4d3ed2cb68960c409111a8f563d3e94c71dd4142776fcfab663f674ca71417e
2493,T352W,SINGLE,PRESENT,group_0532,false,,,,missing,,4.2853199999999996,723.322,168.78999999999999,kcat_div_KM,168.79066207424418,PASS_HEADER_DECLARED,QUARANTINE,EXPRESSION_CONTRADICTION|MISSING_REQUIRED_FIELD,,PASS_SUPPLIED,d46574ab9a87c2655cf7d56be41cafc984e363813185298c355e1c5f9739babc
3293,T352A,SINGLE,PRESENT,group_0098,true,8.7392500000000002,116.351,13.313599999999999,kcat_div_KM,13.313613868466973,5.1783099999999997,285.79500000000002,55.190800000000003,kcat_div_KM,55.190786183136979,PASS_HEADER_DECLARED,ELIGIBLE,,,PASS_SUPPLIED,6935f60da5a355e38a8a74568e0c36ce4503021e0941f4145c14f17d996e8dbd
4076,T352L,SINGLE,PRESENT,group_0229,true,54.120359999999998,47.195880000000002,0.872054,kcat_div_KM,0.87205406615920522,6.1299400000000004,1019.8200000000001,166.36699999999999,kcat_div_KM,166.36704437563827,PASS_HEADER_DECLARED,ELIGIBLE,,,PASS_SUPPLIED,b032edf92b25db57d9c246da6cb62b104ca40eb21a2a66df7971555977e8a926
644,E353D,SINGLE,PRESENT,group_0617,true,2.34782,1.6002400000000001,0.68158399999999997,kcat_div_KM,0.68158547077714648,4.1949699999999996,719.97500000000002,171.62799999999999,kcat_div_KM,171.62816420618029,PASS_HEADER_DECLARED,ELIGIBLE,,,PASS_SUPPLIED,98610cc9f57d76448f464c74ca8e56b3c95da52b7086d00cab6b34884b04e85b
101,E353A,SINGLE,PLACEHOLDER_UNKNOWN,UNKNOWN,true,,,,missing,,,,,missing,,PASS_HEADER_DECLARED,QUARANTINE,MISSING_REQUIRED_FIELD,MISSING_REQUIRED_FIELD,PASS_SUPPLIED,24c9ec82a6efdba5c80709a2e07015efda487f759d33022dfbc4561aa251589a
102,N354A,SINGLE,PLACEHOLDER_UNKNOWN,UNKNOWN,true,5.3799999999999999,2.1648200000000002,0.43296400000000002,kcat_div_KM,0.40238289962825285,,,,missing,,PASS_HEADER_DECLARED,ELIGIBLE,,MISSING_REQUIRED_FIELD,PASS_SUPPLIED,7cf9d11742b7a54944c89d99f7a4d786444b2e7eaf363adc45ee623422091c5a
3126,N354S,SINGLE,PRESENT,group_0618,true,2.1243599999999998,67.352400000000003,31.704799999999999,kcat_div_KM,31.704795797322493,3.26376,986.57000000000005,302.27999999999997,kcat_div_KM,302.28019217099296,PASS_HEADER_DECLARED,ELIGIBLE,,,PASS_SUPPLIED,bdba19012f44b43044bd2d09ac5b1ac8e286d74fcd871a9e6ca6ae7050ac536d
3389,N354S,SINGLE,PRESENT,group_0100,true,4.5468299999999999,41.887900000000002,9.2125599999999999,kcat_div_KM,9.2125502822845817,6.8624200000000002,358.947,52.306100000000001,kcat_div_KM,52.306183532922788,PASS_HEADER_DECLARED,ELIGIBLE,,,PASS_SUPPLIED,bdba19012f44b43044bd2d09ac5b1ac8e286d74fcd871a9e6ca6ae7050ac536d
103,G355A,SINGLE,PLACEHOLDER_UNKNOWN,UNKNOWN,false,,,,missing,,,,,missing,,PASS_HEADER_DECLARED,QUARANTINE,EXPRESSION_CONTRADICTION|MISSING_REQUIRED_FIELD,MISSING_REQUIRED_FIELD,PASS_SUPPLIED,a8a92a2dcd942b0a8582760df5642b7876549ccc7e05ac44eddd10f4fe331f01
2461,G355N,SINGLE,PRESENT,group_0619,true,8.6507400000000008,0.36745299999999997,0.0424765,kcat_div_KM,0.042476481780749385,4.6604200000000002,707.10400000000004,151.72499999999999,kcat_div_KM,151.72538097424695,PASS_HEADER_DECLARED,ELIGIBLE,,,PASS_SUPPLIED,7ffb89f6456b68386adbbef2466a3006d2ac0ce0496adf060d6fede0b7456537
3347,A356T,SINGLE,PRESENT,group_0100,true,2.8932799999999999,285.35500000000002,98.6267,kcat_div_KM,98.626818005861864,6.7104600000000003,374.17700000000002,55.760300000000001,kcat_div_KM,55.760260846499349,PASS_HEADER_DECLARED,ELIGIBLE,,,PASS_SUPPLIED,3b92094adfb41815f7595f41912eb0a8527265537bb0687ff7e837405ed8d20d
104,M358T,SINGLE,PLACEHOLDER_UNKNOWN,UNKNOWN,true,4.8300000000000001,357.19600000000003,74.036900000000003,kcat_div_KM,73.9536231884058,,,,missing,,PASS_HEADER_DECLARED,ELIGIBLE,,MISSING_REQUIRED_FIELD,PASS_SUPPLIED,25e41938031daddef21fd1bcbca3d8933d140da6042df095b20bcecd963794d9
105,L362M,SINGLE,PLACEHOLDER_UNKNOWN,UNKNOWN,true,5.2000000000000002,751.19299999999998,144.39400000000001,kcat_div_KM,144.4601923076923,,,,missing,,PASS_HEADER_DECLARED,ELIGIBLE,,MISSING_REQUIRED_FIELD,PASS_SUPPLIED,03869957808cba95a7815a6fb6d4db95a7547ddb3010010f5a1750143015dedb
217,V363N,SINGLE,PLACEHOLDER_UNKNOWN,UNKNOWN,true,4.6353400000000002,478.16500000000002,103.15600000000001,kcat_div_KM,103.1564027665716,4.4234099999999996,666.71400000000006,150.72399999999999,kcat_div_KM,150.72398895874451,PASS_HEADER_DECLARED,ELIGIBLE,,MISSING_REQUIRED_FIELD,PASS_SUPPLIED,6b82cf61f5accdb273e95daa149cc6ed52c526cd28aec9491290acd0a2b0bd62
2096,V363Q,SINGLE,PRESENT,group_0004,true,5.9089600000000004,57.224899999999998,9.6844300000000008,kcat_div_KM,9.6844283934905633,5.8068799999999996,1017.46,175.21700000000001,kcat_div_KM,175.21629515333538,PASS_HEADER_DECLARED,ELIGIBLE,,,PASS_SUPPLIED,a7b2400bcc6d59e31c1cae4c83c876a7235d85e3419beca5df9c973a28dc7cae
2104,V363Q,SINGLE,PRESENT,group_0100,true,5.4357199999999999,348.108,64.040700000000001,kcat_div_KM,64.040826238290421,8.4216800000000003,489.11799999999999,58.078400000000002,kcat_div_KM,58.078435656543583,PASS_HEADER_DECLARED,ELIGIBLE,,,PASS_SUPPLIED,a7b2400bcc6d59e31c1cae4c83c876a7235d85e3419beca5df9c973a28dc7cae
166,G365N,SINGLE,PLACEHOLDER_UNKNOWN,UNKNOWN,true,4.7691100000000004,961.64599999999996,201.64099999999999,kcat_div_KM,201.64055767218619,4.4234099999999996,666.71400000000006,150.72399999999999,kcat_div_KM,150.72398895874451,PASS_HEADER_DECLARED,ELIGIBLE,,MISSING_REQUIRED_FIELD,PASS_SUPPLIED,97c8c6cb1f6fe000e6ccc5186cd61897b2141937f8ce4fdace042507132b023d
3084,R372F,SINGLE,PRESENT,group_0159,true,4.83995,1.0348599999999999,0.21381700000000001,kcat_div_KM,0.2138162584324218,3.39683,604.26499999999999,177.89099999999999,kcat_div_KM,177.89085706379183,PASS_HEADER_DECLARED,ELIGIBLE,,,PASS_SUPPLIED,ab20ac10d994354ef942790bca921c8a0a7a14402e4f4b2dd16d2d18fb59386e
3085,R372H,SINGLE,PRESENT,group_0159,true,3.7292399999999999,625.20399999999995,167.649,kcat_div_KM,167.64917248554664,2.97736,574.06299999999999,192.809,kcat_div_KM,192.80940161754037,PASS_HEADER_DECLARED,ELIGIBLE,,,PASS_SUPPLIED,d1f89e3a16dfab3d4c7c93aa2b11066f56de420c1ea3afbdbadd6e654c5b0c21
3087,R372W,SINGLE,PRESENT,group_0159,true,0.55564000000000002,0.31007499999999999,0.55805099999999996,kcat_div_KM,0.55805017637319121,2.97736,574.06299999999999,192.809,kcat_div_KM,192.80940161754037,PASS_HEADER_DECLARED,ELIGIBLE,,,PASS_SUPPLIED,df1ab031fa9f366e81782726ac03b795f58ce0a373a75daeae1cf0b072474b01
3088,R372Y,SINGLE,PRESENT,group_0159,true,2.8846400000000001,1.6605399999999999,0.57565100000000002,kcat_div_KM,0.57564895446225517,2.97736,574.06299999999999,192.809,kcat_div_KM,192.80940161754037,PASS_HEADER_DECLARED,ELIGIBLE,,,PASS_SUPPLIED,e05587ac19ea2b63330598a175c984d5778f9f0b03eeda0b2232be545c57d3c3
106,H373R,SINGLE,PLACEHOLDER_UNKNOWN,UNKNOWN,true,6.3099999999999996,580.17200000000003,92.004900000000006,kcat_div_KM,91.944849445324891,,,,missing,,PASS_HEADER_DECLARED,ELIGIBLE,,MISSING_REQUIRED_FIELD,PASS_SUPPLIED,cdec54ffe3b9b6d83fcd6ff102f7a50435fdce1ce407b3ebcfa6d69c9a87d46b
184,Y375H,SINGLE,PLACEHOLDER_UNKNOWN,UNKNOWN,true,5.4488799999999999,418.666,76.835300000000004,kcat_div_KM,76.835239535464169,4.4234099999999996,666.71400000000006,150.72399999999999,kcat_div_KM,150.72398895874451,PASS_HEADER_DECLARED,ELIGIBLE,,MISSING_REQUIRED_FIELD,PASS_SUPPLIED,ece104331b9ab26053967f3d8d96c7d1cb6d1debb95c0fff363f477892544453
3750,Y375T,SINGLE,PRESENT,group_0620,true,,,0.085239899999999993,reported_kcatKM,0.085239899999999993,,,,missing,,PASS_HEADER_DECLARED,ELIGIBLE,,WT_BASELINE_GLOBAL_ONLY,PASS_SUPPLIED,e5aba724b5272f0298588b49d51f86d08ced9492a82bd6d0da3fe4d1220f502e
324,E377Q,SINGLE,PRESENT,group_0621,true,4.8558899999999996,1537.3699999999999,316.59800000000001,kcat_div_KM,316.59901686405584,3.8553899999999999,425.96600000000001,110.486,kcat_div_KM,110.48583930549179,PASS_HEADER_DECLARED,ELIGIBLE,,ID_JOIN_MISSING,PASS_REGENERATED,67fb3256d6e3bf3b8c3d5f61bde4c0c2643b47366883eea67821dfa8c25bfe8b
207,E377S,SINGLE,PLACEHOLDER_UNKNOWN,UNKNOWN,true,4.6375400000000004,590.56600000000003,127.345,kcat_div_KM,127.34466980338713,4.4234099999999996,666.71400000000006,150.72399999999999,kcat_div_KM,150.72398895874451,PASS_HEADER_DECLARED,ELIGIBLE,,MISSING_REQUIRED_FIELD,PASS_SUPPLIED,6b9f98101324f52916d5c432290e0b56176328c837966d8612e94fcdc6bc9a2d
2569,H379Y,SINGLE,PRESENT,group_0622,true,2.4333800000000001,274.02600000000001,112.611,kcat_div_KM,112.61126498943855,4.1185499999999999,531.06399999999996,128.94499999999999,kcat_div_KM,128.94441004722535,PASS_HEADER_DECLARED,ELIGIBLE,,,PASS_SUPPLIED,bc13fa42a3406fec0c553da8ad824ace4f6cd757ef0c2aad999de5868fdfd1f1
1217,H379Y,SINGLE,PRESENT,group_0059,true,5.0152200000000002,35.253599999999999,7.0293200000000002,kcat_div_KM,7.0293227415746458,4.8862800000000002,272.38099999999997,55.744,kcat_div_KM,55.744042502680969,PASS_HEADER_DECLARED,ELIGIBLE,,,PASS_SUPPLIED,bc13fa42a3406fec0c553da8ad824ace4f6cd757ef0c2aad999de5868fdfd1f1
107,H379R,SINGLE,PLACEHOLDER_UNKNOWN,UNKNOWN,true,,,,missing,,,,,missing,,PASS_HEADER_DECLARED,QUARANTINE,MISSING_REQUIRED_FIELD,MISSING_REQUIRED_FIELD,PASS_SUPPLIED,4ca170f2508d41dadd63e6fca19e835ce6b5731176a78dcfb53a247486c671b0
108,H379T,SINGLE,PLACEHOLDER_UNKNOWN,UNKNOWN,false,,,,missing,,,,,missing,,PASS_HEADER_DECLARED,QUARANTINE,EXPRESSION_CONTRADICTION|MISSING_REQUIRED_FIELD,MISSING_REQUIRED_FIELD,PASS_SUPPLIED,1d45d78b77e8509daf4aa760a436727064b34837a220306af2bec033c6fc119e
2512,H379Y,SINGLE,PRESENT,group_0031,true,0.221777,343.67899999999997,1549.6600000000001,kcat_div_KM,1549.6602442994538,1.3071299999999999,570.85900000000004,436.726,kcat_div_KM,436.72702791612164,PASS_HEADER_DECLARED,ELIGIBLE,,,PASS_SUPPLIED,bc13fa42a3406fec0c553da8ad824ace4f6cd757ef0c2aad999de5868fdfd1f1
2577,H379Y,SINGLE,PRESENT,group_0623,true,6.0967099999999999,313.39400000000001,51.4039,kcat_div_KM,51.403789912920246,4.1185499999999999,531.06399999999996,128.94499999999999,kcat_div_KM,128.94441004722535,PASS_HEADER_DECLARED,ELIGIBLE,,,PASS_SUPPLIED,bc13fa42a3406fec0c553da8ad824ace4f6cd757ef0c2aad999de5868fdfd1f1
2579,H379Y,SINGLE,PRESENT,group_0624,true,0.30201099999999997,371.411,1229.79,kcat_div_KM,1229.7929545612578,4.1185499999999999,531.06399999999996,128.94499999999999,kcat_div_KM,128.94441004722535,PASS_HEADER_DECLARED,ELIGIBLE,,,PASS_SUPPLIED,bc13fa42a3406fec0c553da8ad824ace4f6cd757ef0c2aad999de5868fdfd1f1
2585,H379Y,SINGLE,PRESENT,group_0625,true,0.75373500000000004,72.124099999999999,95.688900000000004,kcat_div_KM,95.68893576654925,4.8851100000000001,308.80599999999998,63.213700000000003,kcat_div_KM,63.213724972416173,PASS_HEADER_DECLARED,ELIGIBLE,,,PASS_SUPPLIED,bc13fa42a3406fec0c553da8ad824ace4f6cd757ef0c2aad999de5868fdfd1f1
2588,H379Y,SINGLE,PRESENT,group_0626,true,5.2760999999999996,98.550200000000004,18.678599999999999,kcat_div_KM,18.678607304637897,4.8851100000000001,308.80599999999998,63.213700000000003,kcat_div_KM,63.213724972416173,PASS_HEADER_DECLARED,ELIGIBLE,,,PASS_SUPPLIED,bc13fa42a3406fec0c553da8ad824ace4f6cd757ef0c2aad999de5868fdfd1f1
2724,H379Y,SINGLE,PRESENT,group_0627,true,,,,missing,,,,,missing,,PASS_HEADER_DECLARED,QUARANTINE,MISSING_REQUIRED_FIELD,,PASS_SUPPLIED,bc13fa42a3406fec0c553da8ad824ace4f6cd757ef0c2aad999de5868fdfd1f1
2726,H379Y,SINGLE,PRESENT,group_0628,true,,,,missing,,,,,missing,,PASS_HEADER_DECLARED,QUARANTINE,MISSING_REQUIRED_FIELD,,PASS_SUPPLIED,bc13fa42a3406fec0c553da8ad824ace4f6cd757ef0c2aad999de5868fdfd1f1
2770,H379Y,SINGLE,PRESENT,group_0629,true,,,,missing,,,,,missing,,PASS_HEADER_DECLARED,QUARANTINE,MISSING_REQUIRED_FIELD,,PASS_SUPPLIED,bc13fa42a3406fec0c553da8ad824ace4f6cd757ef0c2aad999de5868fdfd1f1
2775,H379Y,SINGLE,PRESENT,group_0630,true,,,,missing,,,,,missing,,PASS_HEADER_DECLARED,QUARANTINE,MISSING_REQUIRED_FIELD,,PASS_SUPPLIED,bc13fa42a3406fec0c553da8ad824ace4f6cd757ef0c2aad999de5868fdfd1f1
2776,H379Y,SINGLE,PRESENT,group_0631,true,,,,missing,,,,,missing,,PASS_HEADER_DECLARED,QUARANTINE,MISSING_REQUIRED_FIELD,,PASS_SUPPLIED,bc13fa42a3406fec0c553da8ad824ace4f6cd757ef0c2aad999de5868fdfd1f1
174,H384R,SINGLE,PLACEHOLDER_UNKNOWN,UNKNOWN,true,5.9953399999999997,31.389800000000001,5.2356999999999996,kcat_div_KM,5.2356997267878054,4.4234099999999996,666.71400000000006,150.72399999999999,kcat_div_KM,150.72398895874451,PASS_HEADER_DECLARED,ELIGIBLE,,MISSING_REQUIRED_FIELD,PASS_SUPPLIED,03ae8f1fed11df82aa484cd748562846b8f8d6a4783cba65f551156dcddf3dbb
215,H384A,SINGLE,PLACEHOLDER_UNKNOWN,UNKNOWN,true,6.2189399999999999,644.85599999999999,103.69199999999999,kcat_div_KM,103.69226910052195,4.4234099999999996,666.71400000000006,150.72399999999999,kcat_div_KM,150.72398895874451,PASS_HEADER_DECLARED,ELIGIBLE,,MISSING_REQUIRED_FIELD,PASS_SUPPLIED,7c60e4423b1e7bbbe0c3a0ebfb7d35f6a569611d6cba05c27134b01260fe8ff5
3243,H384I,SINGLE,PRESENT,group_0025,true,2.2252700000000001,176.08000000000001,79.127600000000001,kcat_div_KM,79.127476665752923,1.18483,195.32400000000001,164.85400000000001,kcat_div_KM,164.85402969202332,PASS_HEADER_DECLARED,ELIGIBLE,,,PASS_SUPPLIED,ac1b2e1f9edd1edf79b6a64bfffe925203f39f3e8ec35a272fdba2ef262acb0e
3249,H384I,SINGLE,PRESENT,group_0025,true,3.2387299999999999,190.31999999999999,58.763800000000003,kcat_div_KM,58.763774689461613,2.8230400000000002,209.744,74.297300000000007,kcat_div_KM,74.297211516662884,PASS_HEADER_DECLARED,ELIGIBLE,,,PASS_SUPPLIED,ac1b2e1f9edd1edf79b6a64bfffe925203f39f3e8ec35a272fdba2ef262acb0e
1716,I387K,SINGLE,PRESENT,group_0010,true,9.2880800000000008,94.523300000000006,10.1768,kcat_div_KM,10.176839562105409,5.7357100000000001,401.18000000000001,69.944299999999998,kcat_div_KM,69.944261477654905,PASS_HEADER_DECLARED,ELIGIBLE,,,PASS_SUPPLIED,08b6564524d3da5301be5ea58b6337470a4b2cfb062bb6c8ce391dd30bcfba9f
1146,E388G,SINGLE,PRESENT,group_0053,true,1.62371,177.929,109.58199999999999,kcat_div_KM,109.58176028970691,3.98719,288.83300000000003,72.440299999999993,kcat_div_KM,72.440239868177841,PASS_HEADER_DECLARED,ELIGIBLE,,,PASS_SUPPLIED,20712141c058aa725b81ff1a4f2b33dca3aebb31ee8679354c76725fed5bfb0a
1168,E388L,SINGLE,PRESENT,group_0055,true,3.9518399999999998,201.51400000000001,50.992400000000004,kcat_div_KM,50.992449087007579,4.3323600000000004,363.67500000000001,83.943899999999999,kcat_div_KM,83.943855081295183,PASS_HEADER_DECLARED,ELIGIBLE,,,PASS_SUPPLIED,c019ec359ce1dc73bbafe5f0eb075a1c014bc706d18e3b9daaf1607f4adfb043
755,E388L,SINGLE,PRESENT,group_0089,true,6.6204299999999998,71.551500000000004,10.807700000000001,kcat_div_KM,10.807681676265743,,,,missing,,PASS_HEADER_DECLARED,ELIGIBLE,,,PASS_SUPPLIED,c019ec359ce1dc73bbafe5f0eb075a1c014bc706d18e3b9daaf1607f4adfb043
759,E388R,SINGLE,PRESENT,group_0089,true,3.6712600000000002,304.577,82.962599999999995,kcat_div_KM,82.962525127612864,,,,missing,,PASS_HEADER_DECLARED,ELIGIBLE,,,PASS_SUPPLIED,e6ed82713caf4ad782fe2faa429f4640a3254edf5f624cb9483754f76867970d
761,E388F,SINGLE,PRESENT,group_0089,true,4.7937200000000004,317.71300000000002,66.276899999999998,kcat_div_KM,66.276920637834493,,,,missing,,PASS_HEADER_DECLARED,ELIGIBLE,,,PASS_SUPPLIED,9bd4e230231a69c7214eb6dc9f67340dd28753a8d6f1702fbc1a8cebcb4ca45b
3327,E388L,SINGLE,PRESENT,group_0261,true,0.33458900000000003,66.665300000000002,199.245,kcat_div_KM,199.24534279369612,3.0962000000000001,256.82600000000002,82.948599999999999,kcat_div_KM,82.948775918868293,PASS_HEADER_DECLARED,ELIGIBLE,,,PASS_SUPPLIED,c019ec359ce1dc73bbafe5f0eb075a1c014bc706d18e3b9daaf1607f4adfb043
3811,E388H,SINGLE,PRESENT,group_0632,true,,,187.41200000000001,reported_kcatKM,187.41200000000001,3.9996700000000001,264.63600000000002,66.164400000000001,kcat_div_KM,66.164458567831858,PASS_HEADER_DECLARED,ELIGIBLE,,,PASS_SUPPLIED,6e0e9fd8f56d94ee7b0323738669652736a6ef6c13b96c3b1b51565afe6ec222
3812,E388H,SINGLE,PRESENT,group_0633,true,3.0943800000000001,382.24799999999999,123.53,kcat_div_KM,123.52975394101564,3.9996700000000001,264.63600000000002,66.164400000000001,kcat_div_KM,66.164458567831858,PASS_HEADER_DECLARED,ELIGIBLE,,,PASS_SUPPLIED,6e0e9fd8f56d94ee7b0323738669652736a6ef6c13b96c3b1b51565afe6ec222
3816,E388H,SINGLE,PRESENT,group_0634,true,4.7880500000000001,108.68600000000001,22.6995,kcat_div_KM,22.699428786249101,,,,missing,,PASS_HEADER_DECLARED,ELIGIBLE,,WT_BASELINE_GLOBAL_ONLY,PASS_SUPPLIED,6e0e9fd8f56d94ee7b0323738669652736a6ef6c13b96c3b1b51565afe6ec222
4219,E388D,SINGLE,PRESENT,group_0230,true,4.9024359999999998,446.0478,90.984930000000006,kcat_div_KM,90.984930756872714,6.8648999999999996,539.78800000000001,78.630099999999999,kcat_div_KM,78.630132995382311,PASS_HEADER_DECLARED,ELIGIBLE,,,PASS_SUPPLIED,3b03fa4d2ff2fff0dca04393115bed825aaadf6eaaae51797ea7cfbac8ce3428
4375,E388D,SINGLE,PRESENT,group_0635,true,5.2782109999999998,424.81290000000001,80.484250000000003,kcat_div_KM,80.484258776316452,1.0908,155.482,142.53999999999999,kcat_div_KM,142.53942060872754,PASS_HEADER_DECLARED,ELIGIBLE,,,PASS_SUPPLIED,3b03fa4d2ff2fff0dca04393115bed825aaadf6eaaae51797ea7cfbac8ce3428
4377,E388D,SINGLE,PRESENT,group_0635,true,4.4541849999999998,424.04180000000002,95.200739999999996,kcat_div_KM,95.200760632977762,3.9591699999999999,351.77999999999997,88.852000000000004,kcat_div_KM,88.851956344385314,PASS_HEADER_DECLARED,ELIGIBLE,,,PASS_SUPPLIED,3b03fa4d2ff2fff0dca04393115bed825aaadf6eaaae51797ea7cfbac8ce3428
3220,E389R,SINGLE,PRESENT,group_0168,true,,,,missing,,,,,missing,,PASS_HEADER_DECLARED,QUARANTINE,MISSING_REQUIRED_FIELD,,PASS_SUPPLIED,cb3b52a7232c651e97610b6b0cf76da2b32856322a8445bc0f9adce017d23916
240,Q392N,SINGLE,PLACEHOLDER_UNKNOWN,UNKNOWN,true,4.8441099999999997,331.38099999999997,68.409000000000006,kcat_div_KM,68.409057597783701,4.5038299999999998,352.49799999999999,78.266300000000001,kcat_div_KM,78.266275592107164,PASS_HEADER_DECLARED,ELIGIBLE,,MISSING_REQUIRED_FIELD,PASS_SUPPLIED,fcd160f2a0c3035eaa9d1f2ac8dc94685c12536bdba8c8fa7ae4d4d99a6b5b62
1691,Y396E,SINGLE,PRESENT,group_0636,false,,,,missing,,4.1284900000000002,156.98599999999999,38.025100000000002,kcat_div_KM,38.025040632289283,PASS_HEADER_DECLARED,QUARANTINE,EXPRESSION_CONTRADICTION|MISSING_REQUIRED_FIELD,,PASS_SUPPLIED,bf77569168770d70cc7411071f97ce655be8b026804395ffd920d658d5f9054f
1693,Y396F,SINGLE,PRESENT,group_0637,true,6.3982400000000004,154.999,24.225200000000001,kcat_div_KM,24.225255695316211,4.1284900000000002,156.98599999999999,38.025100000000002,kcat_div_KM,38.025040632289283,PASS_HEADER_DECLARED,ELIGIBLE,,,PASS_SUPPLIED,f772caf5284e191d59e174dd818308ed0f24f9deed071d132402b72e2075515a
1702,Y396W,SINGLE,PRESENT,group_0638,true,1.9628000000000001,14.1273,7.1975199999999999,kcat_div_KM,7.1975239453841446,4.0397999999999996,207.24600000000001,51.301000000000002,kcat_div_KM,51.3010545076489,PASS_HEADER_DECLARED,ELIGIBLE,,,PASS_SUPPLIED,441cfdfeb7c91986bdc949e9437f67b9df87c5559bf7dfd26c01f43b869d220d
1706,Y396D,SINGLE,PRESENT,group_0639,false,,,,missing,,4.1284900000000002,156.98599999999999,38.025100000000002,kcat_div_KM,38.025040632289283,PASS_HEADER_DECLARED,QUARANTINE,EXPRESSION_CONTRADICTION|MISSING_REQUIRED_FIELD,,PASS_SUPPLIED,2a7193ff6de45bd37b6108d7ec8467b50051e3d269d83aa4baf793e591c2863c
1707,Y396G,SINGLE,PRESENT,group_0640,false,,,,missing,,4.0397999999999996,207.24600000000001,51.301000000000002,kcat_div_KM,51.3010545076489,PASS_HEADER_DECLARED,QUARANTINE,EXPRESSION_CONTRADICTION|MISSING_REQUIRED_FIELD,,PASS_SUPPLIED,6311f97179b149b40eb3e8c86fe8539d868f43cf01d726af94f85935ab00293a
1708,Y396P,SINGLE,PRESENT,group_0641,false,,,,missing,,4.0397999999999996,207.24600000000001,51.301000000000002,kcat_div_KM,51.3010545076489,PASS_HEADER_DECLARED,QUARANTINE,EXPRESSION_CONTRADICTION|MISSING_REQUIRED_FIELD,,PASS_SUPPLIED,1e41b656abcf7a078dc7df1ea1d69d21485c6216232bd8c094a1269d3c206ce8
1709,Y396S,SINGLE,PRESENT,group_0009,false,,,,missing,,4.0397999999999996,207.24600000000001,51.301000000000002,kcat_div_KM,51.3010545076489,PASS_HEADER_DECLARED,QUARANTINE,EXPRESSION_CONTRADICTION|MISSING_REQUIRED_FIELD,,PASS_SUPPLIED,89fab505e36090c1e42597b2bc07e22bd7330b89f46ffdf391489fd4c4d1a30e
1710,Y396C,SINGLE,PRESENT,group_0642,false,,,,missing,,4.0397999999999996,207.24600000000001,51.301000000000002,kcat_div_KM,51.3010545076489,PASS_HEADER_DECLARED,QUARANTINE,EXPRESSION_CONTRADICTION|MISSING_REQUIRED_FIELD,,PASS_SUPPLIED,edd3d4398cbe760493c3125e05162a24bc08414465ec6c83457c67361102e952
1711,Y396P,SINGLE,PRESENT,group_0643,false,,,,missing,,4.1284900000000002,156.98599999999999,38.025100000000002,kcat_div_KM,38.025040632289283,PASS_HEADER_DECLARED,QUARANTINE,EXPRESSION_CONTRADICTION|MISSING_REQUIRED_FIELD,,PASS_SUPPLIED,1e41b656abcf7a078dc7df1ea1d69d21485c6216232bd8c094a1269d3c206ce8
1712,Y396V,SINGLE,PRESENT,group_0644,false,,,,missing,,4.1284900000000002,156.98599999999999,38.025100000000002,kcat_div_KM,38.025040632289283,PASS_HEADER_DECLARED,QUARANTINE,EXPRESSION_CONTRADICTION|MISSING_REQUIRED_FIELD,,PASS_SUPPLIED,6ef69a6417ce75f4acbd9fbed6645b5e92cfee5ad35a90a91bab09501226c330
3111,Y396R,SINGLE,PRESENT,group_0167,false,,,,missing,,2.2602899999999999,1091.99,483.12,kcat_div_KM,483.11942272894186,PASS_HEADER_DECLARED,QUARANTINE,EXPRESSION_CONTRADICTION|MISSING_REQUIRED_FIELD,,PASS_SUPPLIED,2d7436199f7fd6936c617622d34cee00f3036f45924198e3483360f1b1b0ef98
3751,Y396Q,SINGLE,PRESENT,group_0645,false,,,,missing,,,,,missing,,PASS_HEADER_DECLARED,QUARANTINE,EXPRESSION_CONTRADICTION|MISSING_REQUIRED_FIELD,,PASS_SUPPLIED,68d76f8ea982799a2c376afd6b2d70c2a58a2d9f7a6b6aad4012125c3dd9be0a
2074,F397H,SINGLE,PRESENT,group_0646,false,,,,missing,,2.27617,554.40300000000002,243.56800000000001,kcat_div_KM,243.56836264426647,PASS_HEADER_DECLARED,QUARANTINE,EXPRESSION_CONTRADICTION|MISSING_REQUIRED_FIELD,,PASS_SUPPLIED,3865e6853dc022831433882259afaa7a2cc758fad71285a499ccf73dfb27dfd7
2753,F397R,SINGLE,PRESENT,group_0647,false,,,,missing,,5.6865500000000004,241.874,42.534399999999998,kcat_div_KM,42.534401350555257,PASS_HEADER_DECLARED,QUARANTINE,EXPRESSION_CONTRADICTION|MISSING_REQUIRED_FIELD,,PASS_SUPPLIED,2246b7ebacfa902eea83269d1f00855c091dcd7202d2f96beeb49959f33356d4
2754,F397I,SINGLE,PRESENT,group_0648,true,2.0241500000000001,79.432000000000002,39.242100000000001,kcat_div_KM,39.242151026356744,5.6865500000000004,241.874,42.534399999999998,kcat_div_KM,42.534401350555257,PASS_HEADER_DECLARED,ELIGIBLE,,,PASS_SUPPLIED,47e68744ef701e09a3a5165b3df4a08f30c80e92665f7b6439f026140237ac67
2755,F397E,SINGLE,PRESENT,group_0649,false,,,,missing,,8.4214900000000004,267.17399999999998,31.725300000000001,kcat_div_KM,31.725264769061052,PASS_HEADER_DECLARED,QUARANTINE,EXPRESSION_CONTRADICTION|MISSING_REQUIRED_FIELD,,PASS_SUPPLIED,7c7353e85bfd9e6dd3523ee31caf8868cdc8d39406ea86ff064cc61e6a95ff86
2756,F397Y,SINGLE,PRESENT,group_0650,false,,,,missing,,8.4214900000000004,267.17399999999998,31.725300000000001,kcat_div_KM,31.725264769061052,PASS_HEADER_DECLARED,QUARANTINE,EXPRESSION_CONTRADICTION|MISSING_REQUIRED_FIELD,,PASS_SUPPLIED,e67b2f91107941d6e27706b3163853c63b759b474a5f999a941c1f43dee0ad64
2757,F397A,SINGLE,PRESENT,group_0651,true,2.7785700000000002,25.093599999999999,9.0311000000000003,kcat_div_KM,9.0311203244834566,5.6865500000000004,241.874,42.534399999999998,kcat_div_KM,42.534401350555257,PASS_HEADER_DECLARED,ELIGIBLE,,,PASS_SUPPLIED,217ae23f2f568d589fd9eb348ffd8997cae08565469e8893c107fcc8c2d6bbb0
2758,F397D,SINGLE,PRESENT,group_0652,false,,,,missing,,5.6865500000000004,241.874,42.534399999999998,kcat_div_KM,42.534401350555257,PASS_HEADER_DECLARED,QUARANTINE,EXPRESSION_CONTRADICTION|MISSING_REQUIRED_FIELD,,PASS_SUPPLIED,0ec75c6ab706779ee68696178f32eea432f17622e32afcea89f612c08ef76941
2759,F397S,SINGLE,PRESENT,group_0204,true,4.80525,87.960400000000007,18.305099999999999,kcat_div_KM,18.305062171583167,8.4214900000000004,267.17399999999998,31.725300000000001,kcat_div_KM,31.725264769061052,PASS_HEADER_DECLARED,ELIGIBLE,,,PASS_SUPPLIED,a46953b97bafe5cf5b45a2004eb6923033273fddfd76ecc7664b5970043281d4
2760,F397G,SINGLE,PRESENT,group_0653,false,,,,missing,,5.6865500000000004,241.874,42.534399999999998,kcat_div_KM,42.534401350555257,PASS_HEADER_DECLARED,QUARANTINE,EXPRESSION_CONTRADICTION|MISSING_REQUIRED_FIELD,,PASS_SUPPLIED,50e922337db2d876b6bdd05fec5f4f0947d605a6f932689103823e7603e3f85d
2764,F397W,SINGLE,PRESENT,group_0654,true,9.0248100000000004,105.02800000000001,11.637700000000001,kcat_div_KM,11.637696527683131,8.4214900000000004,267.17399999999998,31.725300000000001,kcat_div_KM,31.725264769061052,PASS_HEADER_DECLARED,ELIGIBLE,,,PASS_SUPPLIED,f3bee140a006f0259544649675d2e5c24347ad9cfa60777b7805e47d74027b9e
2767,F397N,SINGLE,PRESENT,group_0149,true,8.6808999999999994,86.288899999999998,9.9400899999999996,kcat_div_KM,9.9400868573535011,8.4214900000000004,267.17399999999998,31.725300000000001,kcat_div_KM,31.725264769061052,PASS_HEADER_DECLARED,ELIGIBLE,,,PASS_SUPPLIED,ce146f86e87b3d74f1f05dbeee1cd47cd9e7e68204b17e8df452a3d565d9b6a0
2768,F397V,SINGLE,PRESENT,group_0655,false,3.0074100000000001,7.1499699999999997,2.3774500000000001,kcat_div_KM,2.3774510292909845,8.4214900000000004,267.17399999999998,31.725300000000001,kcat_div_KM,31.725264769061052,PASS_HEADER_DECLARED,QUARANTINE,EXPRESSION_CONTRADICTION,,PASS_SUPPLIED,a66bea4a83f0dc8dcf3fa20e77a9e893f6b6f0c25aae7563ff5a4bb7a0c5d7f0
2774,F397K,SINGLE,PRESENT,group_0150,false,,,,missing,,5.6865500000000004,241.874,42.534399999999998,kcat_div_KM,42.534401350555257,PASS_HEADER_DECLARED,QUARANTINE,EXPRESSION_CONTRADICTION|MISSING_REQUIRED_FIELD,,PASS_SUPPLIED,3097302bc1c8260d6fdeb46ec70eec637ee35360bde7f9a2d59399800f8ac6c9
3848,F397C,SINGLE,PRESENT,group_0656,true,1.89317,20.327400000000001,10.737299999999999,kcat_div_KM,10.737229091946313,1.7605299999999999,130.714,74.246899999999997,kcat_div_KM,74.246959722356337,PASS_HEADER_DECLARED,ELIGIBLE,,,PASS_SUPPLIED,506dfaa31d36789c42cfe559d4ce2ce4419be4a63d94acabb342ffb8161fb49b
3850,F397M,SINGLE,PRESENT,group_0656,true,2.0922100000000001,155.84,74.485500000000002,kcat_div_KM,74.485830772245606,1.7605299999999999,130.714,74.246899999999997,kcat_div_KM,74.246959722356337,PASS_HEADER_DECLARED,ELIGIBLE,,,PASS_SUPPLIED,4e3b1aafd7c33ba518f2fcec1fbd98656c8f97c077495d86825b2a9bef4ae2db
3851,F397T,SINGLE,PRESENT,group_0204,true,1.32759,33.257599999999996,25.050999999999998,kcat_div_KM,25.051107646185944,1.49271,128.40600000000001,86.021900000000002,kcat_div_KM,86.022067246819546,PASS_HEADER_DECLARED,ELIGIBLE,,,PASS_SUPPLIED,53e49cdd4244a68936dcebaed7f4a11a07f77b72fe067280ddada10e5cb3ee40
3852,F397H,SINGLE,PRESENT,group_0656,true,3.1903100000000002,52.705599999999997,16.520499999999998,kcat_div_KM,16.520526218455259,1.7605299999999999,130.714,74.246899999999997,kcat_div_KM,74.246959722356337,PASS_HEADER_DECLARED,ELIGIBLE,,,PASS_SUPPLIED,3865e6853dc022831433882259afaa7a2cc758fad71285a499ccf73dfb27dfd7
3853,F397L,SINGLE,PRESENT,group_0204,true,3.4601600000000001,117.666,34.006,kcat_div_KM,34.005941921760844,1.49271,128.40600000000001,86.021900000000002,kcat_div_KM,86.022067246819546,PASS_HEADER_DECLARED,ELIGIBLE,,,PASS_SUPPLIED,64408f72d7f55649715c82a6a8659a4570173eaa3063834a7fb4c94bf5074f5b
4221,F397Y,SINGLE,PRESENT,group_0657,true,4.6283240000000001,178.47620000000001,38.56174,kcat_div_KM,38.561734226039491,4.7744499999999999,121.56999999999999,25.462599999999998,kcat_div_KM,25.462618730953302,PASS_HEADER_DECLARED,ELIGIBLE,,,PASS_SUPPLIED,e67b2f91107941d6e27706b3163853c63b759b474a5f999a941c1f43dee0ad64
1994,V398N,SINGLE,PRESENT,group_0400,true,4.1127599999999997,400.459,97.369699999999995,kcat_div_KM,97.369892724107416,4.7035600000000004,697.51700000000005,148.29499999999999,kcat_div_KM,148.29554635212477,PASS_HEADER_DECLARED,ELIGIBLE,,,PASS_SUPPLIED,32816c787d8fffb41e50df3a441c8303319638f7a161c89ad33f93c9623f4cf9
109,W399R,SINGLE,PLACEHOLDER_UNKNOWN,UNKNOWN,true,12.75,,,missing,,,,,missing,,PASS_HEADER_DECLARED,QUARANTINE,MISSING_REQUIRED_FIELD,MISSING_REQUIRED_FIELD,PASS_SUPPLIED,ba7853cad8e199701e571bcc4ddc2f4ae6e4df9efc960eda7a4d2864192ef733
110,W399C,SINGLE,PLACEHOLDER_UNKNOWN,UNKNOWN,true,70.329999999999998,2.1648200000000002,,kcat_div_KM,0.030780890089577708,,,,missing,,PASS_HEADER_DECLARED,ELIGIBLE,,MISSING_REQUIRED_FIELD,PASS_SUPPLIED,59787d4db553bb175a139420b52c5714d6d830ebffb099c909b9608f46df674a
111,W399A,SINGLE,PLACEHOLDER_UNKNOWN,UNKNOWN,true,,,,missing,,,,,missing,,PASS_HEADER_DECLARED,QUARANTINE,MISSING_REQUIRED_FIELD,MISSING_REQUIRED_FIELD,PASS_SUPPLIED,f4d69537f7f0795b1a0ebe014302c2c07003af7770fc9370123e8d73dfc61189
112,W399G,SINGLE,PLACEHOLDER_UNKNOWN,UNKNOWN,true,,,,missing,,,,,missing,,PASS_HEADER_DECLARED,QUARANTINE,MISSING_REQUIRED_FIELD,MISSING_REQUIRED_FIELD,PASS_SUPPLIED,0ce99ada5f0f017e56bed6fe371d9197a865a11d1dc9624948d68634ae16d6a4
113,W399S,SINGLE,PLACEHOLDER_UNKNOWN,UNKNOWN,true,,,,missing,,,,,missing,,PASS_HEADER_DECLARED,QUARANTINE,MISSING_REQUIRED_FIELD,MISSING_REQUIRED_FIELD,PASS_SUPPLIED,6cd539c5a88b34bebbeac2e346b25f265f7587194fd7f3685bfab7890b5763f2
3207,W399Q,SINGLE,PRESENT,group_0100,true,21.844000000000001,0.559141,0.025596899999999999,kcat_div_KM,0.025597006042849292,5.8927399999999999,377.76600000000002,64.106999999999999,kcat_div_KM,64.107019824394087,PASS_HEADER_DECLARED,ELIGIBLE,,,PASS_SUPPLIED,5f3daff982c6046788e87a6824cf72e4a001921d94ab1b360d15d2b609b6c854
4259,W399Y,SINGLE,PRESENT,group_0658,true,3.8853179999999998,5.2505660000000001,1.3513869999999999,kcat_div_KM,1.3513864244831442,5.3524700000000003,132.25200000000001,24.708500000000001,kcat_div_KM,24.708592481601954,PASS_HEADER_DECLARED,ELIGIBLE,,,PASS_SUPPLIED,2f5163ec54715e9f64a9831744e550f52c0d029a1791b23599301309800e00d1
114,S400A,SINGLE,PLACEHOLDER_UNKNOWN,UNKNOWN,true,3.2200000000000002,435.12900000000002,135.08500000000001,kcat_div_KM,135.1332298136646,,,,missing,,PASS_HEADER_DECLARED,ELIGIBLE,,MISSING_REQUIRED_FIELD,PASS_SUPPLIED,8056fd55cb7a1a0fc271534444be07c1a9134c25a88f6e74ee8fd6f133e91294
162,S400G,SINGLE,PLACEHOLDER_UNKNOWN,UNKNOWN,true,30.880800000000001,287.83100000000002,9.3207299999999993,kcat_div_KM,9.3207106033522447,4.4234099999999996,666.71400000000006,150.72399999999999,kcat_div_KM,150.72398895874451,PASS_HEADER_DECLARED,ELIGIBLE,,MISSING_REQUIRED_FIELD,PASS_SUPPLIED,668b428d141bac04fdad28bdec3c1b1ad2a3bd618ee4a78f527aa9b2d3a188b6
2494,S400W,SINGLE,PRESENT,group_0532,false,,,,missing,,4.2853199999999996,723.322,168.78999999999999,kcat_div_KM,168.79066207424418,PASS_HEADER_DECLARED,QUARANTINE,EXPRESSION_CONTRADICTION|MISSING_REQUIRED_FIELD,,PASS_SUPPLIED,8869e3973fc51567207a5b4b28a396437e0de8bddcbffde030025f81d7248f52
3868,F401K,SINGLE,PRESENT,group_0170,true,,,,missing,,4.0737800000000002,524.67100000000005,128.792,kcat_div_KM,128.79217827177709,PASS_HEADER_DECLARED,QUARANTINE,MISSING_REQUIRED_FIELD,,PASS_SUPPLIED,cf4ffd565d42e2afee2fb7692292254313ee6ebde0b383783d02ec013a198a16
140,L402E,SINGLE,PLACEHOLDER_UNKNOWN,UNKNOWN,true,2.5761799999999999,43.682699999999997,16.956299999999999,kcat_div_KM,16.956385035207166,5.7009299999999996,707.70399999999995,124.13800000000001,kcat_div_KM,124.13834234063565,PASS_HEADER_DECLARED,ELIGIBLE,,MISSING_REQUIRED_FIELD,PASS_SUPPLIED,6c986ff47dace01ca4db117377de062bf4a8ef1bfc126755d79bbdce347c765e
145,L402C,SINGLE,PLACEHOLDER_UNKNOWN,UNKNOWN,true,3.1184400000000001,744.29700000000003,238.67599999999999,kcat_div_KM,238.67606880363257,5.7009299999999996,707.70399999999995,124.13800000000001,kcat_div_KM,124.13834234063565,PASS_HEADER_DECLARED,ELIGIBLE,,MISSING_REQUIRED_FIELD,PASS_SUPPLIED,41283afadca96837d2ca4aaed2f4854fa0b486180f132463a5f210a20876b9b0
115,D403A,SINGLE,PLACEHOLDER_UNKNOWN,UNKNOWN,false,,,,missing,,,,,missing,,PASS_HEADER_DECLARED,QUARANTINE,EXPRESSION_CONTRADICTION|MISSING_REQUIRED_FIELD,MISSING_REQUIRED_FIELD,PASS_SUPPLIED,7a1df48fb1cc10cea15386e9cd8eab8fdcb81988f3eb8586cb9df727e7c10edd
1507,N404E,SINGLE,PRESENT,group_0659,true,7.1580500000000002,3.8094299999999999,0.53218900000000002,kcat_div_KM,0.53218823562283024,,,,missing,,PASS_HEADER_DECLARED,ELIGIBLE,,WT_BASELINE_GLOBAL_ONLY,PASS_SUPPLIED,0198e438c7d6f5ae7a46b8d185a84e9e313d9d77dc34671ad674d5c4233b548c
1555,N404E,SINGLE,PRESENT,group_0020,true,3.5224299999999999,250.83199999999999,71.209699999999998,kcat_div_KM,71.209931780049573,4.1523700000000003,347.53500000000003,83.695700000000002,kcat_div_KM,83.695576261267661,PASS_HEADER_DECLARED,ELIGIBLE,,,PASS_SUPPLIED,0198e438c7d6f5ae7a46b8d185a84e9e313d9d77dc34671ad674d5c4233b548c
1558,N404L,SINGLE,PRESENT,group_0020,true,27.888100000000001,21.179600000000001,0.75944800000000001,kcat_div_KM,0.75944937087861841,4.1523700000000003,347.53500000000003,83.695700000000002,kcat_div_KM,83.695576261267661,PASS_HEADER_DECLARED,ELIGIBLE,,,PASS_SUPPLIED,a6c2c83e1c797c25cfed9da2490943a01a007ba396002d2dfa5c2e2c0ac59163
1559,N404M,SINGLE,PRESENT,group_0020,true,14.111000000000001,7.2380899999999997,0.51293999999999995,kcat_div_KM,0.51293955070512365,4.1523700000000003,347.53500000000003,83.695700000000002,kcat_div_KM,83.695576261267661,PASS_HEADER_DECLARED,ELIGIBLE,,,PASS_SUPPLIED,c8a03acf31de1adf916ebf6cc871f3dbd9d1705b69c07625c5870a0e92542221
1560,N404Q,SINGLE,PRESENT,group_0020,true,5.3140099999999997,0.13183800000000001,0.024809500000000002,kcat_div_KM,0.02480951296666736,4.1523700000000003,347.53500000000003,83.695700000000002,kcat_div_KM,83.695576261267661,PASS_HEADER_DECLARED,ELIGIBLE,,,PASS_SUPPLIED,0bc3d37e5686c4f4191782a2e10a26a8334d3e03c58fad8a70ab1a3715dd3251
822,N404M,SINGLE,PRESENT,group_0073,true,10.3863,53.057899999999997,5.1084399999999999,kcat_div_KM,5.1084505550581047,4.3744899999999998,2470.8299999999999,564.82600000000002,kcat_div_KM,564.82698554574358,PASS_HEADER_DECLARED,ELIGIBLE,,,PASS_SUPPLIED,c8a03acf31de1adf916ebf6cc871f3dbd9d1705b69c07625c5870a0e92542221
1071,N404M,SINGLE,PRESENT,group_0046,true,57.075800000000001,7.2542499999999999,0.12709799999999999,kcat_div_KM,0.1270985251192274,6.7563000000000004,453.73700000000002,67.157600000000002,kcat_div_KM,67.157615854831789,PASS_HEADER_DECLARED,ELIGIBLE,,,PASS_SUPPLIED,c8a03acf31de1adf916ebf6cc871f3dbd9d1705b69c07625c5870a0e92542221
1115,N404E,SINGLE,PRESENT,group_0048,true,8.76267,0.83050599999999997,0.094777799999999995,kcat_div_KM,0.09477773327079532,5.0011599999999996,367.447,73.472200000000001,kcat_div_KM,73.472354413776017,PASS_HEADER_DECLARED,ELIGIBLE,,,PASS_SUPPLIED,0198e438c7d6f5ae7a46b8d185a84e9e313d9d77dc34671ad674d5c4233b548c
1119,N404Q,SINGLE,PRESENT,group_0048,true,1.42828,0.121304,0.084929699999999997,kcat_div_KM,0.084930125745652105,5.0011599999999996,367.447,73.472200000000001,kcat_div_KM,73.472354413776017,PASS_HEADER_DECLARED,ELIGIBLE,,,PASS_SUPPLIED,0bc3d37e5686c4f4191782a2e10a26a8334d3e03c58fad8a70ab1a3715dd3251
1233,N404L,SINGLE,PRESENT,group_0061,true,31.244800000000001,15.7021,0.50255099999999997,kcat_div_KM,0.50255082445718968,4.2851400000000002,226.14400000000001,52.774000000000001,kcat_div_KM,52.774005050010032,PASS_HEADER_DECLARED,ELIGIBLE,,,PASS_SUPPLIED,a6c2c83e1c797c25cfed9da2490943a01a007ba396002d2dfa5c2e2c0ac59163
1291,N404E,SINGLE,PRESENT,group_0029,true,2.5672100000000002,0.26015100000000002,0.101336,kcat_div_KM,0.10133608080367403,4.4988400000000004,389.16699999999997,86.504000000000005,kcat_div_KM,86.503854326893148,PASS_HEADER_DECLARED,ELIGIBLE,,,PASS_SUPPLIED,0198e438c7d6f5ae7a46b8d185a84e9e313d9d77dc34671ad674d5c4233b548c
220,N404S,SINGLE,PLACEHOLDER_UNKNOWN,UNKNOWN,true,23.5474,23.421600000000002,0.99465999999999999,kcat_div_KM,0.99465758427682049,4.4234099999999996,666.71400000000006,150.72399999999999,kcat_div_KM,150.72398895874451,PASS_HEADER_DECLARED,ELIGIBLE,,MISSING_REQUIRED_FIELD,PASS_SUPPLIED,ccd3b8bfa90152c0145e11d5a1dd833aafb27079566e0aa24d30bb1e8fe5e46f
707,N404A,SINGLE,PRESENT,group_0020,true,6.0882500000000004,1.24739,0.20488500000000001,kcat_div_KM,0.20488481911879439,,,,missing,,PASS_HEADER_DECLARED,ELIGIBLE,,,PASS_SUPPLIED,f60fe225665103a926e6af0a86a5caece05b3e998058a98a7ddc6b983e1f026e
709,N404D,SINGLE,PRESENT,group_0020,true,49.802399999999999,18.747599999999998,0.37643900000000002,kcat_div_KM,0.37643968965351066,6.37371,411.56599999999997,64.572400000000002,kcat_div_KM,64.572438971964516,PASS_HEADER_DECLARED,ELIGIBLE,,,PASS_SUPPLIED,fbf350f053e20c24fb9cbf2e7f01107e7075e9e39122dde3e4c1c064e6ade4f7
116,N404A,SINGLE,PLACEHOLDER_UNKNOWN,UNKNOWN,true,9.4199999999999999,4.32965,0.43296400000000002,kcat_div_KM,0.4596231422505308,,,,missing,,PASS_HEADER_DECLARED,ELIGIBLE,,MISSING_REQUIRED_FIELD,PASS_SUPPLIED,f60fe225665103a926e6af0a86a5caece05b3e998058a98a7ddc6b983e1f026e
117,N404C,SINGLE,PLACEHOLDER_UNKNOWN,UNKNOWN,true,14.4,69.274299999999997,4.7626099999999996,kcat_div_KM,4.8107152777777777,,,,missing,,PASS_HEADER_DECLARED,ELIGIBLE,,MISSING_REQUIRED_FIELD,PASS_SUPPLIED,11cfc075346af5163d069492b94262776e2f87fc9861c9a62974679773cc4d4c
2016,N404L,SINGLE,PRESENT,group_0093,true,33.095799999999997,31.542999999999999,0.95308000000000004,kcat_div_KM,0.95308165990850813,3.9299900000000001,274.06700000000001,69.737399999999994,kcat_div_KM,69.73732757589714,PASS_HEADER_DECLARED,ELIGIBLE,,,PASS_SUPPLIED,a6c2c83e1c797c25cfed9da2490943a01a007ba396002d2dfa5c2e2c0ac59163
2017,N404E,SINGLE,PRESENT,group_0660,true,3.1909700000000001,11.565799999999999,3.6245400000000001,kcat_div_KM,3.6245405002240694,,,,missing,,PASS_HEADER_DECLARED,ELIGIBLE,,WT_BASELINE_GLOBAL_ONLY,PASS_SUPPLIED,0198e438c7d6f5ae7a46b8d185a84e9e313d9d77dc34671ad674d5c4233b548c
2097,N404M,SINGLE,PRESENT,group_0012,true,15.2354,7.4276299999999997,0.48752400000000001,kcat_div_KM,0.48752444963702951,4.3125200000000001,451.10700000000003,104.604,kcat_div_KM,104.60403661896061,PASS_HEADER_DECLARED,ELIGIBLE,,,PASS_SUPPLIED,c8a03acf31de1adf916ebf6cc871f3dbd9d1705b69c07625c5870a0e92542221
2098,N404Q,SINGLE,PRESENT,group_0012,true,0.70235700000000001,0.21957299999999999,0.31262299999999998,kcat_div_KM,0.31262306775614107,4.3125200000000001,451.10700000000003,104.604,kcat_div_KM,104.60403661896061,PASS_HEADER_DECLARED,ELIGIBLE,,,PASS_SUPPLIED,0bc3d37e5686c4f4191782a2e10a26a8334d3e03c58fad8a70ab1a3715dd3251
2341,N404M,SINGLE,PRESENT,group_0661,true,10.656499999999999,15.4818,1.4528000000000001,kcat_div_KM,1.4528034532914185,3.59517,440.54700000000003,122.539,kcat_div_KM,122.53857258488473,PASS_HEADER_DECLARED,ELIGIBLE,,,PASS_SUPPLIED,c8a03acf31de1adf916ebf6cc871f3dbd9d1705b69c07625c5870a0e92542221
2458,N404C,SINGLE,PRESENT,group_0662,true,23.134699999999999,86.649000000000001,3.7454100000000001,kcat_div_KM,3.7454127349825157,5.3814299999999999,846.26499999999999,157.25700000000001,kcat_div_KM,157.25652846919871,PASS_HEADER_DECLARED,ELIGIBLE,,,PASS_SUPPLIED,11cfc075346af5163d069492b94262776e2f87fc9861c9a62974679773cc4d4c
3294,N404M,SINGLE,PRESENT,group_0098,true,14.360900000000001,7.3670799999999996,0.51299399999999995,kcat_div_KM,0.51299570361189051,5.1783099999999997,285.79500000000002,55.190800000000003,kcat_div_KM,55.190786183136979,PASS_HEADER_DECLARED,ELIGIBLE,,,PASS_SUPPLIED,c8a03acf31de1adf916ebf6cc871f3dbd9d1705b69c07625c5870a0e92542221
3330,N404M,SINGLE,PRESENT,group_0382,true,13.7196,10.9114,0.79531600000000002,kcat_div_KM,0.79531473220793614,,,,missing,,PASS_HEADER_DECLARED,ELIGIBLE,,WT_BASELINE_GLOBAL_ONLY,PASS_SUPPLIED,c8a03acf31de1adf916ebf6cc871f3dbd9d1705b69c07625c5870a0e92542221
3391,N404M,SINGLE,PRESENT,group_0100,true,,,,missing,,6.8624200000000002,358.947,52.306100000000001,kcat_div_KM,52.306183532922788,PASS_HEADER_DECLARED,QUARANTINE,MISSING_REQUIRED_FIELD,,PASS_SUPPLIED,c8a03acf31de1adf916ebf6cc871f3dbd9d1705b69c07625c5870a0e92542221
3726,N404S,SINGLE,PRESENT,group_0663,true,30.038900000000002,46.997,1.56454,kcat_div_KM,1.5645379824161336,3.9996700000000001,264.63600000000002,66.164400000000001,kcat_div_KM,66.164458567831858,PASS_HEADER_DECLARED,ELIGIBLE,,,PASS_SUPPLIED,ccd3b8bfa90152c0145e11d5a1dd833aafb27079566e0aa24d30bb1e8fe5e46f
3866,N404D,SINGLE,PRESENT,group_0170,true,4.4283599999999996,550.81899999999996,124.38500000000001,kcat_div_KM,124.38442222402877,4.0737800000000002,524.67100000000005,128.792,kcat_div_KM,128.79217827177709,PASS_HEADER_DECLARED,ELIGIBLE,,,PASS_SUPPLIED,fbf350f053e20c24fb9cbf2e7f01107e7075e9e39122dde3e4c1c064e6ade4f7
4354,N404A,SINGLE,PRESENT,group_0269,true,3.7307939999999999,5.0185420000000001,1.345167,kcat_div_KM,1.3451672753842747,4.98651,928.05700000000002,186.114,kcat_div_KM,186.11353431558345,PASS_HEADER_DECLARED,ELIGIBLE,,,PASS_SUPPLIED,f60fe225665103a926e6af0a86a5caece05b3e998058a98a7ddc6b983e1f026e
4319,N404C,SINGLE,PRESENT,group_0664,true,12.99944,14.23854,1.0953200000000001,kcat_div_KM,1.0953194906857526,5.3919800000000002,939.05999999999995,174.15899999999999,kcat_div_KM,174.15865785852318,PASS_HEADER_DECLARED,ELIGIBLE,,,PASS_SUPPLIED,11cfc075346af5163d069492b94262776e2f87fc9861c9a62974679773cc4d4c
4342,N404A,SINGLE,PRESENT,group_0665,true,2.3355600000000001,7.1090309999999999,3.043822,kcat_div_KM,3.0438228947233212,2.4898600000000002,1217.0699999999999,488.81,kcat_div_KM,488.81061585791969,PASS_HEADER_DECLARED,ELIGIBLE,,,PASS_SUPPLIED,f60fe225665103a926e6af0a86a5caece05b3e998058a98a7ddc6b983e1f026e
1553,E406Q,SINGLE,PRESENT,group_0019,true,69.025400000000005,8.7574000000000005,0.12687200000000001,kcat_div_KM,0.12687213692350932,9.3487100000000005,432.09199999999998,46.2194,kcat_div_KM,46.219424926005829,PASS_HEADER_DECLARED,ELIGIBLE,,,PASS_SUPPLIED,b8999e5c599e840c8dae6d583e130bef47ec80148c165ffb5c82edf3af3266fa
437,E406F,SINGLE,PRESENT,group_0073,true,,,,missing,,4.09314,361.05099999999999,88.208799999999997,kcat_div_KM,88.208807907865349,PASS_HEADER_DECLARED,QUARANTINE,MISSING_REQUIRED_FIELD,,PASS_SUPPLIED,400745afe8f3cbcd12ddbebc47d97f390b879c2d07e2e46cf34a298f19883f80
745,E406H,SINGLE,PRESENT,group_0073,true,0.0232686,0.0418047,1.79661,kcat_div_KM,1.796614321446069,5.0017100000000001,324.72500000000002,64.922700000000006,kcat_div_KM,64.92279640362996,PASS_HEADER_DECLARED,ELIGIBLE,,,PASS_SUPPLIED,2f7944e603ef8599fb1b65aa1d952f5d16d33491339ae8a2105b44de75aa7aee
118,E406A,SINGLE,PLACEHOLDER_UNKNOWN,UNKNOWN,true,,,,missing,,,,,missing,,PASS_HEADER_DECLARED,QUARANTINE,MISSING_REQUIRED_FIELD,MISSING_REQUIRED_FIELD,PASS_SUPPLIED,1c2b68a8fd8e86d6de724b8655314687328447c037f7007bb8868326d1838994
119,E406D,SINGLE,PLACEHOLDER_UNKNOWN,UNKNOWN,true,34.130000000000003,32.472299999999997,0.86592899999999995,kcat_div_KM,0.95142982713155566,,,,missing,,PASS_HEADER_DECLARED,ELIGIBLE,,MISSING_REQUIRED_FIELD,PASS_SUPPLIED,bf6f024636299941a5a58963aa8b89661795a1e8fe6ca8a2adea6c490141f381
139,E406T,SINGLE,PLACEHOLDER_UNKNOWN,UNKNOWN,true,2.57301,15.5785,6.0545799999999996,kcat_div_KM,6.0545819876331608,5.7009299999999996,707.70399999999995,124.13800000000001,kcat_div_KM,124.13834234063565,PASS_HEADER_DECLARED,ELIGIBLE,,MISSING_REQUIRED_FIELD,PASS_SUPPLIED,73541560d0a3923909779e86e1c6877686e4bf131186152b5744d4d9da7f80b7
2044,E406Q,SINGLE,PRESENT,group_0096,true,38.260800000000003,5.8947200000000004,0.15406700000000001,kcat_div_KM,0.15406682557604651,6.1248800000000001,366.73200000000003,59.875799999999998,kcat_div_KM,59.875785321508346,PASS_HEADER_DECLARED,ELIGIBLE,,,PASS_SUPPLIED,b8999e5c599e840c8dae6d583e130bef47ec80148c165ffb5c82edf3af3266fa
3210,E406K,SINGLE,PRESENT,group_0100,true,,,,missing,,7.3568499999999997,383.20800000000003,52.0886,kcat_div_KM,52.088597701461907,PASS_HEADER_DECLARED,QUARANTINE,MISSING_REQUIRED_FIELD,,PASS_SUPPLIED,cf78f284ae48e728ce29b6f3aa8db92aaf973496bd12ba27ebfed2c20de1d215
2467,E406D,SINGLE,PRESENT,group_0666,true,24.180299999999999,24.351600000000001,1.00708,kcat_div_KM,1.007084279351373,4.6604200000000002,707.10400000000004,151.72499999999999,kcat_div_KM,151.72538097424695,PASS_HEADER_DECLARED,ELIGIBLE,,,PASS_SUPPLIED,bf6f024636299941a5a58963aa8b89661795a1e8fe6ca8a2adea6c490141f381
2855,E406Q,SINGLE,PRESENT,group_0394,true,67.243499999999997,96.003699999999995,1.4277,kcat_div_KM,1.4277023057990734,6.2298200000000001,455.928,73.184799999999996,kcat_div_KM,73.184779014481961,PASS_HEADER_DECLARED,ELIGIBLE,,,PASS_SUPPLIED,b8999e5c599e840c8dae6d583e130bef47ec80148c165ffb5c82edf3af3266fa
2866,E406Q,SINGLE,PRESENT,group_0151,true,,,0.070853299999999994,reported_kcatKM,0.070853299999999994,5.2105899999999998,376.09500000000003,72.179100000000005,kcat_div_KM,72.178966297482631,PASS_HEADER_DECLARED,ELIGIBLE,,,PASS_SUPPLIED,b8999e5c599e840c8dae6d583e130bef47ec80148c165ffb5c82edf3af3266fa
3295,E406Q,SINGLE,PRESENT,group_0098,true,,,0.0509801,reported_kcatKM,0.0509801,5.1783099999999997,285.79500000000002,55.190800000000003,kcat_div_KM,55.190786183136979,PASS_HEADER_DECLARED,ELIGIBLE,,,PASS_SUPPLIED,b8999e5c599e840c8dae6d583e130bef47ec80148c165ffb5c82edf3af3266fa
4029,E406W,SINGLE,PRESENT,group_0224,true,,,,missing,,4.84565,172.976,35.697200000000002,kcat_div_KM,35.697171690072537,PASS_HEADER_DECLARED,QUARANTINE,MISSING_REQUIRED_FIELD,,PASS_SUPPLIED,38ce94093e4890db484c6b187fd8828d5c1f8460ab240121d71333cec5cb3080
4030,E406D,SINGLE,PRESENT,group_0667,true,22.29749,10.08047,0.45208979999999999,kcat_div_KM,0.45208989890790396,4.84565,172.976,35.697200000000002,kcat_div_KM,35.697171690072537,PASS_HEADER_DECLARED,ELIGIBLE,,,PASS_SUPPLIED,bf6f024636299941a5a58963aa8b89661795a1e8fe6ca8a2adea6c490141f381
4033,E406Y,SINGLE,PRESENT,group_0668,true,,,,missing,,3.6408399999999999,192.834,52.964199999999998,kcat_div_KM,52.964151129959021,PASS_HEADER_DECLARED,QUARANTINE,MISSING_REQUIRED_FIELD,,PASS_SUPPLIED,2b26730d97906bdb76b4520e06310955cc53917604ace3c14050d2ca5dfbfbb3
4034,E406C,SINGLE,PRESENT,group_0669,true,,,,missing,,4.84565,172.976,35.697200000000002,kcat_div_KM,35.697171690072537,PASS_HEADER_DECLARED,QUARANTINE,MISSING_REQUIRED_FIELD,,PASS_SUPPLIED,540c6d6b3c0c8230137ec433116ce79d85bcd76e72fa4136c825c0ab6d1dfe1e
4035,E406N,SINGLE,PRESENT,group_0670,true,,,,missing,,3.6408399999999999,192.834,52.964199999999998,kcat_div_KM,52.964151129959021,PASS_HEADER_DECLARED,QUARANTINE,MISSING_REQUIRED_FIELD,,PASS_SUPPLIED,8f1ca66dff0ac4c36b0f12bd2229855e10a20402d06a8416f0f65d593bb0b670
4036,E406M,SINGLE,PRESENT,group_0671,true,,,,missing,,3.4782799999999998,223.768,64.333100000000002,kcat_div_KM,64.33294616879607,PASS_HEADER_DECLARED,QUARANTINE,MISSING_REQUIRED_FIELD,,PASS_SUPPLIED,f4ac17b50ef674fbf0c3f11d8da156e3656b9c44b07eba44fc71311529bcad48
4037,E406S,SINGLE,PRESENT,group_0672,true,,,,missing,,4.84565,172.976,35.697200000000002,kcat_div_KM,35.697171690072537,PASS_HEADER_DECLARED,QUARANTINE,MISSING_REQUIRED_FIELD,,PASS_SUPPLIED,704f079d58743057152354055ceaecf603a9673aa8f9437a9fe94691d77135ee
4038,E406T,SINGLE,PRESENT,group_0673,true,29.086970000000001,0.20563590000000001,0.0070696930000000002,kcat_div_KM,0.0070696913428933989,3.4782799999999998,223.768,64.333100000000002,kcat_div_KM,64.33294616879607,PASS_HEADER_DECLARED,ELIGIBLE,,,PASS_SUPPLIED,73541560d0a3923909779e86e1c6877686e4bf131186152b5744d4d9da7f80b7
4039,E406I,SINGLE,PRESENT,group_0225,true,,,,missing,,3.4782799999999998,223.768,64.333100000000002,kcat_div_KM,64.33294616879607,PASS_HEADER_DECLARED,QUARANTINE,MISSING_REQUIRED_FIELD,,PASS_SUPPLIED,39ff7175be5ac36e1d47cac296a26e830cc359af20760d3de746e782d0b941e0
4040,E406G,SINGLE,PRESENT,group_0674,true,,,,missing,,3.6408399999999999,192.834,52.964199999999998,kcat_div_KM,52.964151129959021,PASS_HEADER_DECLARED,QUARANTINE,MISSING_REQUIRED_FIELD,,PASS_SUPPLIED,def969f8649ff9058a20f461d3911ee05ff5b08f0213249a58cabeccb816d469
4041,E406P,SINGLE,PRESENT,group_0675,true,,,,missing,,4.84565,172.976,35.697200000000002,kcat_div_KM,35.697171690072537,PASS_HEADER_DECLARED,QUARANTINE,MISSING_REQUIRED_FIELD,,PASS_SUPPLIED,958d714ccd232e9c4098727097e432a532d92b7dc8abce5c84272a96e39caa24
4042,E406L,SINGLE,PRESENT,group_0676,true,,,,missing,,4.84565,172.976,35.697200000000002,kcat_div_KM,35.697171690072537,PASS_HEADER_DECLARED,QUARANTINE,MISSING_REQUIRED_FIELD,,PASS_SUPPLIED,fb15319342ee10f348550060c1478a66cd182e075ba934ffa300bf2a72d3e531
4248,E406D,SINGLE,PRESENT,group_0677,true,1.022313,1.628403,1.5928610000000001,kcat_div_KM,1.5928614817575439,,,,missing,,PASS_HEADER_DECLARED,ELIGIBLE,,WT_BASELINE_GLOBAL_ONLY,PASS_SUPPLIED,bf6f024636299941a5a58963aa8b89661795a1e8fe6ca8a2adea6c490141f381
811,W407H,SINGLE,PRESENT,group_0034,true,0.0324061,0.063484499999999999,1.95903,kcat_div_KM,1.9590293185542227,,,,missing,,PASS_HEADER_DECLARED,ELIGIBLE,,,PASS_SUPPLIED,1cfb1028877fb81c860d45b29906f54b295aaa4fa6a5a7b45df56843b25388f0
1130,W407D,SINGLE,PRESENT,group_0050,true,0.367815,2.9607399999999999,8.0495199999999993,kcat_div_KM,8.0495357720593237,4.4302999999999999,372.32299999999998,84.040099999999995,kcat_div_KM,84.040132722389004,PASS_HEADER_DECLARED,ELIGIBLE,,,PASS_SUPPLIED,4457c6757ee79053a4e0c58ef6cc9644aac45f2c77efbe03723451ad671da2d3
764,W407F,SINGLE,PRESENT,group_0678,true,32.019100000000002,4.0522999999999998,0.126559,kcat_div_KM,0.12655883519524283,2.0248499999999998,150.53299999999999,74.343100000000007,kcat_div_KM,74.342790824011658,PASS_HEADER_DECLARED,ELIGIBLE,,,PASS_SUPPLIED,7cb9657973b1e3ec9fcffa68604cf83eba551d7abc7225cf7c787c9bea8639fd
120,W407A,SINGLE,PLACEHOLDER_UNKNOWN,UNKNOWN,true,,,,missing,,,,,missing,,PASS_HEADER_DECLARED,QUARANTINE,MISSING_REQUIRED_FIELD,MISSING_REQUIRED_FIELD,PASS_SUPPLIED,f18436f030035bef214502614d0b61e7b2cf88523ab973e7faad7120a065d490
121,W407G,SINGLE,PLACEHOLDER_UNKNOWN,UNKNOWN,false,,,,missing,,,,,missing,,PASS_HEADER_DECLARED,QUARANTINE,EXPRESSION_CONTRADICTION|MISSING_REQUIRED_FIELD,MISSING_REQUIRED_FIELD,PASS_SUPPLIED,f54e6780351757093df7939702f448af88482625deb468a099670dd407316bf8
122,W407K,SINGLE,PLACEHOLDER_UNKNOWN,UNKNOWN,false,,,,missing,,,,,missing,,PASS_HEADER_DECLARED,QUARANTINE,EXPRESSION_CONTRADICTION|MISSING_REQUIRED_FIELD,MISSING_REQUIRED_FIELD,PASS_SUPPLIED,d50e6c427743d95cf00d1585bcef22df9b398b04bf892eed87f60e0ba3a9d09f
123,W407Q,SINGLE,PLACEHOLDER_UNKNOWN,UNKNOWN,false,,,,missing,,,,,missing,,PASS_HEADER_DECLARED,QUARANTINE,EXPRESSION_CONTRADICTION|MISSING_REQUIRED_FIELD,MISSING_REQUIRED_FIELD,PASS_SUPPLIED,936eb1c3ef2e1fad94f5b95640d7833ad224de74d0d231bb90abce461fc8e6fb
124,W407R,SINGLE,PLACEHOLDER_UNKNOWN,UNKNOWN,false,,,,missing,,,,,missing,,PASS_HEADER_DECLARED,QUARANTINE,EXPRESSION_CONTRADICTION|MISSING_REQUIRED_FIELD,MISSING_REQUIRED_FIELD,PASS_SUPPLIED,2609580eed06cc9100c701a3f7a0646836071f40fc624922b970a4b95fb7d93f
125,W407Y,SINGLE,PLACEHOLDER_UNKNOWN,UNKNOWN,false,,,,missing,,,,,missing,,PASS_HEADER_DECLARED,QUARANTINE,EXPRESSION_CONTRADICTION|MISSING_REQUIRED_FIELD,MISSING_REQUIRED_FIELD,PASS_SUPPLIED,340aea12997b6a4eb585eca5bc45250669b8c870632f7a1db85363a8dfd3ef7e
147,W407K,SINGLE,PLACEHOLDER_UNKNOWN,UNKNOWN,true,17.693000000000001,3.6251799999999998,0.20489399999999999,kcat_div_KM,0.20489346069066861,5.7009299999999996,707.70399999999995,124.13800000000001,kcat_div_KM,124.13834234063565,PASS_HEADER_DECLARED,ELIGIBLE,,MISSING_REQUIRED_FIELD,PASS_SUPPLIED,d50e6c427743d95cf00d1585bcef22df9b398b04bf892eed87f60e0ba3a9d09f
2037,W407F,SINGLE,PRESENT,group_0096,true,38.808199999999999,6.1189499999999999,0.15767100000000001,kcat_div_KM,0.15767157456413849,8.8280799999999999,377.75200000000001,42.789900000000003,kcat_div_KM,42.789825194153202,PASS_HEADER_DECLARED,ELIGIBLE,,,PASS_SUPPLIED,7cb9657973b1e3ec9fcffa68604cf83eba551d7abc7225cf7c787c9bea8639fd
2268,W407K,SINGLE,PRESENT,group_0679,false,,,,missing,,5.2350199999999996,110.33799999999999,21.077000000000002,kcat_div_KM,21.076901329889857,PASS_HEADER_DECLARED,QUARANTINE,EXPRESSION_CONTRADICTION|MISSING_REQUIRED_FIELD,,PASS_SUPPLIED,d50e6c427743d95cf00d1585bcef22df9b398b04bf892eed87f60e0ba3a9d09f
2274,W407L,SINGLE,PRESENT,group_0680,true,,,,missing,,5.2350199999999996,110.33799999999999,21.077000000000002,kcat_div_KM,21.076901329889857,PASS_HEADER_DECLARED,QUARANTINE,MISSING_REQUIRED_FIELD,,PASS_SUPPLIED,c5bf2a9fe6c5e6e9328f070d2bb714000c8a83cfd73228def92bcc1bf50bd214
2365,W407H,SINGLE,PRESENT,group_0098,true,11.1195,0.85246299999999997,0.076664099999999999,kcat_div_KM,0.076663788839426233,2.3183699999999998,685.82500000000005,295.822,kcat_div_KM,295.82206464024296,PASS_HEADER_DECLARED,ELIGIBLE,,,PASS_SUPPLIED,1cfb1028877fb81c860d45b29906f54b295aaa4fa6a5a7b45df56843b25388f0
2514,W407R,SINGLE,PRESENT,group_0130,false,,,,missing,,4.0262000000000002,328.21300000000002,81.519300000000001,kcat_div_KM,81.519298594207939,PASS_HEADER_DECLARED,QUARANTINE,EXPRESSION_CONTRADICTION|MISSING_REQUIRED_FIELD,,PASS_SUPPLIED,2609580eed06cc9100c701a3f7a0646836071f40fc624922b970a4b95fb7d93f
3047,W407S,SINGLE,PRESENT,group_0681,false,,,,missing,,5.6938599999999999,1419.6300000000001,249.327,kcat_div_KM,249.32646745792837,PASS_HEADER_DECLARED,QUARANTINE,EXPRESSION_CONTRADICTION|MISSING_REQUIRED_FIELD,,PASS_SUPPLIED,9895324d079bac0b7d40c215950d06842baa8db046f77946e9e6d2751d25779a
3296,W407D,SINGLE,PRESENT,group_0098,true,7.0855600000000001,0.158136,0.022318000000000001,kcat_div_KM,0.022318066603063132,5.1783099999999997,285.79500000000002,55.190800000000003,kcat_div_KM,55.190786183136979,PASS_HEADER_DECLARED,ELIGIBLE,,,PASS_SUPPLIED,4457c6757ee79053a4e0c58ef6cc9644aac45f2c77efbe03723451ad671da2d3
3297,W407A,SINGLE,PRESENT,group_0098,true,27.091200000000001,0.58651500000000001,0.021649700000000001,kcat_div_KM,0.021649650070871721,5.1783099999999997,285.79500000000002,55.190800000000003,kcat_div_KM,55.190786183136979,PASS_HEADER_DECLARED,ELIGIBLE,,,PASS_SUPPLIED,f18436f030035bef214502614d0b61e7b2cf88523ab973e7faad7120a065d490
3301,W407D,SINGLE,PRESENT,group_0179,true,,,0.00088939399999999995,reported_kcatKM,0.00088939399999999995,5.5721400000000001,370.26100000000002,66.448499999999996,kcat_div_KM,66.448617586779946,PASS_HEADER_DECLARED,ELIGIBLE,,,PASS_SUPPLIED,4457c6757ee79053a4e0c58ef6cc9644aac45f2c77efbe03723451ad671da2d3
3302,W407F,SINGLE,PRESENT,group_0179,true,30.451000000000001,7.9004799999999999,0.25944899999999999,kcat_div_KM,0.2594489507733736,5.5721400000000001,370.26100000000002,66.448499999999996,kcat_div_KM,66.448617586779946,PASS_HEADER_DECLARED,ELIGIBLE,,,PASS_SUPPLIED,7cb9657973b1e3ec9fcffa68604cf83eba551d7abc7225cf7c787c9bea8639fd
3728,W407N,SINGLE,PRESENT,group_0682,true,,,,missing,,3.9996700000000001,264.63600000000002,66.164400000000001,kcat_div_KM,66.164458567831858,PASS_HEADER_DECLARED,QUARANTINE,MISSING_REQUIRED_FIELD,,PASS_SUPPLIED,2c9c6abe6d6f669ba477872a54a2636ab15e88707133debcd943d821e157f3fe
3797,W407N,SINGLE,PRESENT,group_0683,true,,,,missing,,3.9996700000000001,264.63600000000002,66.164400000000001,kcat_div_KM,66.164458567831858,PASS_HEADER_DECLARED,QUARANTINE,MISSING_REQUIRED_FIELD,,PASS_SUPPLIED,2c9c6abe6d6f669ba477872a54a2636ab15e88707133debcd943d821e157f3fe
3801,W407E,SINGLE,PRESENT,group_0684,false,,,,missing,,3.9996700000000001,264.63600000000002,66.164400000000001,kcat_div_KM,66.164458567831858,PASS_HEADER_DECLARED,QUARANTINE,EXPRESSION_CONTRADICTION|MISSING_REQUIRED_FIELD,,PASS_SUPPLIED,d42a56c5f74223f2f205c7856862adf20bf804e8c55cd62aeb72b707b9bbefee
1548,A408T,SINGLE,PRESENT,group_0685,true,12.902799999999999,153.898,11.9275,kcat_div_KM,11.927488607124035,,,,missing,,PASS_HEADER_DECLARED,ELIGIBLE,,WT_BASELINE_GLOBAL_ONLY,PASS_SUPPLIED,e9d3a1bcbd137f4b4dbeff59d6b4f9ae053f715337ba4f2bb2392575f8f89742
206,A408F,SINGLE,PLACEHOLDER_UNKNOWN,UNKNOWN,true,37.9739,341.89400000000001,9.0033799999999999,kcat_div_KM,9.0033944367052108,4.4234099999999996,666.71400000000006,150.72399999999999,kcat_div_KM,150.72398895874451,PASS_HEADER_DECLARED,ELIGIBLE,,MISSING_REQUIRED_FIELD,PASS_SUPPLIED,ab5bcf9663113c19263ca023cbee966297276ce84871d163bad76b518b40b699
208,A408K,SINGLE,PLACEHOLDER_UNKNOWN,UNKNOWN,true,6.3247999999999998,319.75700000000001,50.556100000000001,kcat_div_KM,50.556065013913489,4.4234099999999996,666.71400000000006,150.72399999999999,kcat_div_KM,150.72398895874451,PASS_HEADER_DECLARED,ELIGIBLE,,MISSING_REQUIRED_FIELD,PASS_SUPPLIED,e6812356bd7a5134adeb03401c0109d856914c4b2dd263c4cf00c284221dc268
2063,A408S,SINGLE,PRESENT,group_0686,true,9.3163900000000002,158.529,17.016100000000002,kcat_div_KM,17.01614037196811,8.7566000000000006,302.93900000000002,34.595500000000001,kcat_div_KM,34.595505104721013,PASS_HEADER_DECLARED,ELIGIBLE,,,PASS_SUPPLIED,54d97268d3787494d285d2be26008084112fba1e7104467200331be60ddcacb2
3171,A408H,SINGLE,PRESENT,group_0170,true,,,,missing,,1.3701300000000001,670.70100000000002,489.51600000000002,kcat_div_KM,489.51632326859493,PASS_HEADER_DECLARED,QUARANTINE,MISSING_REQUIRED_FIELD,,PASS_SUPPLIED,749ba90770aabadbecc5f797a412fb99a81b35132eb04398efead29e005834ef
3362,A408H,SINGLE,PRESENT,group_0025,true,12.8546,246.88399999999999,19.2058,kcat_div_KM,19.205887386616464,4.10053,277.24700000000001,67.6126,kcat_div_KM,67.612479362423883,PASS_HEADER_DECLARED,ELIGIBLE,,,PASS_SUPPLIED,749ba90770aabadbecc5f797a412fb99a81b35132eb04398efead29e005834ef
3370,A408H,SINGLE,PRESENT,group_0025,true,13.760300000000001,270.88900000000001,19.686299999999999,kcat_div_KM,19.686271374897348,5.0617999999999999,336.38900000000001,66.456500000000005,kcat_div_KM,66.45639890947885,PASS_HEADER_DECLARED,ELIGIBLE,,,PASS_SUPPLIED,749ba90770aabadbecc5f797a412fb99a81b35132eb04398efead29e005834ef
3431,A408K,SINGLE,PRESENT,group_0183,true,4.0177500000000004,312.10199999999998,77.680700000000002,kcat_div_KM,77.680791487772993,4.2598099999999999,300.94299999999998,70.647000000000006,kcat_div_KM,70.647047638274941,PASS_HEADER_DECLARED,ELIGIBLE,,,PASS_SUPPLIED,e6812356bd7a5134adeb03401c0109d856914c4b2dd263c4cf00c284221dc268
3878,A408K,SINGLE,PRESENT,group_0206,true,5.6919000000000004,802.88199999999995,141.05699999999999,kcat_div_KM,141.05694056466206,3.5194999999999999,1050.72,298.541,kcat_div_KM,298.54240659184546,PASS_HEADER_DECLARED,ELIGIBLE,,,PASS_SUPPLIED,e6812356bd7a5134adeb03401c0109d856914c4b2dd263c4cf00c284221dc268
1544,W409Y,SINGLE,PRESENT,group_0018,true,2.9856400000000001,725.16800000000001,242.88499999999999,kcat_div_KM,242.88527752843612,3.8162199999999999,360.74599999999998,94.529700000000005,kcat_div_KM,94.529665480501649,PASS_HEADER_DECLARED,ELIGIBLE,,,PASS_SUPPLIED,52e8fa4230838dfb6d41959f70a2d319bc53cb90329216613355ba49a074bda9
830,W409E,SINGLE,PLACEHOLDER_UNKNOWN,UNKNOWN,true,2.1245400000000001,686.61800000000005,323.18400000000003,kcat_div_KM,323.18431283948524,4.3552200000000001,688.00099999999998,157.97200000000001,kcat_div_KM,157.97158352505727,PASS_HEADER_DECLARED,ELIGIBLE,,MISSING_REQUIRED_FIELD,PASS_SUPPLIED,2c48cdae22ee9cfc6f62813565779e78c26851954a2e9dae1b8d36f2044faa3c
832,W409E,SINGLE,PLACEHOLDER_UNKNOWN,UNKNOWN,true,2.2083400000000002,910.64499999999998,412.36599999999999,kcat_div_KM,412.36630229040816,,,,missing,,PASS_HEADER_DECLARED,ELIGIBLE,,MISSING_REQUIRED_FIELD,PASS_SUPPLIED,2c48cdae22ee9cfc6f62813565779e78c26851954a2e9dae1b8d36f2044faa3c
1098,W409E,SINGLE,PRESENT,group_0687,true,1.98736,312.53100000000001,157.25899999999999,kcat_div_KM,157.25937927703083,3.69543,356.15699999999998,96.377600000000001,kcat_div_KM,96.377688117485647,PASS_HEADER_DECLARED,ELIGIBLE,,,PASS_SUPPLIED,2c48cdae22ee9cfc6f62813565779e78c26851954a2e9dae1b8d36f2044faa3c
1099,W409R,SINGLE,PRESENT,group_0687,true,2.7420399999999998,194.625,70.977999999999994,kcat_div_KM,70.978176831847833,3.9322699999999999,860.62,218.86099999999999,kcat_div_KM,218.86086153799206,PASS_HEADER_DECLARED,ELIGIBLE,,,PASS_SUPPLIED,9ace33dc572b03b01ff9fad7bbebf85153ee6affac41bc189525ac65a9daa408
219,W409G,SINGLE,PLACEHOLDER_UNKNOWN,UNKNOWN,true,3.8504900000000002,14.111700000000001,3.6649099999999999,kcat_div_KM,3.6649101802627717,4.4234099999999996,666.71400000000006,150.72399999999999,kcat_div_KM,150.72398895874451,PASS_HEADER_DECLARED,ELIGIBLE,,MISSING_REQUIRED_FIELD,PASS_SUPPLIED,6ad4b7ac1b857bd560c855629e3ade5bee10a72d163c51cfee55b1c9943b0783
335,W409F,SINGLE,PRESENT,group_0688,true,3.6501399999999999,615.16700000000003,168.53200000000001,kcat_div_KM,168.53243985162214,4.04338,471.88,116.70399999999999,kcat_div_KM,116.70434141732906,PASS_HEADER_DECLARED,ELIGIBLE,,,PASS_SUPPLIED,854762e3fd237e4d9318558cfcd859b08e2da1d2553786b75c12fadca1781602
732,W409R,SINGLE,PRESENT,group_0047,true,2.7240600000000001,90.3279,33.159300000000002,kcat_div_KM,33.159291645558469,6.7414300000000003,229.22300000000001,34.002200000000002,kcat_div_KM,34.002133078590148,PASS_HEADER_DECLARED,ELIGIBLE,,,PASS_SUPPLIED,9ace33dc572b03b01ff9fad7bbebf85153ee6affac41bc189525ac65a9daa408
126,W409Y,SINGLE,PLACEHOLDER_UNKNOWN,UNKNOWN,true,2.6000000000000001,662.43600000000004,254.80000000000001,kcat_div_KM,254.78307692307692,,,,missing,,PASS_HEADER_DECLARED,ELIGIBLE,,MISSING_REQUIRED_FIELD,PASS_SUPPLIED,52e8fa4230838dfb6d41959f70a2d319bc53cb90329216613355ba49a074bda9
134,W409D,SINGLE,PLACEHOLDER_UNKNOWN,UNKNOWN,true,2.2854999999999999,532.88400000000001,233.15899999999999,kcat_div_KM,233.15860861955809,5.7009299999999996,707.70399999999995,124.13800000000001,kcat_div_KM,124.13834234063565,PASS_HEADER_DECLARED,ELIGIBLE,,MISSING_REQUIRED_FIELD,PASS_SUPPLIED,43c8f02722bd3138d6cbc889b75f50aba08a5bbbcb229b8209858c48106b47ce
2091,W409N,SINGLE,PRESENT,group_0100,true,8.4336199999999995,298.73899999999998,35.422400000000003,kcat_div_KM,35.422392756609852,7.0274400000000004,381.95400000000001,54.351799999999997,kcat_div_KM,54.351798094327378,PASS_HEADER_DECLARED,ELIGIBLE,,,PASS_SUPPLIED,c600eb41cfe5aa8a9dd0a777b0ceb66373af97518bb2a3e6d866a8e1c8c5c8b8
2253,W409N,SINGLE,PRESENT,group_0689,true,3.3794300000000002,69.290599999999998,20.503599999999999,kcat_div_KM,20.503635228426095,4.7813499999999998,184.55699999999999,38.599200000000003,kcat_div_KM,38.599349556087716,PASS_HEADER_DECLARED,ELIGIBLE,,,PASS_SUPPLIED,c600eb41cfe5aa8a9dd0a777b0ceb66373af97518bb2a3e6d866a8e1c8c5c8b8
2254,W409S,SINGLE,PRESENT,group_0690,true,4.51966,143.697,31.793700000000001,kcat_div_KM,31.793763247677923,4.7813499999999998,184.55699999999999,38.599200000000003,kcat_div_KM,38.599349556087716,PASS_HEADER_DECLARED,ELIGIBLE,,,PASS_SUPPLIED,58e0939795ecd5065ca25ca1c8f5fbbf721b62b7c74f3cd8c499e354c4053598
2256,W409E,SINGLE,PRESENT,group_0691,true,0.91490800000000005,102.83199999999999,112.396,kcat_div_KM,112.39600047217861,5.2350199999999996,110.33799999999999,21.077000000000002,kcat_div_KM,21.076901329889857,PASS_HEADER_DECLARED,ELIGIBLE,,,PASS_SUPPLIED,2c48cdae22ee9cfc6f62813565779e78c26851954a2e9dae1b8d36f2044faa3c
2264,W409A,SINGLE,PRESENT,group_0692,true,4.6901299999999999,117.33499999999999,25.017399999999999,kcat_div_KM,25.017430220484293,5.2350199999999996,110.33799999999999,21.077000000000002,kcat_div_KM,21.076901329889857,PASS_HEADER_DECLARED,ELIGIBLE,,,PASS_SUPPLIED,e37116a2bed8a4cf27a7939e5d349dd6a694bed025f616b1ddb04b78195c5e04
2269,W409P,SINGLE,PRESENT,group_0693,false,,,,missing,,4.7813499999999998,184.55699999999999,38.599200000000003,kcat_div_KM,38.599349556087716,PASS_HEADER_DECLARED,QUARANTINE,EXPRESSION_CONTRADICTION|MISSING_REQUIRED_FIELD,,PASS_SUPPLIED,8d17aeda1343a96857e6e9502914817583a43282a439e70181b5c7ca323f086e
2270,W409C,SINGLE,PRESENT,group_0694,true,2.4408699999999999,156.24600000000001,64.012500000000003,kcat_div_KM,64.012421800423624,4.7813499999999998,184.55699999999999,38.599200000000003,kcat_div_KM,38.599349556087716,PASS_HEADER_DECLARED,ELIGIBLE,,,PASS_SUPPLIED,7c8f040d556102d07da778c21410cfc90d3a1f4712ae05c2548c082db4d6ba7d
2271,W409I,SINGLE,PRESENT,group_0695,true,4.6431500000000003,6.1346800000000004,1.3212299999999999,kcat_div_KM,1.3212323530361931,5.2350199999999996,110.33799999999999,21.077000000000002,kcat_div_KM,21.076901329889857,PASS_HEADER_DECLARED,ELIGIBLE,,,PASS_SUPPLIED,61b8e3782df674e5777f5d691476a596469e0c14a2cbcc33c2d79451416a3b3d
2273,W409T,SINGLE,PRESENT,group_0696,true,2.0789499999999999,344.06999999999999,165.50200000000001,kcat_div_KM,165.50181582048631,5.2350199999999996,110.33799999999999,21.077000000000002,kcat_div_KM,21.076901329889857,PASS_HEADER_DECLARED,ELIGIBLE,,ID_JOIN_MISSING,PASS_REGENERATED,6aca3b69e6c12a6de58e748367885df7821ca0460082566bdb21f033a408fe0c
2276,W409L,SINGLE,PRESENT,group_0697,true,2.0545399999999998,87.466499999999996,42.572299999999998,kcat_div_KM,42.57230328930077,4.7813499999999998,184.55699999999999,38.599200000000003,kcat_div_KM,38.599349556087716,PASS_HEADER_DECLARED,ELIGIBLE,,,PASS_SUPPLIED,72d3fc44fd1d1e5c5fe821172f457a2982c1ba24b696b3e0e01c48051d384f99
2278,W409H,SINGLE,PRESENT,group_0698,true,2.3448799999999999,106.77800000000001,45.5366,kcat_div_KM,45.536658592337353,4.7813499999999998,184.55699999999999,38.599200000000003,kcat_div_KM,38.599349556087716,PASS_HEADER_DECLARED,ELIGIBLE,,,PASS_SUPPLIED,364dfeb3b4748b6ca1c3de1cb221bfa66b14d0fdc6de0d6ca3c65df835108bb9
2280,W409V,SINGLE,PRESENT,group_0699,true,9.6171100000000003,139.471,14.5023,kcat_div_KM,14.502381692629074,5.2350199999999996,110.33799999999999,21.077000000000002,kcat_div_KM,21.076901329889857,PASS_HEADER_DECLARED,ELIGIBLE,,,PASS_SUPPLIED,6495a6d3840154304a9049d3d3e15a8916fa15ef890b0b78359495a027e7e563
3036,W409H,SINGLE,PRESENT,group_0700,true,2.5969000000000002,616.40899999999999,237.363,kcat_div_KM,237.36339481689706,5.6938599999999999,1419.6300000000001,249.327,kcat_div_KM,249.32646745792837,PASS_HEADER_DECLARED,ELIGIBLE,,,PASS_SUPPLIED,364dfeb3b4748b6ca1c3de1cb221bfa66b14d0fdc6de0d6ca3c65df835108bb9
3057,W409H,SINGLE,PRESENT,group_0159,true,3.1597,402.20800000000003,127.29300000000001,kcat_div_KM,127.29309744596007,10.7532,588.95799999999997,54.770299999999999,kcat_div_KM,54.770486924822379,PASS_HEADER_DECLARED,ELIGIBLE,,,PASS_SUPPLIED,364dfeb3b4748b6ca1c3de1cb221bfa66b14d0fdc6de0d6ca3c65df835108bb9
3059,W409I,SINGLE,PRESENT,group_0701,true,9.1148600000000002,744.74300000000005,81.706500000000005,kcat_div_KM,81.706466144296243,10.7532,588.95799999999997,54.770299999999999,kcat_div_KM,54.770486924822379,PASS_HEADER_DECLARED,ELIGIBLE,,,PASS_SUPPLIED,61b8e3782df674e5777f5d691476a596469e0c14a2cbcc33c2d79451416a3b3d
3063,W409F,SINGLE,PRESENT,group_0702,true,3.2538100000000001,594.97699999999998,182.85499999999999,kcat_div_KM,182.85548326423483,4.9880699999999996,681.37599999999998,136.601,kcat_div_KM,136.60113029688839,PASS_HEADER_DECLARED,ELIGIBLE,,,PASS_SUPPLIED,854762e3fd237e4d9318558cfcd859b08e2da1d2553786b75c12fadca1781602
3065,W409T,SINGLE,PRESENT,group_0703,true,5.28911,85.204899999999995,16.109500000000001,kcat_div_KM,16.109496682806746,4.9880699999999996,681.37599999999998,136.601,kcat_div_KM,136.60113029688839,PASS_HEADER_DECLARED,ELIGIBLE,,,PASS_SUPPLIED,6aca3b69e6c12a6de58e748367885df7821ca0460082566bdb21f033a408fe0c
3066,W409M,SINGLE,PRESENT,group_0704,true,7.1127200000000004,35.438800000000001,4.98245,kcat_div_KM,4.9824539697893346,4.9880699999999996,681.37599999999998,136.601,kcat_div_KM,136.60113029688839,PASS_HEADER_DECLARED,ELIGIBLE,,,PASS_SUPPLIED,de528218a735fdbddca3db827512ef8140b12928464748609b38ff97c2c1494b
3067,W409A,SINGLE,PRESENT,group_0705,true,6.3268199999999997,170.31299999999999,26.9193,kcat_div_KM,26.919210598689389,10.7532,588.95799999999997,54.770299999999999,kcat_div_KM,54.770486924822379,PASS_HEADER_DECLARED,ELIGIBLE,,,PASS_SUPPLIED,e37116a2bed8a4cf27a7939e5d349dd6a694bed025f616b1ddb04b78195c5e04
3068,W409K,SINGLE,PRESENT,group_0706,true,1.62263,180.577,111.28700000000001,kcat_div_KM,111.28661493994318,7.1961700000000004,506.45800000000003,70.378900000000002,kcat_div_KM,70.378826514659877,PASS_HEADER_DECLARED,ELIGIBLE,,,PASS_SUPPLIED,3c72367d4e64db3139fd19d127411a7057090000e993128b0359f965a67563c8
3298,W409E,SINGLE,PRESENT,group_0098,true,2.9923500000000001,299.58600000000001,100.117,kcat_div_KM,100.11729911273748,5.1783099999999997,285.79500000000002,55.190800000000003,kcat_div_KM,55.190786183136979,PASS_HEADER_DECLARED,ELIGIBLE,,,PASS_SUPPLIED,2c48cdae22ee9cfc6f62813565779e78c26851954a2e9dae1b8d36f2044faa3c
3487,W409R,SINGLE,PRESENT,group_0130,true,1.97502,74.664100000000005,37.804099999999998,kcat_div_KM,37.804224767344131,4.1397199999999996,363.87299999999999,87.898200000000003,kcat_div_KM,87.897973776004179,PASS_HEADER_DECLARED,ELIGIBLE,,,PASS_SUPPLIED,9ace33dc572b03b01ff9fad7bbebf85153ee6affac41bc189525ac65a9daa408
3752,W409D,SINGLE,PRESENT,group_0707,true,73.2727,527.76900000000001,7.2028100000000004,kcat_div_KM,7.202805410473478,3.9996700000000001,264.63600000000002,66.164400000000001,kcat_div_KM,66.164458567831858,PASS_HEADER_DECLARED,ELIGIBLE,,,PASS_SUPPLIED,43c8f02722bd3138d6cbc889b75f50aba08a5bbbcb229b8209858c48106b47ce
3753,W409D,SINGLE,PRESENT,group_0708,true,2.3274599999999999,715.43899999999996,307.39100000000002,kcat_div_KM,307.39045998642297,3.9996700000000001,264.63600000000002,66.164400000000001,kcat_div_KM,66.164458567831858,PASS_HEADER_DECLARED,ELIGIBLE,,,PASS_SUPPLIED,43c8f02722bd3138d6cbc889b75f50aba08a5bbbcb229b8209858c48106b47ce
3799,W409Y,SINGLE,PRESENT,group_0709,true,3.33778,513.55499999999995,153.86099999999999,kcat_div_KM,153.86124909370898,3.9996700000000001,264.63600000000002,66.164400000000001,kcat_div_KM,66.164458567831858,PASS_HEADER_DECLARED,ELIGIBLE,,,PASS_SUPPLIED,52e8fa4230838dfb6d41959f70a2d319bc53cb90329216613355ba49a074bda9
3804,W409A,SINGLE,PRESENT,group_0710,true,10.4198,264.459,25.380400000000002,kcat_div_KM,25.380429566786312,3.9996700000000001,264.63600000000002,66.164400000000001,kcat_div_KM,66.164458567831858,PASS_HEADER_DECLARED,ELIGIBLE,,,PASS_SUPPLIED,e37116a2bed8a4cf27a7939e5d349dd6a694bed025f616b1ddb04b78195c5e04
4058,W409K,SINGLE,PRESENT,group_0226,true,3.3825769999999999,9.6153189999999995,2.8426019999999999,kcat_div_KM,2.8426016613960301,6.6764900000000003,1014.52,151.95400000000001,kcat_div_KM,151.95409564007434,PASS_HEADER_DECLARED,ELIGIBLE,,,PASS_SUPPLIED,3c72367d4e64db3139fd19d127411a7057090000e993128b0359f965a67563c8
841,Y411R,SINGLE,PRESENT,group_0369,true,1.23698,62.751600000000003,50.729799999999997,kcat_div_KM,50.729680350531133,,,,missing,,PASS_HEADER_DECLARED,ELIGIBLE,,WT_BASELINE_GLOBAL_ONLY,PASS_SUPPLIED,31cf709c840f981230ebabf940e7b9344222cb392a5a845f6d2338dc354bbebc
867,Y411R,SINGLE,PRESENT,group_0369,true,2.73739,37.812100000000001,13.8132,kcat_div_KM,13.813194320137065,,,,missing,,PASS_HEADER_DECLARED,ELIGIBLE,,WT_BASELINE_GLOBAL_ONLY,PASS_SUPPLIED,31cf709c840f981230ebabf940e7b9344222cb392a5a845f6d2338dc354bbebc
1126,K413Q,SINGLE,PRESENT,group_0051,true,5.4054599999999997,386.62700000000001,71.525300000000001,kcat_div_KM,71.525272594746795,4.2211400000000001,295.59199999999998,70.026600000000002,kcat_div_KM,70.026580497211654,PASS_HEADER_DECLARED,ELIGIBLE,,,PASS_SUPPLIED,d17a43ccd6e52be93fc63b3290020c274e5c55bc3b8ac1e62708227f80c1b5ea
345,K413R,SINGLE,PRESENT,group_0711,true,0.84827200000000003,470.82499999999999,555.03999999999996,kcat_div_KM,555.04012863798403,0.62509400000000004,375.44,600.61400000000003,kcat_div_KM,600.61366770437724,PASS_HEADER_DECLARED,ELIGIBLE,,,PASS_SUPPLIED,d71b00b811aa87993be27bfd4e9b57147fa0b5bb784899955bc311c77c09ecc4
3378,K413A,SINGLE,PRESENT,group_0180,true,7.3197999999999999,381.93799999999999,52.178800000000003,kcat_div_KM,52.178748053225497,7.4385599999999998,623.22799999999995,83.7834,kcat_div_KM,83.783420446968222,PASS_HEADER_DECLARED,ELIGIBLE,,,PASS_SUPPLIED,282fd138bd5e204c46dc30a20ebd679bbad0c090ab5755ed771370e65e6e033b
3572,R414K,SINGLE,PRESENT,group_0712,true,26.877400000000002,399.904,14.8788,kcat_div_KM,14.878820123970323,2.7378200000000001,1622.27,592.54100000000005,kcat_div_KM,592.54078062107806,PASS_HEADER_DECLARED,ELIGIBLE,,,PASS_SUPPLIED,6a6e7ced464e7bd9408db106ae7f7f84c839c544219a9bb020352c6e1b27b4ae
127,F415A,SINGLE,PLACEHOLDER_UNKNOWN,UNKNOWN,true,16.629999999999999,,,missing,,,,,missing,,PASS_HEADER_DECLARED,QUARANTINE,MISSING_REQUIRED_FIELD,MISSING_REQUIRED_FIELD,PASS_SUPPLIED,3ac6caca5ef91d20a97957b6e39ad4ec1118e2ae970558e9ded8eed1fe0d1349
128,F415N,SINGLE,PLACEHOLDER_UNKNOWN,UNKNOWN,true,,,,missing,,,,,missing,,PASS_HEADER_DECLARED,QUARANTINE,MISSING_REQUIRED_FIELD,MISSING_REQUIRED_FIELD,PASS_SUPPLIED,30c91854d22bba2e6d0ff44167c3d4cebafd0eceeb93e8bcd0a9e06f9a623901
143,F415Y,SINGLE,PLACEHOLDER_UNKNOWN,UNKNOWN,true,10.006,288.34199999999998,28.8169,kcat_div_KM,28.816909854087545,5.7009299999999996,707.70399999999995,124.13800000000001,kcat_div_KM,124.13834234063565,PASS_HEADER_DECLARED,ELIGIBLE,,MISSING_REQUIRED_FIELD,PASS_SUPPLIED,cc9ed1e1e379a15de7fcec86f85e9fa5d019d667a03f40055fc396143d3a8d44
3429,F415Y,SINGLE,PRESENT,group_0183,true,8.0469000000000008,116.337,14.4573,kcat_div_KM,14.45736867613615,4.2598099999999999,300.94299999999998,70.647000000000006,kcat_div_KM,70.647047638274941,PASS_HEADER_DECLARED,ELIGIBLE,,,PASS_SUPPLIED,cc9ed1e1e379a15de7fcec86f85e9fa5d019d667a03f40055fc396143d3a8d44
3573,F415H,SINGLE,PRESENT,group_0713,true,0.77993800000000002,9.2080800000000007,11.8062,kcat_div_KM,11.806169208321688,2.7378200000000001,1622.27,592.54100000000005,kcat_div_KM,592.54078062107806,PASS_HEADER_DECLARED,ELIGIBLE,,,PASS_SUPPLIED,8bd5b4240f49d551a740ad3965ebaf693cd61dfd1af9a1f61ef0dd5753d57151
3951,F415M,SINGLE,PRESENT,group_0714,true,30.390969999999999,19.637080000000001,0.64614870000000002,kcat_div_KM,0.64614851056086731,3.2489599999999998,220.495,67.866399999999999,kcat_div_KM,67.866332611050922,PASS_HEADER_DECLARED,ELIGIBLE,,,PASS_SUPPLIED,3352d971adf68a24a6d0b7fc1fe1a2c633358295803dcf49709e88ea939050ca
3952,F415P,SINGLE,PRESENT,group_0715,true,,,,missing,,4.7744499999999999,121.56999999999999,25.462599999999998,kcat_div_KM,25.462618730953302,PASS_HEADER_DECLARED,QUARANTINE,MISSING_REQUIRED_FIELD,,PASS_SUPPLIED,14ae6368cd07f6a87151c6e66b610b74e1fc74c3305c66541d5cdc91c3596d8f
3955,F415K,SINGLE,PRESENT,group_0716,true,,,,missing,,3.1352699999999998,134.53399999999999,42.909700000000001,kcat_div_KM,42.909861032702125,PASS_HEADER_DECLARED,QUARANTINE,MISSING_REQUIRED_FIELD,,PASS_SUPPLIED,8ef3a7a90655b7a69d6f49e10666c6c19b994fd2f81d0f5697cacd559b38ab22
3956,F415A,SINGLE,PRESENT,group_0717,true,,,,missing,,4.5695100000000002,132.464,28.988700000000001,kcat_div_KM,28.988666180837768,PASS_HEADER_DECLARED,QUARANTINE,MISSING_REQUIRED_FIELD,,PASS_SUPPLIED,3ac6caca5ef91d20a97957b6e39ad4ec1118e2ae970558e9ded8eed1fe0d1349
3957,F415I,SINGLE,PRESENT,group_0718,true,,,,missing,,3.1352699999999998,134.53399999999999,42.909700000000001,kcat_div_KM,42.909861032702125,PASS_HEADER_DECLARED,QUARANTINE,MISSING_REQUIRED_FIELD,,PASS_SUPPLIED,71d000944877f0e6f7f4ef989fa2a8d3bd3c48e832eb0ced189b428e99c4c9c4
3960,F415M,SINGLE,PRESENT,group_0719,true,7.8323299999999998,13.302239999999999,1.6983760000000001,kcat_div_KM,1.6983758345217834,4.5695100000000002,132.464,28.988700000000001,kcat_div_KM,28.988666180837768,PASS_HEADER_DECLARED,ELIGIBLE,,,PASS_SUPPLIED,3352d971adf68a24a6d0b7fc1fe1a2c633358295803dcf49709e88ea939050ca
3963,F415A,SINGLE,PRESENT,group_0207,true,,,,missing,,4.5695100000000002,132.464,28.988700000000001,kcat_div_KM,28.988666180837768,PASS_HEADER_DECLARED,QUARANTINE,MISSING_REQUIRED_FIELD,,PASS_SUPPLIED,3ac6caca5ef91d20a97957b6e39ad4ec1118e2ae970558e9ded8eed1fe0d1349
3964,F415V,SINGLE,PRESENT,group_0208,true,,,,missing,,3.1352699999999998,134.53399999999999,42.909700000000001,kcat_div_KM,42.909861032702125,PASS_HEADER_DECLARED,QUARANTINE,MISSING_REQUIRED_FIELD,,PASS_SUPPLIED,f41fc877daf85b422aa90b8cef1d5a7dc6c59c808ade89e12eb29d7076ee77b1
3967,F415D,SINGLE,PRESENT,group_0720,true,,,,missing,,4.7744499999999999,121.56999999999999,25.462599999999998,kcat_div_KM,25.462618730953302,PASS_HEADER_DECLARED,QUARANTINE,MISSING_REQUIRED_FIELD,,PASS_SUPPLIED,14a7da3ed2abd2b3273b2b3193fde4da69f54e69c7f30cf8750411212b5754aa
3968,F415W,SINGLE,PRESENT,group_0721,true,0.83845760000000003,2.0688070000000001,2.4673959999999999,kcat_div_KM,2.4673960853834469,3.2489599999999998,220.495,67.866399999999999,kcat_div_KM,67.866332611050922,PASS_HEADER_DECLARED,ELIGIBLE,,,PASS_SUPPLIED,e59551c7d54bec7a534f9938c852b144b67ecb63eb4338ec6da6dfa83f66e7c3
3969,F415T,SINGLE,PRESENT,group_0214,true,,,,missing,,3.2489599999999998,220.495,67.866399999999999,kcat_div_KM,67.866332611050922,PASS_HEADER_DECLARED,QUARANTINE,MISSING_REQUIRED_FIELD,,PASS_SUPPLIED,d96fd7de79e9819d9e9a92a14c75812f204d4cc76ba68e25b4aeedc4c6c0d671
4361,F415H,SINGLE,PRESENT,group_0025,true,59.653820000000003,39.700130000000001,0.66550849999999995,kcat_div_KM,0.66550859609661206,,,,missing,,PASS_HEADER_DECLARED,ELIGIBLE,,,PASS_SUPPLIED,8bd5b4240f49d551a740ad3965ebaf693cd61dfd1af9a1f61ef0dd5753d57151
4362,F415H,SINGLE,PRESENT,group_0025,true,49.585239999999999,31.986470000000001,0.6450804,kcat_div_KM,0.64508047152741421,2.9304600000000001,297.226,101.426,kcat_div_KM,101.42639722091413,PASS_HEADER_DECLARED,ELIGIBLE,,,PASS_SUPPLIED,8bd5b4240f49d551a740ad3965ebaf693cd61dfd1af9a1f61ef0dd5753d57151
4364,G416A,SINGLE,PRESENT,group_0025,true,1.963287,0.21985579999999999,0.1119835,kcat_div_KM,0.11198352558744594,2.9304600000000001,297.226,101.426,kcat_div_KM,101.42639722091413,PASS_HEADER_DECLARED,ELIGIBLE,,,PASS_SUPPLIED,ebf1b1580c9cb9639a71208638ba30227a44cfb74848a083c08f709a5fde9196
4365,G416A,SINGLE,PRESENT,group_0025,true,2.0474809999999999,0.27791690000000002,0.135736,kcat_div_KM,0.13573600927188093,2.9304600000000001,297.226,101.426,kcat_div_KM,101.42639722091413,PASS_HEADER_DECLARED,ELIGIBLE,,,PASS_SUPPLIED,ebf1b1580c9cb9639a71208638ba30227a44cfb74848a083c08f709a5fde9196
3859,I417H,SINGLE,PRESENT,group_0169,true,2.8090899999999999,4.22865,1.5053399999999999,kcat_div_KM,1.5053451473608892,5.9114300000000002,348.06999999999999,58.880800000000001,kcat_div_KM,58.880846089694032,PASS_HEADER_DECLARED,ELIGIBLE,,,PASS_SUPPLIED,9d34310ef64bd153eb830c77b2b6426e19a321c38ea9ab6de0842fb5a670dbfa
1131,H419Y,SINGLE,PRESENT,group_0051,true,3.8599999999999999,387.71899999999999,100.44499999999999,kcat_div_KM,100.44533678756477,4.2211400000000001,295.59199999999998,70.026600000000002,kcat_div_KM,70.026580497211654,PASS_HEADER_DECLARED,ELIGIBLE,,,PASS_SUPPLIED,469ebbcfd0983e5629a320367b48028895e60a9c40cf8e2afda8bd6d88b596b7
168,H419Y,SINGLE,PLACEHOLDER_UNKNOWN,UNKNOWN,true,5.9048100000000003,1097.5699999999999,185.87700000000001,kcat_div_KM,185.87727632218477,4.4234099999999996,666.71400000000006,150.72399999999999,kcat_div_KM,150.72398895874451,PASS_HEADER_DECLARED,ELIGIBLE,,MISSING_REQUIRED_FIELD,PASS_SUPPLIED,469ebbcfd0983e5629a320367b48028895e60a9c40cf8e2afda8bd6d88b596b7
3545,N421D,SINGLE,PRESENT,group_0722,true,4.1230399999999996,1478,358.47199999999998,kcat_div_KM,358.4733594629206,3.2098399999999998,1319.6199999999999,411.11799999999999,kcat_div_KM,411.11706502504796,PASS_HEADER_DECLARED,ELIGIBLE,,,PASS_SUPPLIED,a40c79b3b233c81f93f5eca62548356cc2b0ea2e67baed36d050d409aacbf019
3551,N421D,SINGLE,PRESENT,group_0190,true,3.5381800000000001,873.30999999999995,246.82400000000001,kcat_div_KM,246.82463865603216,3.74858,1109.3299999999999,295.93299999999999,kcat_div_KM,295.93339344498446,PASS_HEADER_DECLARED,ELIGIBLE,,,PASS_SUPPLIED,a40c79b3b233c81f93f5eca62548356cc2b0ea2e67baed36d050d409aacbf019
3555,N421D,SINGLE,PRESENT,group_0723,true,2.1337000000000002,988.61900000000003,463.33600000000001,kcat_div_KM,463.33552045742135,1.9583600000000001,898.98000000000002,459.048,kcat_div_KM,459.04736616352454,PASS_HEADER_DECLARED,ELIGIBLE,,,PASS_SUPPLIED,a40c79b3b233c81f93f5eca62548356cc2b0ea2e67baed36d050d409aacbf019
1225,Y422F,SINGLE,PRESENT,group_0059,true,30.658300000000001,183.84100000000001,5.9964500000000003,kcat_div_KM,5.9964512057093842,4.8862800000000002,272.38099999999997,55.744,kcat_div_KM,55.744042502680969,PASS_HEADER_DECLARED,ELIGIBLE,,,PASS_SUPPLIED,aecbed7e4e0ee4e5f035352d7b01acc0f054f4785c5d18045fb92c05b1d6534e
129,E423S,SINGLE,PLACEHOLDER_UNKNOWN,UNKNOWN,true,6.5999999999999996,530.38199999999995,80.314899999999994,kcat_div_KM,80.36090909090909,,,,missing,,PASS_HEADER_DECLARED,ELIGIBLE,,MISSING_REQUIRED_FIELD,PASS_SUPPLIED,9e2d34724586acfc63821e9381b5a055a0bf0899ad3237fa4594b3a478356dbd
3855,T424H,SINGLE,PRESENT,group_0240,true,6.0954300000000003,39.613,6.4988099999999998,kcat_div_KM,6.4988032017429447,,,,missing,,PASS_HEADER_DECLARED,ELIGIBLE,,,PASS_SUPPLIED,c0888e7829d1deb134f84ae1d6f29ecb3429ee972f5a87c888686accd69a5f5b
1095,R427L,SINGLE,PRESENT,group_0047,true,4.9538700000000002,380.08999999999997,76.725899999999996,kcat_div_KM,76.725872903406824,6.7414300000000003,229.22300000000001,34.002200000000002,kcat_div_KM,34.002133078590148,PASS_HEADER_DECLARED,ELIGIBLE,,,PASS_SUPPLIED,eda1a93f35cf4d401a39f4203ebef4075aaa46ab6f93f61bb7ffd623f908482e
1135,R427L,SINGLE,PRESENT,group_0047,true,4.9538700000000002,380.08999999999997,76.725899999999996,kcat_div_KM,76.725872903406824,6.7414300000000003,229.22300000000001,34.002200000000002,kcat_div_KM,34.002133078590148,PASS_HEADER_DECLARED,ELIGIBLE,,,PASS_SUPPLIED,eda1a93f35cf4d401a39f4203ebef4075aaa46ab6f93f61bb7ffd623f908482e
333,R427W,SINGLE,PRESENT,group_0724,true,0.98473200000000005,35.5608,36.112200000000001,kcat_div_KM,36.112160465994805,4.04338,471.88,116.70399999999999,kcat_div_KM,116.70434141732906,PASS_HEADER_DECLARED,ELIGIBLE,,,PASS_SUPPLIED,2f2dc821d4cbb2ef4d209239587457755a16aadd9b8432d0954215f4ad55c703
2043,R427H,SINGLE,PRESENT,group_0096,true,1.28176,1.02939,0.80310499999999996,kcat_div_KM,0.80310666583447765,6.1248800000000001,366.73200000000003,59.875799999999998,kcat_div_KM,59.875785321508346,PASS_HEADER_DECLARED,ELIGIBLE,,,PASS_SUPPLIED,b718d5626e1e927a1dcc7dd3348070f1ebb383c5e7407043486b65bdd712de1d
3222,R427H,SINGLE,PRESENT,group_0100,true,3.6853799999999999,7.2012099999999997,1.9539899999999999,kcat_div_KM,1.9539938893682605,6.3402599999999998,399.04500000000002,62.938200000000002,kcat_div_KM,62.938270670287977,PASS_HEADER_DECLARED,ELIGIBLE,,,PASS_SUPPLIED,b718d5626e1e927a1dcc7dd3348070f1ebb383c5e7407043486b65bdd712de1d
3299,R427L,SINGLE,PRESENT,group_0098,true,4.2223100000000002,371.58800000000002,88.005700000000004,kcat_div_KM,88.005854615127745,5.1783099999999997,285.79500000000002,55.190800000000003,kcat_div_KM,55.190786183136979,PASS_HEADER_DECLARED,ELIGIBLE,,,PASS_SUPPLIED,eda1a93f35cf4d401a39f4203ebef4075aaa46ab6f93f61bb7ffd623f908482e
4565,R427L,SINGLE,PRESENT,group_0047,true,6.436769,393.19470000000001,61.085720000000002,kcat_div_KM,61.085724841143126,6.2479399999999998,337.34899999999999,53.993699999999997,kcat_div_KM,53.99363630252531,PASS_HEADER_DECLARED,ELIGIBLE,,,PASS_SUPPLIED,eda1a93f35cf4d401a39f4203ebef4075aaa46ab6f93f61bb7ffd623f908482e
2524,P429A,SINGLE,PRESENT,group_0032,true,9.8103499999999997,327.197,33.352200000000003,kcat_div_KM,33.352224946102844,9.0604999999999993,1296.79,143.126,kcat_div_KM,143.12565531703549,PASS_HEADER_DECLARED,ELIGIBLE,,,PASS_SUPPLIED,9d8f53e207b2c4418793c8fa9cbe2a28d9f3e74118327f2dcedaa1da6af80a92
2064,L434S,SINGLE,PRESENT,group_0099,true,0.57439899999999999,239.03100000000001,416.13999999999999,kcat_div_KM,416.14104481379673,3.02563,275.685,91.116500000000002,kcat_div_KM,91.116560848484454,PASS_HEADER_DECLARED,ELIGIBLE,,,PASS_SUPPLIED,ea74b33e06983d0efdadbaa0885294f1260c42a5b7317a6f4c3effd5eed1e588
3441,L434S,SINGLE,PRESENT,group_0113,true,2.8098999999999998,204.751,72.867699999999999,kcat_div_KM,72.867717712374116,4.2658199999999997,262.89499999999998,61.628300000000003,kcat_div_KM,61.62824497986319,PASS_HEADER_DECLARED,ELIGIBLE,,,PASS_SUPPLIED,ea74b33e06983d0efdadbaa0885294f1260c42a5b7317a6f4c3effd5eed1e588
829,W435Y,SINGLE,PLACEHOLDER_UNKNOWN,UNKNOWN,true,7.4114599999999999,823.89400000000001,111.16500000000001,kcat_div_KM,111.16487169869364,4.3552200000000001,688.00099999999998,157.97200000000001,kcat_div_KM,157.97158352505727,PASS_HEADER_DECLARED,ELIGIBLE,,MISSING_REQUIRED_FIELD,PASS_SUPPLIED,38ba0f5fff268866f7dce7d044d10791631f1a17adf42715d2196779bfc82a06
2806,W435Y,SINGLE,PRESENT,group_0130,true,,,,missing,,3.7267600000000001,348.274,93.452299999999994,kcat_div_KM,93.452221232384161,PASS_HEADER_DECLARED,QUARANTINE,MISSING_REQUIRED_FIELD,,PASS_SUPPLIED,38ba0f5fff268866f7dce7d044d10791631f1a17adf42715d2196779bfc82a06
229,A441V,SINGLE,PLACEHOLDER_UNKNOWN,UNKNOWN,true,4.6466900000000004,859.54100000000005,184.97900000000001,kcat_div_KM,184.97920024791841,6.2188800000000004,625.34699999999998,100.556,kcat_div_KM,100.55620947823401,PASS_HEADER_DECLARED,ELIGIBLE,,MISSING_REQUIRED_FIELD,PASS_SUPPLIED,bb6881e0dceb2e29fa267e66f8c231bbebea2469023fb0378ba96adeacb6b65f
